subreddit,kategorie,zielgruppe,audience_type,quelle_der_liste,entscheidung,prioritaet,research_role,scan_now,aktivitaet,aktivitaet_confidence,aktivitaet_basis,dach_transfer,sensitive_data_risk,research_angle,warum,pilot_posts,legacy_members,legacy_growth_per_year,legacy_self_promo,legacy_prio_score,source_url,activity_check_url,verified_at,notes,strict_relevance,strict_reason,recommended_action,strict_pilot_posts
r/AccountingDepartment,Accounting_Tax_Finance,"Buchhalter, Steuerprofis, FP&A, Auditoren, Versicherungs- und Finanzprofis",PRACTITIONER / OWNER / BUYER,EXPANSION_314,BRAUCHEN_CORE,A,PRIMARY_DISCOVERY,JA,ACTIVE_VERIFIED_2026-09,HIGH,Current /new feed checked via web in Sep 2026,HIGH,LOW,"Buchhaltung, Reporting, Compliance, Abstimmung, Dokumente, Softwarewechsel, Mandantenprozesse",Sehr guter Practitioner-/Business-Kandidat für Pain-Point-Research.,500,,,,,https://www.reddit.com/r/AccountingDepartment/,https://www.reddit.com/r/AccountingDepartment/new/,2026-09-18,Current /new feed checked via web in Sep 2026,CORE,"Profession/business/operator-oriented community with recurring workflows, software/process spend and identifiable buyers.",SCAN_PILOT_NOW,300
r/actuary,Accounting_Tax_Finance,"Buchhalter, Steuerprofis, FP&A, Auditoren, Versicherungs- und Finanzprofis",PRACTITIONER / OWNER / BUYER,EXPANSION_314,BRAUCHEN_CORE,A,PRIMARY_DISCOVERY,JA,ACTIVE_VERIFIED_2026-09,HIGH,Current /new feed checked via web in Sep 2026,HIGH,LOW,"Buchhaltung, Reporting, Compliance, Abstimmung, Dokumente, Softwarewechsel, Mandantenprozesse",Sehr guter Practitioner-/Business-Kandidat für Pain-Point-Research.,500,,,,,https://www.reddit.com/r/actuary/,https://www.reddit.com/r/actuary/new/,2026-09-18,Current /new feed checked via web in Sep 2026,CORE,"Profession/business/operator-oriented community with recurring workflows, software/process spend and identifiable buyers.",SCAN_PILOT_NOW,300
r/Big4,Accounting_Tax_Finance,"Buchhalter, Steuerprofis, FP&A, Auditoren, Versicherungs- und Finanzprofis",PRACTITIONER / OWNER / BUYER,EXPANSION_314,BRAUCHEN_CORE,A,PRIMARY_DISCOVERY,JA,ACTIVE_VERIFIED_2026-09,HIGH,Current /new feed checked via web in Sep 2026,HIGH,LOW,"Buchhaltung, Reporting, Compliance, Abstimmung, Dokumente, Softwarewechsel, Mandantenprozesse",Sehr guter Practitioner-/Business-Kandidat für Pain-Point-Research.,500,,,,,https://www.reddit.com/r/Big4/,https://www.reddit.com/r/Big4/new/,2026-09-18,Current /new feed checked via web in Sep 2026,CORE,"Profession/business/operator-oriented community with recurring workflows, software/process spend and identifiable buyers.",SCAN_PILOT_NOW,300
r/Bookkeeping,Accounting_Tax_Finance,"Buchhalter, Steuerprofis, FP&A, Auditoren, Versicherungs- und Finanzprofis",PRACTITIONER / OWNER / BUYER,EXPANSION_314,BRAUCHEN_CORE,A,PRIMARY_DISCOVERY,JA,ACTIVE_VERIFIED_2026-09,HIGH,Current /new feed checked via web in Sep 2026,HIGH,LOW,"Buchhaltung, Reporting, Compliance, Abstimmung, Dokumente, Softwarewechsel, Mandantenprozesse",Sehr guter Practitioner-/Business-Kandidat für Pain-Point-Research.,500,,,,,https://www.reddit.com/r/Bookkeeping/,https://www.reddit.com/r/Bookkeeping/new/,2026-09-18,Current /new feed checked via web in Sep 2026,CORE,"Profession/business/operator-oriented community with recurring workflows, software/process spend and identifiable buyers.",SCAN_PILOT_NOW,300
r/CommercialRealEstate,Accounting_Tax_Finance,"Buchhalter, Steuerprofis, FP&A, Auditoren, Versicherungs- und Finanzprofis",PRACTITIONER / OWNER / BUYER,EXPANSION_314,BRAUCHEN_CORE,A,PRIMARY_DISCOVERY,JA,ACTIVE_VERIFIED_2026-09,HIGH,Current /new feed checked via web in Sep 2026,HIGH,LOW,"Buchhaltung, Reporting, Compliance, Abstimmung, Dokumente, Softwarewechsel, Mandantenprozesse",Sehr guter Practitioner-/Business-Kandidat für Pain-Point-Research.,500,,,,,https://www.reddit.com/r/CommercialRealEstate/,https://www.reddit.com/r/CommercialRealEstate/new/,2026-09-18,Current /new feed checked via web in Sep 2026,CORE,"Profession/business/operator-oriented community with recurring workflows, software/process spend and identifiable buyers.",SCAN_PILOT_NOW,300
r/FPandA,Accounting_Tax_Finance,"Buchhalter, Steuerprofis, FP&A, Auditoren, Versicherungs- und Finanzprofis",PRACTITIONER / OWNER / BUYER,EXPANSION_314,BRAUCHEN_CORE,A,PRIMARY_DISCOVERY,JA,ACTIVE_VERIFIED_2026-09,HIGH,Current /new feed checked via web in Sep 2026,HIGH,LOW,"Buchhaltung, Reporting, Compliance, Abstimmung, Dokumente, Softwarewechsel, Mandantenprozesse",Sehr guter Practitioner-/Business-Kandidat für Pain-Point-Research.,500,,,,,https://www.reddit.com/r/FPandA/,https://www.reddit.com/r/FPandA/new/,2026-09-18,Current /new feed checked via web in Sep 2026,CORE,"Profession/business/operator-oriented community with recurring workflows, software/process spend and identifiable buyers.",SCAN_PILOT_NOW,300
r/InsuranceAgent,Accounting_Tax_Finance,"Buchhalter, Steuerprofis, FP&A, Auditoren, Versicherungs- und Finanzprofis",PRACTITIONER / OWNER / BUYER,EXPANSION_314,BRAUCHEN_CORE,A,PRIMARY_DISCOVERY,JA,ACTIVE_VERIFIED_2026-09,HIGH,Current /new feed checked via web in Sep 2026,HIGH,LOW,"Buchhaltung, Reporting, Compliance, Abstimmung, Dokumente, Softwarewechsel, Mandantenprozesse",Sehr guter Practitioner-/Business-Kandidat für Pain-Point-Research.,500,,,,,https://www.reddit.com/r/InsuranceAgent/,https://www.reddit.com/r/InsuranceAgent/new/,2026-09-18,Current /new feed checked via web in Sep 2026,CORE,"Profession/business/operator-oriented community with recurring workflows, software/process spend and identifiable buyers.",SCAN_PILOT_NOW,300
r/InternalAudit,Accounting_Tax_Finance,"Buchhalter, Steuerprofis, FP&A, Auditoren, Versicherungs- und Finanzprofis",PRACTITIONER / OWNER / BUYER,EXPANSION_314,BRAUCHEN_CORE,A,PRIMARY_DISCOVERY,JA,ACTIVE_VERIFIED_2026-09,HIGH,Current /new feed checked via web in Sep 2026,HIGH,LOW,"Buchhaltung, Reporting, Compliance, Abstimmung, Dokumente, Softwarewechsel, Mandantenprozesse",Sehr guter Practitioner-/Business-Kandidat für Pain-Point-Research.,500,,,,,https://www.reddit.com/r/InternalAudit/,https://www.reddit.com/r/InternalAudit/new/,2026-09-18,Current /new feed checked via web in Sep 2026,CORE,"Profession/business/operator-oriented community with recurring workflows, software/process spend and identifiable buyers.",SCAN_PILOT_NOW,300
r/CommercialFishing,Agriculture_OutdoorsBusiness,"Landwirte, Rancher, Forst, Gartenbau, Hydroponik und kommerzielle Outdoor-Berufe",PRACTITIONER / OWNER / PROSUMER,EXPANSION_314,BRAUCHEN_TESTEN,B,EXPLORATION,JA,ACTIVE_NICHE_VERIFIED_2026-09,HIGH,Current /new feed checked via web in Sep 2026,HIGH,LOW,"Planung, Maschinen, Wartung, Inventar, Ernte, Dokumentation, Wetter, Beschaffung",Sinnvoller Exploration-Pilot; Research-Yield messen.,250,,,,,https://www.reddit.com/r/CommercialFishing/,https://www.reddit.com/r/CommercialFishing/new/,2026-09-18,Current /new feed checked via web in Sep 2026,CORE,"Profession/business/operator-oriented community with recurring workflows, software/process spend and identifiable buyers.",SCAN_PILOT_NOW,300
r/Farmers,Agriculture_OutdoorsBusiness,"Landwirte, Rancher, Forst, Gartenbau, Hydroponik und kommerzielle Outdoor-Berufe",PRACTITIONER / OWNER / PROSUMER,EXPANSION_314,BRAUCHEN_CORE,A,PRIMARY_DISCOVERY,JA,ACTIVE_NICHE_VERIFIED_2026-09,HIGH,Current /new feed checked via web in Sep 2026,HIGH,LOW,"Planung, Maschinen, Wartung, Inventar, Ernte, Dokumentation, Wetter, Beschaffung",Sehr guter Practitioner-/Business-Kandidat für Pain-Point-Research.,500,,,,,https://www.reddit.com/r/Farmers/,https://www.reddit.com/r/Farmers/new/,2026-09-18,Current /new feed checked via web in Sep 2026,CORE,"Profession/business/operator-oriented community with recurring workflows, software/process spend and identifiable buyers.",SCAN_PILOT_NOW,300
r/farming,Agriculture_OutdoorsBusiness,"Landwirte, Rancher, Forst, Gartenbau, Hydroponik und kommerzielle Outdoor-Berufe",PRACTITIONER / OWNER / PROSUMER,EXPANSION_314,BRAUCHEN_CORE,A,PRIMARY_DISCOVERY,JA,ACTIVE_VERIFIED_2026-09,HIGH,Current /new feed checked via web in Sep 2026,HIGH,LOW,"Planung, Maschinen, Wartung, Inventar, Ernte, Dokumentation, Wetter, Beschaffung",Sehr guter Practitioner-/Business-Kandidat für Pain-Point-Research.,500,,,,,https://www.reddit.com/r/farming/,https://www.reddit.com/r/farming/new/,2026-09-18,Current /new feed checked via web in Sep 2026,CORE,"Profession/business/operator-oriented community with recurring workflows, software/process spend and identifiable buyers.",SCAN_PILOT_NOW,300
r/forestry,Agriculture_OutdoorsBusiness,"Landwirte, Rancher, Forst, Gartenbau, Hydroponik und kommerzielle Outdoor-Berufe",PRACTITIONER / OWNER / PROSUMER,EXPANSION_314,BRAUCHEN_TESTEN,B,EXPLORATION,JA,ACTIVE_VERIFIED_2026-09,HIGH,Current /new feed checked via web in Sep 2026,HIGH,LOW,"Planung, Maschinen, Wartung, Inventar, Ernte, Dokumentation, Wetter, Beschaffung",Sinnvoller Exploration-Pilot; Research-Yield messen.,250,,,,,https://www.reddit.com/r/forestry/,https://www.reddit.com/r/forestry/new/,2026-09-18,Current /new feed checked via web in Sep 2026,CORE,"Profession/business/operator-oriented community with recurring workflows, software/process spend and identifiable buyers.",SCAN_PILOT_NOW,300
r/greenhouses,Agriculture_OutdoorsBusiness,"Landwirte, Rancher, Forst, Gartenbau, Hydroponik und kommerzielle Outdoor-Berufe",PRACTITIONER / OWNER / PROSUMER,EXPANSION_314,BRAUCHEN_TESTEN,B,EXPLORATION,JA,ACTIVE_NICHE_VERIFIED_2026-09,HIGH,Current /new feed checked via web in Sep 2026,HIGH,LOW,"Planung, Maschinen, Wartung, Inventar, Ernte, Dokumentation, Wetter, Beschaffung",Sinnvoller Exploration-Pilot; Research-Yield messen.,250,,,,,https://www.reddit.com/r/greenhouses/,https://www.reddit.com/r/greenhouses/new/,2026-09-18,Current /new feed checked via web in Sep 2026,CORE,"Profession/business/operator-oriented community with recurring workflows, software/process spend and identifiable buyers.",SCAN_PILOT_NOW,300
r/homestead,Agriculture_OutdoorsBusiness,"Landwirte, Rancher, Forst, Gartenbau, Hydroponik und kommerzielle Outdoor-Berufe",PRACTITIONER / OWNER / PROSUMER,EXPANSION_314,BRAUCHEN_TESTEN,B,EXPLORATION,JA,ACTIVE_VERIFIED_2026-09,HIGH,Current /new feed checked via web in Sep 2026,HIGH,LOW,"Planung, Maschinen, Wartung, Inventar, Ernte, Dokumentation, Wetter, Beschaffung",Sinnvoller Exploration-Pilot; Research-Yield messen.,250,,,,,https://www.reddit.com/r/homestead/,https://www.reddit.com/r/homestead/new/,2026-09-18,Current /new feed checked via web in Sep 2026,CORE,"Profession/business/operator-oriented community with recurring workflows, software/process spend and identifiable buyers.",SCAN_PILOT_NOW,300
r/Homesteading,Agriculture_OutdoorsBusiness,"Landwirte, Rancher, Forst, Gartenbau, Hydroponik und kommerzielle Outdoor-Berufe",PRACTITIONER / OWNER / PROSUMER,EXPANSION_314,BRAUCHEN_TESTEN,B,EXPLORATION,JA,ACTIVE_VERIFIED_2026-09,HIGH,Current /new feed checked via web in Sep 2026,HIGH,LOW,"Planung, Maschinen, Wartung, Inventar, Ernte, Dokumentation, Wetter, Beschaffung",Sinnvoller Exploration-Pilot; Research-Yield messen.,250,,,,,https://www.reddit.com/r/Homesteading/,https://www.reddit.com/r/Homesteading/new/,2026-09-18,Current /new feed checked via web in Sep 2026,CORE,"Profession/business/operator-oriented community with recurring workflows, software/process spend and identifiable buyers.",SCAN_PILOT_NOW,300
r/horticulture,Agriculture_OutdoorsBusiness,"Landwirte, Rancher, Forst, Gartenbau, Hydroponik und kommerzielle Outdoor-Berufe",PRACTITIONER / OWNER / PROSUMER,EXPANSION_314,BRAUCHEN_TESTEN,B,EXPLORATION,JA,ACTIVE_NICHE_VERIFIED_2026-09,HIGH,Current /new feed checked via web in Sep 2026,HIGH,LOW,"Planung, Maschinen, Wartung, Inventar, Ernte, Dokumentation, Wetter, Beschaffung",Sinnvoller Exploration-Pilot; Research-Yield messen.,250,,,,,https://www.reddit.com/r/horticulture/,https://www.reddit.com/r/horticulture/new/,2026-09-18,Current /new feed checked via web in Sep 2026,CORE,"Profession/business/operator-oriented community with recurring workflows, software/process spend and identifiable buyers.",SCAN_PILOT_NOW,300
r/Hydroponics,Agriculture_OutdoorsBusiness,"Landwirte, Rancher, Forst, Gartenbau, Hydroponik und kommerzielle Outdoor-Berufe",PRACTITIONER / OWNER / PROSUMER,EXPANSION_314,BRAUCHEN_TESTEN,B,EXPLORATION,JA,ACTIVE_VERIFIED_2026-09,HIGH,Current /new feed checked via web in Sep 2026,HIGH,LOW,"Planung, Maschinen, Wartung, Inventar, Ernte, Dokumentation, Wetter, Beschaffung",Sinnvoller Exploration-Pilot; Research-Yield messen.,250,,,,,https://www.reddit.com/r/Hydroponics/,https://www.reddit.com/r/Hydroponics/new/,2026-09-18,Current /new feed checked via web in Sep 2026,CORE,"Profession/business/operator-oriented community with recurring workflows, software/process spend and identifiable buyers.",SCAN_PILOT_NOW,300
r/ranching,Agriculture_OutdoorsBusiness,"Landwirte, Rancher, Forst, Gartenbau, Hydroponik und kommerzielle Outdoor-Berufe",PRACTITIONER / OWNER / PROSUMER,EXPANSION_314,BRAUCHEN_CORE,A,PRIMARY_DISCOVERY,JA,ACTIVE_VERIFIED_2026-09,HIGH,Current /new feed checked via web in Sep 2026,HIGH,LOW,"Planung, Maschinen, Wartung, Inventar, Ernte, Dokumentation, Wetter, Beschaffung",Sehr guter Practitioner-/Business-Kandidat für Pain-Point-Research.,500,,,,,https://www.reddit.com/r/ranching/,https://www.reddit.com/r/ranching/new/,2026-09-18,Current /new feed checked via web in Sep 2026,CORE,"Profession/business/operator-oriented community with recurring workflows, software/process spend and identifiable buyers.",SCAN_PILOT_NOW,300
r/tractors,Agriculture_OutdoorsBusiness,"Landwirte, Rancher, Forst, Gartenbau, Hydroponik und kommerzielle Outdoor-Berufe",PRACTITIONER / OWNER / PROSUMER,EXPANSION_314,BRAUCHEN_TESTEN,B,EXPLORATION,JA,ACTIVE_VERIFIED_2026-09,HIGH,Current /new feed checked via web in Sep 2026,HIGH,LOW,"Planung, Maschinen, Wartung, Inventar, Ernte, Dokumentation, Wetter, Beschaffung",Sinnvoller Exploration-Pilot; Research-Yield messen.,250,,,,,https://www.reddit.com/r/tractors/,https://www.reddit.com/r/tractors/new/,2026-09-18,Current /new feed checked via web in Sep 2026,CORE,"Profession/business/operator-oriented community with recurring workflows, software/process spend and identifiable buyers.",SCAN_PILOT_NOW,300
r/airbnb_hosts,Airbnb_STR,Airbnb-/Kurzzeit-Vermieter,MIXED,LEGACY_647,BRAUCHEN_CORE,A,PRIMARY_DISCOVERY,JA,WAHRSCHEINLICH_AKTIV_PROXY,MEDIUM,Aktivität aus gelieferten Mitglieder-/Wachstumsdaten abgeleitet; nicht live verifiziert.,HIGH,LOW,,"Berufs-/Business-Community mit hoher Chance auf konkrete Workflow-, Software- und Zahlungsprobleme.",500,134000,37000,Eingeschraenkt,4.303,https://www.reddit.com/r/airbnb_hosts/,https://www.reddit.com/r/airbnb_hosts/new/,,Legacy-Seed: Entscheidung neu bewertet; Aktivität bei fehlendem Live-Check nur als Proxy markiert.,CORE,"Profession/business/operator-oriented community with recurring workflows, software/process spend and identifiable buyers.",VERIFY_ACTIVITY_THEN_SCAN,0
r/AirBnBHosts,Airbnb_STR,Airbnb-/Kurzzeit-Vermieter,MIXED,LEGACY_647,BRAUCHEN_CORE,A,PRIMARY_DISCOVERY,JA,WAHRSCHEINLICH_AKTIV_PROXY,MEDIUM,Aktivität aus gelieferten Mitglieder-/Wachstumsdaten abgeleitet; nicht live verifiziert.,HIGH,LOW,,"Branchen-/Business-Kontext; hohe Chance auf wiederkehrende Prozesse, Tool-Probleme und konkrete Workarounds.",500,25000,8000,Eingeschraenkt,3.762,https://www.reddit.com/r/AirBnBHosts/,https://www.reddit.com/r/AirBnBHosts/new/,,Legacy-Seed: Entscheidung neu bewertet; Aktivität bei fehlendem Live-Check nur als Proxy markiert.,CORE,"Profession/business/operator-oriented community with recurring workflows, software/process spend and identifiable buyers.",VERIFY_ACTIVITY_THEN_SCAN,0
r/AirBnBInvesting,Airbnb_STR,Airbnb-/Kurzzeit-Vermieter,MIXED,LEGACY_647,BRAUCHEN_CORE,A,PRIMARY_DISCOVERY,NEIN_BIS_GEPRUEFT,PRUEFEN,LOW,Sehr kleine Community laut Legacy-Daten; vor Scan live prüfen.,HIGH,LOW,,"Branchen-/Business-Kontext; hohe Chance auf wiederkehrende Prozesse, Tool-Probleme und konkrete Workarounds.",500,328,,Eingeschraenkt,2.499,https://www.reddit.com/r/AirBnBInvesting/,https://www.reddit.com/r/AirBnBInvesting/new/,,Legacy-Seed: Entscheidung neu bewertet; Aktivität bei fehlendem Live-Check nur als Proxy markiert.,CORE,"Profession/business/operator-oriented community with recurring workflows, software/process spend and identifiable buyers.",VERIFY_ACTIVITY_THEN_SCAN,0
r/AirBnbManagement,Airbnb_STR,Airbnb-/Kurzzeit-Vermieter,MIXED,LEGACY_647,BRAUCHEN_CORE,A,PRIMARY_DISCOVERY,NEIN_BIS_GEPRUEFT,PRUEFEN,LOW,Sehr kleine Community laut Legacy-Daten; vor Scan live prüfen.,HIGH,LOW,,"Branchen-/Business-Kontext; hohe Chance auf wiederkehrende Prozesse, Tool-Probleme und konkrete Workarounds.",500,998,,Eingeschraenkt,2.64,https://www.reddit.com/r/AirBnbManagement/,https://www.reddit.com/r/AirBnbManagement/new/,,Legacy-Seed: Entscheidung neu bewertet; Aktivität bei fehlendem Live-Check nur als Proxy markiert.,CORE,"Profession/business/operator-oriented community with recurring workflows, software/process spend and identifiable buyers.",VERIFY_ACTIVITY_THEN_SCAN,0
r/learnairbnb,Airbnb_STR,Airbnb-/Kurzzeit-Vermieter,MIXED,LEGACY_647,BRAUCHEN_CORE,A,PRIMARY_DISCOVERY,NEIN_BIS_GEPRUEFT,PRUEFEN,LOW,Sehr kleine Community laut Legacy-Daten; vor Scan live prüfen.,HIGH,LOW,,"Branchen-/Business-Kontext; hohe Chance auf wiederkehrende Prozesse, Tool-Probleme und konkrete Workarounds.",500,434,,Eingeschraenkt,2.525,https://www.reddit.com/r/learnairbnb/,https://www.reddit.com/r/learnairbnb/new/,,Legacy-Seed: Entscheidung neu bewertet; Aktivität bei fehlendem Live-Check nur als Proxy markiert.,CORE,"Profession/business/operator-oriented community with recurring workflows, software/process spend and identifiable buyers.",VERIFY_ACTIVITY_THEN_SCAN,0
r/rentalproperties,Airbnb_STR,Airbnb-/Kurzzeit-Vermieter,MIXED,LEGACY_647,BRAUCHEN_CORE,A,PRIMARY_DISCOVERY,NEIN_BIS_GEPRUEFT,PRUEFEN,LOW,Sehr kleine Community laut Legacy-Daten; vor Scan live prüfen.,HIGH,LOW,,"Branchen-/Business-Kontext; hohe Chance auf wiederkehrende Prozesse, Tool-Probleme und konkrete Workarounds.",500,584,,Eingeschraenkt,2.56,https://www.reddit.com/r/rentalproperties/,https://www.reddit.com/r/rentalproperties/new/,,Legacy-Seed: Entscheidung neu bewertet; Aktivität bei fehlendem Live-Check nur als Proxy markiert.,CORE,"Profession/business/operator-oriented community with recurring workflows, software/process spend and identifiable buyers.",VERIFY_ACTIVITY_THEN_SCAN,0
r/ShortTermRentals,Airbnb_STR,Airbnb-/Kurzzeit-Vermieter,MIXED,LEGACY_647,BRAUCHEN_CORE,A,PRIMARY_DISCOVERY,JA,WAHRSCHEINLICH_AKTIV_PROXY,MEDIUM,Aktivität aus gelieferten Mitglieder-/Wachstumsdaten abgeleitet; nicht live verifiziert.,HIGH,LOW,,"Berufs-/Business-Community mit hoher Chance auf konkrete Workflow-, Software- und Zahlungsprobleme.",500,13000,8000,Eingeschraenkt,3.76,https://www.reddit.com/r/ShortTermRentals/,https://www.reddit.com/r/ShortTermRentals/new/,,Legacy-Seed: Entscheidung neu bewertet; Aktivität bei fehlendem Live-Check nur als Proxy markiert.,CORE,"Profession/business/operator-oriented community with recurring workflows, software/process spend and identifiable buyers.",VERIFY_ACTIVITY_THEN_SCAN,0
r/Autobody,Automotive,"Werkstätten, Mechaniker, Karosserie, Detailer und Fahrzeugtechnik",PRACTITIONER / OWNER / HOBBY_PROSUMER,EXPANSION_314,BRAUCHEN_CORE,A,PRIMARY_DISCOVERY,JA,ACTIVE_VERIFIED_2026-09,HIGH,Current /new feed checked via web in Sep 2026,HIGH,LOW,"Diagnose, Aufträge, Teile, Termine, Dokumentation, Kalkulation, Kundenkommunikation",Sehr guter Practitioner-/Business-Kandidat für Pain-Point-Research.,500,,,,,https://www.reddit.com/r/Autobody/,https://www.reddit.com/r/Autobody/new/,2026-09-18,Current /new feed checked via web in Sep 2026,CORE,"Profession/business/operator-oriented community with recurring workflows, software/process spend and identifiable buyers.",SCAN_PILOT_NOW,300
r/AutoDetailingBusiness,Automotive,Auto detailing businesses,PRACTITIONER / OWNER / BUYER,NEW_RECHECK_CANDIDATE,PRUEFEN,R,RECHECK,NEIN_BIS_GEPRUEFT,PRUEFEN,LOW,Web check returned unavailable/internal error; existence/activity not safely confirmed.,MEDIUM,LOW,,"Thematisch potenziell sehr wertvoll, aber vor automatischem Scan zuerst Existenz/Aktivität erneut prüfen.",0,,,,,https://www.reddit.com/r/AutoDetailingBusiness/,https://www.reddit.com/r/AutoDetailingBusiness/new/,,"Nicht automatisch scannen, bis der Source-Health-Check erfolgreich war.",CORE,"Profession/business/operator-oriented community with recurring workflows, software/process spend and identifiable buyers.",VERIFY_ACTIVITY_THEN_SCAN,0
r/AutoMechanics,Automotive,"Werkstätten, Mechaniker, Karosserie, Detailer und Fahrzeugtechnik",PRACTITIONER / OWNER / HOBBY_PROSUMER,EXPANSION_314,BRAUCHEN_CORE,A,PRIMARY_DISCOVERY,JA,ACTIVE_VERIFIED_2026-09,HIGH,Current /new feed checked via web in Sep 2026,HIGH,LOW,"Diagnose, Aufträge, Teile, Termine, Dokumentation, Kalkulation, Kundenkommunikation",Sehr guter Practitioner-/Business-Kandidat für Pain-Point-Research.,500,,,,,https://www.reddit.com/r/AutoMechanics/,https://www.reddit.com/r/AutoMechanics/new/,2026-09-18,Current /new feed checked via web in Sep 2026,CORE,"Profession/business/operator-oriented community with recurring workflows, software/process spend and identifiable buyers.",SCAN_PILOT_NOW,300
r/CarAV,Automotive,"Werkstätten, Mechaniker, Karosserie, Detailer und Fahrzeugtechnik",PRACTITIONER / OWNER / HOBBY_PROSUMER,EXPANSION_314,BRAUCHEN_TESTEN,B,EXPLORATION,JA,ACTIVE_VERIFIED_2026-09,HIGH,Current /new feed checked via web in Sep 2026,HIGH,LOW,"Diagnose, Aufträge, Teile, Termine, Dokumentation, Kalkulation, Kundenkommunikation",Sinnvoller Exploration-Pilot; Research-Yield messen.,250,,,,,https://www.reddit.com/r/CarAV/,https://www.reddit.com/r/CarAV/new/,2026-09-18,Current /new feed checked via web in Sep 2026,CORE,"Profession/business/operator-oriented community with recurring workflows, software/process spend and identifiable buyers.",SCAN_PILOT_NOW,300
r/Detailing,Automotive,"Werkstätten, Mechaniker, Karosserie, Detailer und Fahrzeugtechnik",PRACTITIONER / OWNER / HOBBY_PROSUMER,EXPANSION_314,BRAUCHEN_CORE,A,PRIMARY_DISCOVERY,JA,ACTIVE_VERIFIED_2026-09,HIGH,Current /new feed checked via web in Sep 2026,HIGH,LOW,"Diagnose, Aufträge, Teile, Termine, Dokumentation, Kalkulation, Kundenkommunikation",Sehr guter Practitioner-/Business-Kandidat für Pain-Point-Research.,500,,,,,https://www.reddit.com/r/Detailing/,https://www.reddit.com/r/Detailing/new/,2026-09-18,Current /new feed checked via web in Sep 2026,CORE,"Profession/business/operator-oriented community with recurring workflows, software/process spend and identifiable buyers.",SCAN_PILOT_NOW,300
r/DieselTechs,Automotive,"Werkstätten, Mechaniker, Karosserie, Detailer und Fahrzeugtechnik",PRACTITIONER / OWNER / HOBBY_PROSUMER,EXPANSION_314,BRAUCHEN_CORE,A,PRIMARY_DISCOVERY,JA,ACTIVE_VERIFIED_2026-09,HIGH,Current /new feed checked via web in Sep 2026,HIGH,LOW,"Diagnose, Aufträge, Teile, Termine, Dokumentation, Kalkulation, Kundenkommunikation",Sehr guter Practitioner-/Business-Kandidat für Pain-Point-Research.,500,,,,,https://www.reddit.com/r/DieselTechs/,https://www.reddit.com/r/DieselTechs/new/,2026-09-18,Current /new feed checked via web in Sep 2026,CORE,"Profession/business/operator-oriented community with recurring workflows, software/process spend and identifiable buyers.",SCAN_PILOT_NOW,300
r/Justrolledintotheshop,Automotive,"Werkstätten, Mechaniker, Karosserie, Detailer und Fahrzeugtechnik",PRACTITIONER / OWNER / HOBBY_PROSUMER,EXPANSION_314,BRAUCHEN_TESTEN,B,EXPLORATION,JA,ACTIVE_VERIFIED_2026-09,HIGH,Current /new feed checked via web in Sep 2026,HIGH,LOW,"Diagnose, Aufträge, Teile, Termine, Dokumentation, Kalkulation, Kundenkommunikation",Sinnvoller Exploration-Pilot; Research-Yield messen.,250,,,,,https://www.reddit.com/r/Justrolledintotheshop/,https://www.reddit.com/r/Justrolledintotheshop/new/,2026-09-18,Current /new feed checked via web in Sep 2026,CORE,"Profession/business/operator-oriented community with recurring workflows, software/process spend and identifiable buyers.",SCAN_PILOT_NOW,300
r/MobileDetailingBusiness,Automotive,Mobile detailing businesses,PRACTITIONER / OWNER / BUYER,NEW_RECHECK_CANDIDATE,PRUEFEN,R,RECHECK,NEIN_BIS_GEPRUEFT,PRUEFEN,LOW,Web check returned unavailable/internal error; existence/activity not safely confirmed.,MEDIUM,LOW,,"Thematisch potenziell sehr wertvoll, aber vor automatischem Scan zuerst Existenz/Aktivität erneut prüfen.",0,,,,,https://www.reddit.com/r/MobileDetailingBusiness/,https://www.reddit.com/r/MobileDetailingBusiness/new/,,"Nicht automatisch scannen, bis der Source-Health-Check erfolgreich war.",CORE,"Profession/business/operator-oriented community with recurring workflows, software/process spend and identifiable buyers.",VERIFY_ACTIVITY_THEN_SCAN,0
r/MotorcycleMechanics,Automotive,"Werkstätten, Mechaniker, Karosserie, Detailer und Fahrzeugtechnik",PRACTITIONER / OWNER / HOBBY_PROSUMER,EXPANSION_314,BRAUCHEN_CORE,A,PRIMARY_DISCOVERY,JA,ACTIVE_NICHE_VERIFIED_2026-09,HIGH,Current /new feed checked via web in Sep 2026,HIGH,LOW,"Diagnose, Aufträge, Teile, Termine, Dokumentation, Kalkulation, Kundenkommunikation",Sehr guter Practitioner-/Business-Kandidat für Pain-Point-Research.,500,,,,,https://www.reddit.com/r/MotorcycleMechanics/,https://www.reddit.com/r/MotorcycleMechanics/new/,2026-09-18,Current /new feed checked via web in Sep 2026,CORE,"Profession/business/operator-oriented community with recurring workflows, software/process spend and identifiable buyers.",SCAN_PILOT_NOW,300
r/Tires,Automotive,"Werkstätten, Mechaniker, Karosserie, Detailer und Fahrzeugtechnik",PRACTITIONER / OWNER / HOBBY_PROSUMER,EXPANSION_314,BRAUCHEN_TESTEN,B,EXPLORATION,JA,ACTIVE_VERIFIED_2026-09,HIGH,Current /new feed checked via web in Sep 2026,HIGH,LOW,"Diagnose, Aufträge, Teile, Termine, Dokumentation, Kalkulation, Kundenkommunikation",Sinnvoller Exploration-Pilot; Research-Yield messen.,250,,,,,https://www.reddit.com/r/Tires/,https://www.reddit.com/r/Tires/new/,2026-09-18,Current /new feed checked via web in Sep 2026,CORE,"Profession/business/operator-oriented community with recurring workflows, software/process spend and identifiable buyers.",SCAN_PILOT_NOW,300
r/CustomerSuccess,B2B_Operations,Customer-success professionals,PRACTITIONER / OWNER / BUYER,NEW_WEB_RESEARCH,BRAUCHEN_CORE,A,PRIMARY_DISCOVERY,JA,ACTIVE_VERIFIED_2026-09,HIGH,Reddit /new page checked via web research in September 2026.,HIGH,LOW,"Onboarding, renewals, health scoring, handoffs, reporting, CRM",Aktive spezialisierte Berufs-/Business-Community mit konkreten operativen Workflows.,500,,,,,https://www.reddit.com/r/CustomerSuccess/,https://www.reddit.com/r/CustomerSuccess/new/,2026-09-18,Zusätzlich nach der 314er-Erweiterung gefunden und gegen vorhandene Namen dedupliziert.,CORE,"Profession/business/operator-oriented community with recurring workflows, software/process spend and identifiable buyers.",SCAN_PILOT_NOW,300
r/OperationsManagement,B2B_Operations,Operations managers,PRACTITIONER / OWNER / BUYER,NEW_RECHECK_CANDIDATE,PRUEFEN,R,RECHECK,NEIN_BIS_GEPRUEFT,PRUEFEN,LOW,Web check returned unavailable/internal error; existence/activity not safely confirmed.,HIGH,LOW,,"Thematisch potenziell sehr wertvoll, aber vor automatischem Scan zuerst Existenz/Aktivität erneut prüfen.",0,,,,,https://www.reddit.com/r/OperationsManagement/,https://www.reddit.com/r/OperationsManagement/new/,,"Nicht automatisch scannen, bis der Source-Health-Check erfolgreich war.",CORE,"Profession/business/operator-oriented community with recurring workflows, software/process spend and identifiable buyers.",VERIFY_ACTIVITY_THEN_SCAN,0
r/RevOps,B2B_Operations,Revenue operations professionals,PRACTITIONER / OWNER / BUYER,NEW_WEB_RESEARCH,BRAUCHEN_CORE,A,PRIMARY_DISCOVERY,JA,ACTIVE_VERIFIED_2026-09,HIGH,Reddit /new page checked via web research in September 2026.,HIGH,LOW,"CRM hygiene, attribution, handoffs, reporting, integrations",Aktive spezialisierte Berufs-/Business-Community mit konkreten operativen Workflows.,500,,,,,https://www.reddit.com/r/RevOps/,https://www.reddit.com/r/RevOps/new/,2026-09-18,Zusätzlich nach der 314er-Erweiterung gefunden und gegen vorhandene Namen dedupliziert.,CORE,"Profession/business/operator-oriented community with recurring workflows, software/process spend and identifiable buyers.",SCAN_PILOT_NOW,300
r/SalesOperations,B2B_Operations,Sales operations professionals,PRACTITIONER / OWNER / BUYER,NEW_WEB_RESEARCH,BRAUCHEN_CORE,A,PRIMARY_DISCOVERY,JA,ACTIVE_VERIFIED_2026-09,HIGH,Reddit /new page checked via web research in September 2026.,HIGH,LOW,"CRM, forecasting, data cleanup, workflow automation, reporting",Aktive spezialisierte Berufs-/Business-Community mit konkreten operativen Workflows.,500,,,,,https://www.reddit.com/r/SalesOperations/,https://www.reddit.com/r/SalesOperations/new/,2026-09-18,Zusätzlich nach der 314er-Erweiterung gefunden und gegen vorhandene Namen dedupliziert.,CORE,"Profession/business/operator-oriented community with recurring workflows, software/process spend and identifiable buyers.",SCAN_PILOT_NOW,300
r/Barber,Beauty_PersonalServices,"Barber, Friseure, Kosmetik, Nail-Techs, Massage, Trainer, Tattoo/Piercing",LOCAL_SERVICE / PRACTITIONER / OWNER,EXPANSION_314,BRAUCHEN_CORE,A,PRIMARY_DISCOVERY,JA,ACTIVE_VERIFIED_2026-09,HIGH,Current /new feed checked via web in Sep 2026,HIGH,LOW,"Terminierung, No-Shows, Kundendaten, Zahlungen, Inventar, Content, Buchung, lokale Akquise",Sehr guter Practitioner-/Business-Kandidat für Pain-Point-Research.,500,,,,,https://www.reddit.com/r/Barber/,https://www.reddit.com/r/Barber/new/,2026-09-18,Current /new feed checked via web in Sep 2026,CORE,"Profession/business/operator-oriented community with recurring workflows, software/process spend and identifiable buyers.",SCAN_PILOT_NOW,300
r/barbers,Beauty_PersonalServices,"Barber, Friseure, Kosmetik, Nail-Techs, Massage, Trainer, Tattoo/Piercing",LOCAL_SERVICE / PRACTITIONER / OWNER,EXPANSION_314,BRAUCHEN_CORE,A,PRIMARY_DISCOVERY,JA,ACTIVE_VERIFIED_2026-09,HIGH,Current /new feed checked via web in Sep 2026,HIGH,LOW,"Terminierung, No-Shows, Kundendaten, Zahlungen, Inventar, Content, Buchung, lokale Akquise",Sehr guter Practitioner-/Business-Kandidat für Pain-Point-Research.,500,,,,,https://www.reddit.com/r/barbers/,https://www.reddit.com/r/barbers/new/,2026-09-18,Current /new feed checked via web in Sep 2026,CORE,"Profession/business/operator-oriented community with recurring workflows, software/process spend and identifiable buyers.",SCAN_PILOT_NOW,300
r/Cosmetology,Beauty_PersonalServices,"Barber, Friseure, Kosmetik, Nail-Techs, Massage, Trainer, Tattoo/Piercing",LOCAL_SERVICE / PRACTITIONER / OWNER,EXPANSION_314,BRAUCHEN_CORE,A,PRIMARY_DISCOVERY,JA,ACTIVE_VERIFIED_2026-09,HIGH,Current /new feed checked via web in Sep 2026,HIGH,LOW,"Terminierung, No-Shows, Kundendaten, Zahlungen, Inventar, Content, Buchung, lokale Akquise",Sehr guter Practitioner-/Business-Kandidat für Pain-Point-Research.,500,,,,,https://www.reddit.com/r/Cosmetology/,https://www.reddit.com/r/Cosmetology/new/,2026-09-18,Current /new feed checked via web in Sep 2026,CORE,"Profession/business/operator-oriented community with recurring workflows, software/process spend and identifiable buyers.",SCAN_PILOT_NOW,300
r/Estheticians,Beauty_PersonalServices,"Barber, Friseure, Kosmetik, Nail-Techs, Massage, Trainer, Tattoo/Piercing",LOCAL_SERVICE / PRACTITIONER / OWNER,EXPANSION_314,BRAUCHEN_CORE,A,PRIMARY_DISCOVERY,JA,ACTIVE_VERIFIED_2026-09,HIGH,Current /new feed checked via web in Sep 2026,HIGH,LOW,"Terminierung, No-Shows, Kundendaten, Zahlungen, Inventar, Content, Buchung, lokale Akquise",Sehr guter Practitioner-/Business-Kandidat für Pain-Point-Research.,500,,,,,https://www.reddit.com/r/Estheticians/,https://www.reddit.com/r/Estheticians/new/,2026-09-18,Current /new feed checked via web in Sep 2026,CORE,"Profession/business/operator-oriented community with recurring workflows, software/process spend and identifiable buyers.",SCAN_PILOT_NOW,300
r/Esthetics,Beauty_PersonalServices,"Barber, Friseure, Kosmetik, Nail-Techs, Massage, Trainer, Tattoo/Piercing",LOCAL_SERVICE / PRACTITIONER / OWNER,EXPANSION_314,BRAUCHEN_CORE,A,PRIMARY_DISCOVERY,JA,ACTIVE_VERIFIED_2026-09,HIGH,Current /new feed checked via web in Sep 2026,HIGH,LOW,"Terminierung, No-Shows, Kundendaten, Zahlungen, Inventar, Content, Buchung, lokale Akquise",Sehr guter Practitioner-/Business-Kandidat für Pain-Point-Research.,500,,,,,https://www.reddit.com/r/Esthetics/,https://www.reddit.com/r/Esthetics/new/,2026-09-18,Current /new feed checked via web in Sep 2026,CORE,"Profession/business/operator-oriented community with recurring workflows, software/process spend and identifiable buyers.",SCAN_PILOT_NOW,300
r/Hair,Beauty_PersonalServices,"Barber, Friseure, Kosmetik, Nail-Techs, Massage, Trainer, Tattoo/Piercing",LOCAL_SERVICE / PRACTITIONER / OWNER,EXPANSION_314,BRAUCHEN_TESTEN,B,EXPLORATION,JA,ACTIVE_VERIFIED_2026-09,HIGH,Current /new feed checked via web in Sep 2026,HIGH,LOW,"Terminierung, No-Shows, Kundendaten, Zahlungen, Inventar, Content, Buchung, lokale Akquise",Sinnvoller Exploration-Pilot; Research-Yield messen.,250,,,,,https://www.reddit.com/r/Hair/,https://www.reddit.com/r/Hair/new/,2026-09-18,Current /new feed checked via web in Sep 2026,CORE,"Profession/business/operator-oriented community with recurring workflows, software/process spend and identifiable buyers.",SCAN_PILOT_NOW,300
r/hairstylist,Beauty_PersonalServices,"Barber, Friseure, Kosmetik, Nail-Techs, Massage, Trainer, Tattoo/Piercing",LOCAL_SERVICE / PRACTITIONER / OWNER,EXPANSION_314,BRAUCHEN_CORE,A,PRIMARY_DISCOVERY,JA,ACTIVE_VERIFIED_2026-09,HIGH,Current /new feed checked via web in Sep 2026,HIGH,LOW,"Terminierung, No-Shows, Kundendaten, Zahlungen, Inventar, Content, Buchung, lokale Akquise",Sehr guter Practitioner-/Business-Kandidat für Pain-Point-Research.,500,,,,,https://www.reddit.com/r/hairstylist/,https://www.reddit.com/r/hairstylist/new/,2026-09-18,Current /new feed checked via web in Sep 2026,CORE,"Profession/business/operator-oriented community with recurring workflows, software/process spend and identifiable buyers.",SCAN_PILOT_NOW,300
r/massage,Beauty_PersonalServices,"Barber, Friseure, Kosmetik, Nail-Techs, Massage, Trainer, Tattoo/Piercing",LOCAL_SERVICE / PRACTITIONER / OWNER,EXPANSION_314,BRAUCHEN_CORE,A,PRIMARY_DISCOVERY,JA,ACTIVE_VERIFIED_2026-09,HIGH,Current /new feed checked via web in Sep 2026,HIGH,LOW,"Terminierung, No-Shows, Kundendaten, Zahlungen, Inventar, Content, Buchung, lokale Akquise",Sehr guter Practitioner-/Business-Kandidat für Pain-Point-Research.,500,,,,,https://www.reddit.com/r/massage/,https://www.reddit.com/r/massage/new/,2026-09-18,Current /new feed checked via web in Sep 2026,CORE,"Profession/business/operator-oriented community with recurring workflows, software/process spend and identifiable buyers.",SCAN_PILOT_NOW,300
r/MassageTherapists,Beauty_PersonalServices,"Barber, Friseure, Kosmetik, Nail-Techs, Massage, Trainer, Tattoo/Piercing",LOCAL_SERVICE / PRACTITIONER / OWNER,EXPANSION_314,BRAUCHEN_CORE,A,PRIMARY_DISCOVERY,JA,ACTIVE_VERIFIED_2026-09,HIGH,Current /new feed checked via web in Sep 2026,HIGH,LOW,"Terminierung, No-Shows, Kundendaten, Zahlungen, Inventar, Content, Buchung, lokale Akquise",Sehr guter Practitioner-/Business-Kandidat für Pain-Point-Research.,500,,,,,https://www.reddit.com/r/MassageTherapists/,https://www.reddit.com/r/MassageTherapists/new/,2026-09-18,Current /new feed checked via web in Sep 2026,CORE,"Profession/business/operator-oriented community with recurring workflows, software/process spend and identifiable buyers.",SCAN_PILOT_NOW,300
r/Nails,Beauty_PersonalServices,"Barber, Friseure, Kosmetik, Nail-Techs, Massage, Trainer, Tattoo/Piercing",LOCAL_SERVICE / PRACTITIONER / OWNER,EXPANSION_314,BRAUCHEN_TESTEN,B,EXPLORATION,JA,ACTIVE_VERIFIED_2026-09,HIGH,Current /new feed checked via web in Sep 2026,HIGH,LOW,"Terminierung, No-Shows, Kundendaten, Zahlungen, Inventar, Content, Buchung, lokale Akquise",Sinnvoller Exploration-Pilot; Research-Yield messen.,250,,,,,https://www.reddit.com/r/Nails/,https://www.reddit.com/r/Nails/new/,2026-09-18,Current /new feed checked via web in Sep 2026,CORE,"Profession/business/operator-oriented community with recurring workflows, software/process spend and identifiable buyers.",SCAN_PILOT_NOW,300
r/Nailtechs,Beauty_PersonalServices,"Barber, Friseure, Kosmetik, Nail-Techs, Massage, Trainer, Tattoo/Piercing",LOCAL_SERVICE / PRACTITIONER / OWNER,EXPANSION_314,BRAUCHEN_CORE,A,PRIMARY_DISCOVERY,JA,ACTIVE_VERIFIED_2026-09,HIGH,Current /new feed checked via web in Sep 2026,HIGH,LOW,"Terminierung, No-Shows, Kundendaten, Zahlungen, Inventar, Content, Buchung, lokale Akquise",Sehr guter Practitioner-/Business-Kandidat für Pain-Point-Research.,500,,,,,https://www.reddit.com/r/Nailtechs/,https://www.reddit.com/r/Nailtechs/new/,2026-09-18,Current /new feed checked via web in Sep 2026,CORE,"Profession/business/operator-oriented community with recurring workflows, software/process spend and identifiable buyers.",SCAN_PILOT_NOW,300
r/PersonalTrainer,Beauty_PersonalServices,"Barber, Friseure, Kosmetik, Nail-Techs, Massage, Trainer, Tattoo/Piercing",LOCAL_SERVICE / PRACTITIONER / OWNER,EXPANSION_314,BRAUCHEN_CORE,A,PRIMARY_DISCOVERY,JA,ACTIVE_VERIFIED_2026-09,HIGH,Current /new feed checked via web in Sep 2026,HIGH,LOW,"Terminierung, No-Shows, Kundendaten, Zahlungen, Inventar, Content, Buchung, lokale Akquise",Sehr guter Practitioner-/Business-Kandidat für Pain-Point-Research.,500,,,,,https://www.reddit.com/r/PersonalTrainer/,https://www.reddit.com/r/PersonalTrainer/new/,2026-09-18,Current /new feed checked via web in Sep 2026,CORE,"Profession/business/operator-oriented community with recurring workflows, software/process spend and identifiable buyers.",SCAN_PILOT_NOW,300
r/piercing,Beauty_PersonalServices,"Barber, Friseure, Kosmetik, Nail-Techs, Massage, Trainer, Tattoo/Piercing",LOCAL_SERVICE / PRACTITIONER / OWNER,EXPANSION_314,BRAUCHEN_TESTEN,B,EXPLORATION,JA,ACTIVE_VERIFIED_2026-09,HIGH,Current /new feed checked via web in Sep 2026,HIGH,LOW,"Terminierung, No-Shows, Kundendaten, Zahlungen, Inventar, Content, Buchung, lokale Akquise",Sinnvoller Exploration-Pilot; Research-Yield messen.,250,,,,,https://www.reddit.com/r/piercing/,https://www.reddit.com/r/piercing/new/,2026-09-18,Current /new feed checked via web in Sep 2026,CORE,"Profession/business/operator-oriented community with recurring workflows, software/process spend and identifiable buyers.",SCAN_PILOT_NOW,300
r/tattooartists,Beauty_PersonalServices,"Barber, Friseure, Kosmetik, Nail-Techs, Massage, Trainer, Tattoo/Piercing",LOCAL_SERVICE / PRACTITIONER / OWNER,EXPANSION_314,BRAUCHEN_CORE,A,PRIMARY_DISCOVERY,JA,ACTIVE_VERIFIED_2026-09,HIGH,Current /new feed checked via web in Sep 2026,HIGH,LOW,"Terminierung, No-Shows, Kundendaten, Zahlungen, Inventar, Content, Buchung, lokale Akquise",Sehr guter Practitioner-/Business-Kandidat für Pain-Point-Research.,500,,,,,https://www.reddit.com/r/tattooartists/,https://www.reddit.com/r/tattooartists/new/,2026-09-18,Current /new feed checked via web in Sep 2026,CORE,"Profession/business/operator-oriented community with recurring workflows, software/process spend and identifiable buyers.",SCAN_PILOT_NOW,300
r/YogaTeachers,Beauty_PersonalServices,"Barber, Friseure, Kosmetik, Nail-Techs, Massage, Trainer, Tattoo/Piercing",LOCAL_SERVICE / PRACTITIONER / OWNER,EXPANSION_314,BRAUCHEN_CORE,A,PRIMARY_DISCOVERY,JA,ACTIVE_VERIFIED_2026-09,HIGH,Current /new feed checked via web in Sep 2026,HIGH,LOW,"Terminierung, No-Shows, Kundendaten, Zahlungen, Inventar, Content, Buchung, lokale Akquise",Sehr guter Practitioner-/Business-Kandidat für Pain-Point-Research.,500,,,,,https://www.reddit.com/r/YogaTeachers/,https://www.reddit.com/r/YogaTeachers/new/,2026-09-18,Current /new feed checked via web in Sep 2026,CORE,"Profession/business/operator-oriented community with recurring workflows, software/process spend and identifiable buyers.",SCAN_PILOT_NOW,300
r/arborists,Construction_Trades,"Bauunternehmen, Handwerker, Bauleiter, Kalkulatoren, Gebäudetechnik und Facility Management",PRACTITIONER / OWNER,EXPANSION_314,BRAUCHEN_CORE,A,PRIMARY_DISCOVERY,JA,ACTIVE_VERIFIED_2026-09,HIGH,Current /new feed checked via web in Sep 2026,HIGH,LOW,"Angebot→Auftrag→Baustelle→Dokumentation→Rechnung, Terminierung, Material, Fotos, Kalkulation, mobile Workflows",Sehr guter Practitioner-/Business-Kandidat für Pain-Point-Research.,500,,,,,https://www.reddit.com/r/arborists/,https://www.reddit.com/r/arborists/new/,2026-09-18,Current /new feed checked via web in Sep 2026,CORE,"Profession/business/operator-oriented community with recurring workflows, software/process spend and identifiable buyers.",SCAN_PILOT_NOW,300
r/architecture,Construction_Trades,"Bauunternehmen, Handwerker, Bauleiter, Kalkulatoren, Gebäudetechnik und Facility Management",PRACTITIONER / OWNER,EXPANSION_314,BRAUCHEN_CORE,A,PRIMARY_DISCOVERY,JA,ACTIVE_VERIFIED_2026-09,HIGH,Current /new feed checked via web in Sep 2026,HIGH,LOW,"Angebot→Auftrag→Baustelle→Dokumentation→Rechnung, Terminierung, Material, Fotos, Kalkulation, mobile Workflows",Sehr guter Practitioner-/Business-Kandidat für Pain-Point-Research.,500,,,,,https://www.reddit.com/r/architecture/,https://www.reddit.com/r/architecture/new/,2026-09-18,Current /new feed checked via web in Sep 2026,CORE,"Profession/business/operator-oriented community with recurring workflows, software/process spend and identifiable buyers.",SCAN_PILOT_NOW,300
r/Carpentry,Construction_Trades,"Bauunternehmen, Handwerker, Bauleiter, Kalkulatoren, Gebäudetechnik und Facility Management",PRACTITIONER / OWNER,EXPANSION_314,BRAUCHEN_CORE,A,PRIMARY_DISCOVERY,JA,ACTIVE_VERIFIED_2026-09,HIGH,Current /new feed checked via web in Sep 2026,HIGH,LOW,"Angebot→Auftrag→Baustelle→Dokumentation→Rechnung, Terminierung, Material, Fotos, Kalkulation, mobile Workflows",Sehr guter Practitioner-/Business-Kandidat für Pain-Point-Research.,500,,,,,https://www.reddit.com/r/Carpentry/,https://www.reddit.com/r/Carpentry/new/,2026-09-18,Current /new feed checked via web in Sep 2026,CORE,"Profession/business/operator-oriented community with recurring workflows, software/process spend and identifiable buyers.",SCAN_PILOT_NOW,300
r/civilengineering,Construction_Trades,"Bauunternehmen, Handwerker, Bauleiter, Kalkulatoren, Gebäudetechnik und Facility Management",PRACTITIONER / OWNER,EXPANSION_314,BRAUCHEN_CORE,A,PRIMARY_DISCOVERY,JA,ACTIVE_VERIFIED_2026-09,HIGH,Current /new feed checked via web in Sep 2026,HIGH,LOW,"Angebot→Auftrag→Baustelle→Dokumentation→Rechnung, Terminierung, Material, Fotos, Kalkulation, mobile Workflows",Sehr guter Practitioner-/Business-Kandidat für Pain-Point-Research.,500,,,,,https://www.reddit.com/r/civilengineering/,https://www.reddit.com/r/civilengineering/new/,2026-09-18,Current /new feed checked via web in Sep 2026,CORE,"Profession/business/operator-oriented community with recurring workflows, software/process spend and identifiable buyers.",SCAN_PILOT_NOW,300
r/Concrete,Construction_Trades,"Bauunternehmen, Handwerker, Bauleiter, Kalkulatoren, Gebäudetechnik und Facility Management",PRACTITIONER / OWNER,EXPANSION_314,BRAUCHEN_CORE,A,PRIMARY_DISCOVERY,JA,ACTIVE_VERIFIED_2026-09,HIGH,Current /new feed checked via web in Sep 2026,HIGH,LOW,"Angebot→Auftrag→Baustelle→Dokumentation→Rechnung, Terminierung, Material, Fotos, Kalkulation, mobile Workflows",Sehr guter Practitioner-/Business-Kandidat für Pain-Point-Research.,500,,,,,https://www.reddit.com/r/Concrete/,https://www.reddit.com/r/Concrete/new/,2026-09-18,Current /new feed checked via web in Sep 2026,CORE,"Profession/business/operator-oriented community with recurring workflows, software/process spend and identifiable buyers.",SCAN_PILOT_NOW,300
r/ConcreteContractors,Construction_Trades,Concrete contractors,PRACTITIONER / OWNER / BUYER,NEW_WEB_RESEARCH,BRAUCHEN_CORE,A,PRIMARY_DISCOVERY,JA,ACTIVE_VERIFIED_2026-09,HIGH,Reddit /new page checked via web research in September 2026.,HIGH,LOW,"Estimating, scheduling, crews, materials, project tracking",Aktive spezialisierte Berufs-/Business-Community mit konkreten operativen Workflows.,500,,,,,https://www.reddit.com/r/ConcreteContractors/,https://www.reddit.com/r/ConcreteContractors/new/,2026-09-18,Zusätzlich nach der 314er-Erweiterung gefunden und gegen vorhandene Namen dedupliziert.,CORE,"Profession/business/operator-oriented community with recurring workflows, software/process spend and identifiable buyers.",SCAN_PILOT_NOW,300
r/Construction,Construction_Trades,"Bauunternehmen, Handwerker, Bauleiter, Kalkulatoren, Gebäudetechnik und Facility Management",PRACTITIONER / OWNER,EXPANSION_314,BRAUCHEN_CORE,A,PRIMARY_DISCOVERY,JA,ACTIVE_VERIFIED_2026-09,HIGH,Current /new feed checked via web in Sep 2026,HIGH,LOW,"Angebot→Auftrag→Baustelle→Dokumentation→Rechnung, Terminierung, Material, Fotos, Kalkulation, mobile Workflows",Sehr guter Practitioner-/Business-Kandidat für Pain-Point-Research.,500,,,,,https://www.reddit.com/r/Construction/,https://www.reddit.com/r/Construction/new/,2026-09-18,Current /new feed checked via web in Sep 2026,CORE,"Profession/business/operator-oriented community with recurring workflows, software/process spend and identifiable buyers.",SCAN_PILOT_NOW,300
r/ConstructionManagers,Construction_Trades,"Bauunternehmen, Handwerker, Bauleiter, Kalkulatoren, Gebäudetechnik und Facility Management",PRACTITIONER / OWNER,EXPANSION_314,BRAUCHEN_CORE,A,PRIMARY_DISCOVERY,JA,ACTIVE_VERIFIED_2026-09,HIGH,Current /new feed checked via web in Sep 2026,HIGH,LOW,"Angebot→Auftrag→Baustelle→Dokumentation→Rechnung, Terminierung, Material, Fotos, Kalkulation, mobile Workflows",Sehr guter Practitioner-/Business-Kandidat für Pain-Point-Research.,500,,,,,https://www.reddit.com/r/ConstructionManagers/,https://www.reddit.com/r/ConstructionManagers/new/,2026-09-18,Current /new feed checked via web in Sep 2026,CORE,"Profession/business/operator-oriented community with recurring workflows, software/process spend and identifiable buyers.",SCAN_PILOT_NOW,300
r/Contractor,Construction_Trades,"Bauunternehmen, Handwerker, Bauleiter, Kalkulatoren, Gebäudetechnik und Facility Management",PRACTITIONER / OWNER,EXPANSION_314,BRAUCHEN_CORE,A,PRIMARY_DISCOVERY,JA,ACTIVE_VERIFIED_2026-09,HIGH,Current /new feed checked via web in Sep 2026,HIGH,LOW,"Angebot→Auftrag→Baustelle→Dokumentation→Rechnung, Terminierung, Material, Fotos, Kalkulation, mobile Workflows",Sehr guter Practitioner-/Business-Kandidat für Pain-Point-Research.,500,,,,,https://www.reddit.com/r/Contractor/,https://www.reddit.com/r/Contractor/new/,2026-09-18,Current /new feed checked via web in Sep 2026,CORE,"Profession/business/operator-oriented community with recurring workflows, software/process spend and identifiable buyers.",SCAN_PILOT_NOW,300
r/drywall,Construction_Trades,"Bauunternehmen, Handwerker, Bauleiter, Kalkulatoren, Gebäudetechnik und Facility Management",PRACTITIONER / OWNER,EXPANSION_314,BRAUCHEN_CORE,A,PRIMARY_DISCOVERY,JA,ACTIVE_VERIFIED_2026-09,HIGH,Current /new feed checked via web in Sep 2026,HIGH,LOW,"Angebot→Auftrag→Baustelle→Dokumentation→Rechnung, Terminierung, Material, Fotos, Kalkulation, mobile Workflows",Sehr guter Practitioner-/Business-Kandidat für Pain-Point-Research.,500,,,,,https://www.reddit.com/r/drywall/,https://www.reddit.com/r/drywall/new/,2026-09-18,Current /new feed checked via web in Sep 2026,CORE,"Profession/business/operator-oriented community with recurring workflows, software/process spend and identifiable buyers.",SCAN_PILOT_NOW,300
r/Drywallers,Construction_Trades,Drywall professionals,PRACTITIONER / OWNER / BUYER,NEW_RECHECK_CANDIDATE,PRUEFEN,R,RECHECK,NEIN_BIS_GEPRUEFT,PRUEFEN,LOW,Web check returned unavailable/internal error; existence/activity not safely confirmed.,HIGH,LOW,,"Thematisch potenziell sehr wertvoll, aber vor automatischem Scan zuerst Existenz/Aktivität erneut prüfen.",0,,,,,https://www.reddit.com/r/Drywallers/,https://www.reddit.com/r/Drywallers/new/,,"Nicht automatisch scannen, bis der Source-Health-Check erfolgreich war.",CORE,"Profession/business/operator-oriented community with recurring workflows, software/process spend and identifiable buyers.",VERIFY_ACTIVITY_THEN_SCAN,0
r/ElectricianBusiness,Construction_Trades,Electrical business owners,PRACTITIONER / OWNER / BUYER,NEW_RECHECK_CANDIDATE,PRUEFEN,R,RECHECK,NEIN_BIS_GEPRUEFT,PRUEFEN,LOW,Web check returned unavailable/internal error; existence/activity not safely confirmed.,HIGH,LOW,,"Thematisch potenziell sehr wertvoll, aber vor automatischem Scan zuerst Existenz/Aktivität erneut prüfen.",0,,,,,https://www.reddit.com/r/ElectricianBusiness/,https://www.reddit.com/r/ElectricianBusiness/new/,,"Nicht automatisch scannen, bis der Source-Health-Check erfolgreich war.",CORE,"Profession/business/operator-oriented community with recurring workflows, software/process spend and identifiable buyers.",VERIFY_ACTIVITY_THEN_SCAN,0
r/electricians,Construction_Trades,"Bauunternehmen, Handwerker, Bauleiter, Kalkulatoren, Gebäudetechnik und Facility Management",PRACTITIONER / OWNER,EXPANSION_314,BRAUCHEN_CORE,A,PRIMARY_DISCOVERY,JA,ACTIVE_VERIFIED_2026-09,HIGH,Current /new feed checked via web in Sep 2026,HIGH,LOW,"Angebot→Auftrag→Baustelle→Dokumentation→Rechnung, Terminierung, Material, Fotos, Kalkulation, mobile Workflows",Sehr guter Practitioner-/Business-Kandidat für Pain-Point-Research.,500,,,,,https://www.reddit.com/r/electricians/,https://www.reddit.com/r/electricians/new/,2026-09-18,Current /new feed checked via web in Sep 2026,CORE,"Profession/business/operator-oriented community with recurring workflows, software/process spend and identifiable buyers.",SCAN_PILOT_NOW,300
r/ElevatorTechnicians,Construction_Trades,Elevator technicians,PRACTITIONER / OWNER / BUYER,NEW_RECHECK_CANDIDATE,PRUEFEN,R,RECHECK,NEIN_BIS_GEPRUEFT,PRUEFEN,LOW,Web check returned unavailable/internal error; existence/activity not safely confirmed.,HIGH,LOW,,"Thematisch potenziell sehr wertvoll, aber vor automatischem Scan zuerst Existenz/Aktivität erneut prüfen.",0,,,,,https://www.reddit.com/r/ElevatorTechnicians/,https://www.reddit.com/r/ElevatorTechnicians/new/,,"Nicht automatisch scannen, bis der Source-Health-Check erfolgreich war.",CORE,"Profession/business/operator-oriented community with recurring workflows, software/process spend and identifiable buyers.",VERIFY_ACTIVITY_THEN_SCAN,0
r/estimators,Construction_Trades,"Bauunternehmen, Handwerker, Bauleiter, Kalkulatoren, Gebäudetechnik und Facility Management",PRACTITIONER / OWNER,EXPANSION_314,BRAUCHEN_CORE,A,PRIMARY_DISCOVERY,JA,ACTIVE_VERIFIED_2026-09,HIGH,Current /new feed checked via web in Sep 2026,HIGH,LOW,"Angebot→Auftrag→Baustelle→Dokumentation→Rechnung, Terminierung, Material, Fotos, Kalkulation, mobile Workflows",Sehr guter Practitioner-/Business-Kandidat für Pain-Point-Research.,500,,,,,https://www.reddit.com/r/estimators/,https://www.reddit.com/r/estimators/new/,2026-09-18,Current /new feed checked via web in Sep 2026,CORE,"Profession/business/operator-oriented community with recurring workflows, software/process spend and identifiable buyers.",SCAN_PILOT_NOW,300
r/FacilitiesManagement,Construction_Trades,"Bauunternehmen, Handwerker, Bauleiter, Kalkulatoren, Gebäudetechnik und Facility Management",PRACTITIONER / OWNER,EXPANSION_314,BRAUCHEN_CORE,A,PRIMARY_DISCOVERY,JA,ACTIVE_NICHE_VERIFIED_2026-09,HIGH,Current /new feed checked via web in Sep 2026,HIGH,LOW,"Angebot→Auftrag→Baustelle→Dokumentation→Rechnung, Terminierung, Material, Fotos, Kalkulation, mobile Workflows",Sehr guter Practitioner-/Business-Kandidat für Pain-Point-Research.,500,,,,,https://www.reddit.com/r/FacilitiesManagement/,https://www.reddit.com/r/FacilitiesManagement/new/,2026-09-18,Current /new feed checked via web in Sep 2026,CORE,"Profession/business/operator-oriented community with recurring workflows, software/process spend and identifiable buyers.",SCAN_PILOT_NOW,300
r/FireAlarm,Construction_Trades,Fire alarm technicians/installers,PRACTITIONER / OWNER / BUYER,NEW_WEB_RESEARCH,BRAUCHEN_CORE,A,PRIMARY_DISCOVERY,JA,ACTIVE_VERIFIED_2026-09,HIGH,Reddit /new page checked via web research in September 2026.,HIGH,LOW,"Inspection, compliance, service, documentation, testing",Aktive spezialisierte Berufs-/Business-Community mit konkreten operativen Workflows.,500,,,,,https://www.reddit.com/r/FireAlarm/,https://www.reddit.com/r/FireAlarm/new/,2026-09-18,Zusätzlich nach der 314er-Erweiterung gefunden und gegen vorhandene Namen dedupliziert.,CORE,"Profession/business/operator-oriented community with recurring workflows, software/process spend and identifiable buyers.",SCAN_PILOT_NOW,300
r/firePE,Construction_Trades,Fire protection engineers,PRACTITIONER / OWNER / BUYER,NEW_WEB_RESEARCH,BRAUCHEN_CORE,A,PRIMARY_DISCOVERY,JA,ACTIVE_VERIFIED_2026-09,HIGH,Reddit /new page checked via web research in September 2026.,HIGH,LOW,"Engineering, codes, design, inspection, documentation",Aktive spezialisierte Berufs-/Business-Community mit konkreten operativen Workflows.,500,,,,,https://www.reddit.com/r/firePE/,https://www.reddit.com/r/firePE/new/,2026-09-18,Zusätzlich nach der 314er-Erweiterung gefunden und gegen vorhandene Namen dedupliziert.,CORE,"Profession/business/operator-oriented community with recurring workflows, software/process spend and identifiable buyers.",SCAN_PILOT_NOW,300
r/Flooring,Construction_Trades,"Bauunternehmen, Handwerker, Bauleiter, Kalkulatoren, Gebäudetechnik und Facility Management",PRACTITIONER / OWNER,EXPANSION_314,BRAUCHEN_CORE,A,PRIMARY_DISCOVERY,JA,ACTIVE_VERIFIED_2026-09,HIGH,Current /new feed checked via web in Sep 2026,HIGH,LOW,"Angebot→Auftrag→Baustelle→Dokumentation→Rechnung, Terminierung, Material, Fotos, Kalkulation, mobile Workflows",Sehr guter Practitioner-/Business-Kandidat für Pain-Point-Research.,500,,,,,https://www.reddit.com/r/Flooring/,https://www.reddit.com/r/Flooring/new/,2026-09-18,Current /new feed checked via web in Sep 2026,CORE,"Profession/business/operator-oriented community with recurring workflows, software/process spend and identifiable buyers.",SCAN_PILOT_NOW,300
r/flooringinstallers,Construction_Trades,Flooring installers,PRACTITIONER / OWNER / BUYER,NEW_WEB_RESEARCH,BRAUCHEN_CORE,A,PRIMARY_DISCOVERY,JA,ACTIVE_VERIFIED_2026-09,HIGH,Reddit /new page checked via web research in September 2026.,HIGH,LOW,"Measurements, estimates, materials, jobs, installation workflow",Aktive spezialisierte Berufs-/Business-Community mit konkreten operativen Workflows.,500,,,,,https://www.reddit.com/r/flooringinstallers/,https://www.reddit.com/r/flooringinstallers/new/,2026-09-18,Zusätzlich nach der 314er-Erweiterung gefunden und gegen vorhandene Namen dedupliziert.,CORE,"Profession/business/operator-oriented community with recurring workflows, software/process spend and identifiable buyers.",SCAN_PILOT_NOW,300
r/GeneralContractor,Construction_Trades,General contractors,PRACTITIONER / OWNER / BUYER,NEW_WEB_RESEARCH,BRAUCHEN_CORE,A,PRIMARY_DISCOVERY,JA,ACTIVE_VERIFIED_2026-09,HIGH,Reddit /new page checked via web research in September 2026.,HIGH,LOW,"Estimating, subcontractors, scheduling, change orders, invoicing",Aktive spezialisierte Berufs-/Business-Community mit konkreten operativen Workflows.,500,,,,,https://www.reddit.com/r/GeneralContractor/,https://www.reddit.com/r/GeneralContractor/new/,2026-09-18,Zusätzlich nach der 314er-Erweiterung gefunden und gegen vorhandene Namen dedupliziert.,CORE,"Profession/business/operator-oriented community with recurring workflows, software/process spend and identifiable buyers.",SCAN_PILOT_NOW,300
r/GeneralContractors,Construction_Trades,General contractors,PRACTITIONER / OWNER / BUYER,NEW_RECHECK_CANDIDATE,PRUEFEN,R,RECHECK,NEIN_BIS_GEPRUEFT,PRUEFEN,LOW,Web check returned unavailable/internal error; existence/activity not safely confirmed.,HIGH,LOW,,"Thematisch potenziell sehr wertvoll, aber vor automatischem Scan zuerst Existenz/Aktivität erneut prüfen.",0,,,,,https://www.reddit.com/r/GeneralContractors/,https://www.reddit.com/r/GeneralContractors/new/,,"Nicht automatisch scannen, bis der Source-Health-Check erfolgreich war.",CORE,"Profession/business/operator-oriented community with recurring workflows, software/process spend and identifiable buyers.",VERIFY_ACTIVITY_THEN_SCAN,0
r/glaziers,Construction_Trades,Glaziers / glass installers,PRACTITIONER / OWNER / BUYER,NEW_WEB_RESEARCH,BRAUCHEN_CORE,A,PRIMARY_DISCOVERY,JA,ACTIVE_VERIFIED_2026-09,HIGH,Reddit /new page checked via web research in September 2026.,HIGH,LOW,"Estimating, field work, measurements, fabrication, scheduling",Aktive spezialisierte Berufs-/Business-Community mit konkreten operativen Workflows.,500,,,,,https://www.reddit.com/r/glaziers/,https://www.reddit.com/r/glaziers/new/,2026-09-18,Zusätzlich nach der 314er-Erweiterung gefunden und gegen vorhandene Namen dedupliziert.,CORE,"Profession/business/operator-oriented community with recurring workflows, software/process spend and identifiable buyers.",SCAN_PILOT_NOW,300
r/HeavyEquipment,Construction_Trades,Heavy equipment operators / owners,MIXED / PROSUMER,NEW_WEB_RESEARCH,BRAUCHEN_TESTEN,B,EXPLORATION,JA,ACTIVE_VERIFIED_2026-09,HIGH,Reddit /new page checked via web research in September 2026.,HIGH,LOW,"Maintenance, utilization, job sites, parts, scheduling","Aktive, relevante Nischen-/Prosumer-Community; als Exploration sinnvoll.",250,,,,,https://www.reddit.com/r/HeavyEquipment/,https://www.reddit.com/r/HeavyEquipment/new/,2026-09-18,Zusätzlich nach der 314er-Erweiterung gefunden und gegen vorhandene Namen dedupliziert.,CORE,"Profession/business/operator-oriented community with recurring workflows, software/process spend and identifiable buyers.",SCAN_PILOT_NOW,300
r/HVAC,Construction_Trades,"Bauunternehmen, Handwerker, Bauleiter, Kalkulatoren, Gebäudetechnik und Facility Management",PRACTITIONER / OWNER,EXPANSION_314,BRAUCHEN_CORE,A,PRIMARY_DISCOVERY,JA,ACTIVE_VERIFIED_2026-09,HIGH,Current /new feed checked via web in Sep 2026,HIGH,LOW,"Angebot→Auftrag→Baustelle→Dokumentation→Rechnung, Terminierung, Material, Fotos, Kalkulation, mobile Workflows",Sehr guter Practitioner-/Business-Kandidat für Pain-Point-Research.,500,,,,,https://www.reddit.com/r/HVAC/,https://www.reddit.com/r/HVAC/new/,2026-09-18,Current /new feed checked via web in Sep 2026,CORE,"Profession/business/operator-oriented community with recurring workflows, software/process spend and identifiable buyers.",SCAN_PILOT_NOW,300
r/HVACBUSINESS,Construction_Trades,HVAC business owners,PRACTITIONER / OWNER / BUYER,NEW_WEB_RESEARCH,BRAUCHEN_CORE,A,PRIMARY_DISCOVERY,JA,ACTIVE_NICHE_VERIFIED_2026-09,HIGH,Reddit /new page checked via web research in September 2026.,HIGH,LOW,"Dispatch, maintenance agreements, quoting, field service, inventory",Aktive spezialisierte Berufs-/Business-Community mit konkreten operativen Workflows.,500,,,,,https://www.reddit.com/r/HVACBUSINESS/,https://www.reddit.com/r/HVACBUSINESS/new/,2026-09-18,Zusätzlich nach der 314er-Erweiterung gefunden und gegen vorhandene Namen dedupliziert.,CORE,"Profession/business/operator-oriented community with recurring workflows, software/process spend and identifiable buyers.",SCAN_PILOT_NOW,300
r/instrumentation,Construction_Trades,"Bauunternehmen, Handwerker, Bauleiter, Kalkulatoren, Gebäudetechnik und Facility Management",PRACTITIONER / OWNER,EXPANSION_314,BRAUCHEN_CORE,A,PRIMARY_DISCOVERY,JA,ACTIVE_VERIFIED_2026-09,HIGH,Current /new feed checked via web in Sep 2026,HIGH,LOW,"Angebot→Auftrag→Baustelle→Dokumentation→Rechnung, Terminierung, Material, Fotos, Kalkulation, mobile Workflows",Sehr guter Practitioner-/Business-Kandidat für Pain-Point-Research.,500,,,,,https://www.reddit.com/r/instrumentation/,https://www.reddit.com/r/instrumentation/new/,2026-09-18,Current /new feed checked via web in Sep 2026,CORE,"Profession/business/operator-oriented community with recurring workflows, software/process spend and identifiable buyers.",SCAN_PILOT_NOW,300
r/landscaping,Construction_Trades,"Bauunternehmen, Handwerker, Bauleiter, Kalkulatoren, Gebäudetechnik und Facility Management",PRACTITIONER / OWNER,EXPANSION_314,BRAUCHEN_CORE,A,PRIMARY_DISCOVERY,JA,ACTIVE_VERIFIED_2026-09,HIGH,Current /new feed checked via web in Sep 2026,HIGH,LOW,"Angebot→Auftrag→Baustelle→Dokumentation→Rechnung, Terminierung, Material, Fotos, Kalkulation, mobile Workflows",Sehr guter Practitioner-/Business-Kandidat für Pain-Point-Research.,500,,,,,https://www.reddit.com/r/landscaping/,https://www.reddit.com/r/landscaping/new/,2026-09-18,Current /new feed checked via web in Sep 2026,CORE,"Profession/business/operator-oriented community with recurring workflows, software/process spend and identifiable buyers.",SCAN_PILOT_NOW,300
r/lawncare,Construction_Trades,"Bauunternehmen, Handwerker, Bauleiter, Kalkulatoren, Gebäudetechnik und Facility Management",PRACTITIONER / OWNER,EXPANSION_314,BRAUCHEN_CORE,A,PRIMARY_DISCOVERY,JA,ACTIVE_VERIFIED_2026-09,HIGH,Current /new feed checked via web in Sep 2026,HIGH,LOW,"Angebot→Auftrag→Baustelle→Dokumentation→Rechnung, Terminierung, Material, Fotos, Kalkulation, mobile Workflows",Sehr guter Practitioner-/Business-Kandidat für Pain-Point-Research.,500,,,,,https://www.reddit.com/r/lawncare/,https://www.reddit.com/r/lawncare/new/,2026-09-18,Current /new feed checked via web in Sep 2026,CORE,"Profession/business/operator-oriented community with recurring workflows, software/process spend and identifiable buyers.",SCAN_PILOT_NOW,300
r/locksmith,Construction_Trades,"Bauunternehmen, Handwerker, Bauleiter, Kalkulatoren, Gebäudetechnik und Facility Management",PRACTITIONER / OWNER,EXPANSION_314,BRAUCHEN_CORE,A,PRIMARY_DISCOVERY,JA,ACTIVE_VERIFIED_2026-09,HIGH,Current /new feed checked via web in Sep 2026,HIGH,LOW,"Angebot→Auftrag→Baustelle→Dokumentation→Rechnung, Terminierung, Material, Fotos, Kalkulation, mobile Workflows",Sehr guter Practitioner-/Business-Kandidat für Pain-Point-Research.,500,,,,,https://www.reddit.com/r/locksmith/,https://www.reddit.com/r/locksmith/new/,2026-09-18,Current /new feed checked via web in Sep 2026,CORE,"Profession/business/operator-oriented community with recurring workflows, software/process spend and identifiable buyers.",SCAN_PILOT_NOW,300
r/locksmiths,Construction_Trades,Locksmiths,PRACTITIONER / OWNER / BUYER,NEW_WEB_RESEARCH,BRAUCHEN_CORE,A,PRIMARY_DISCOVERY,JA,ACTIVE_VERIFIED_2026-09,HIGH,Reddit /new page checked via web research in September 2026.,HIGH,LOW,"Dispatch, service calls, parts, quoting, security workflows",Aktive spezialisierte Berufs-/Business-Community mit konkreten operativen Workflows.,500,,,,,https://www.reddit.com/r/locksmiths/,https://www.reddit.com/r/locksmiths/new/,2026-09-18,Zusätzlich nach der 314er-Erweiterung gefunden und gegen vorhandene Namen dedupliziert.,CORE,"Profession/business/operator-oriented community with recurring workflows, software/process spend and identifiable buyers.",SCAN_PILOT_NOW,300
r/LowVoltage,Construction_Trades,Low-voltage installers,PRACTITIONER / OWNER / BUYER,NEW_WEB_RESEARCH,BRAUCHEN_CORE,A,PRIMARY_DISCOVERY,JA,ACTIVE_VERIFIED_2026-09,HIGH,Reddit /new page checked via web research in September 2026.,HIGH,LOW,"Estimating, installation, documentation, scheduling, service calls",Aktive spezialisierte Berufs-/Business-Community mit konkreten operativen Workflows.,500,,,,,https://www.reddit.com/r/LowVoltage/,https://www.reddit.com/r/LowVoltage/new/,2026-09-18,Zusätzlich nach der 314er-Erweiterung gefunden und gegen vorhandene Namen dedupliziert.,CORE,"Profession/business/operator-oriented community with recurring workflows, software/process spend and identifiable buyers.",SCAN_PILOT_NOW,300
r/maintenance,Construction_Trades,"Bauunternehmen, Handwerker, Bauleiter, Kalkulatoren, Gebäudetechnik und Facility Management",PRACTITIONER / OWNER,EXPANSION_314,BRAUCHEN_CORE,A,PRIMARY_DISCOVERY,JA,ACTIVE_VERIFIED_2026-09,HIGH,Current /new feed checked via web in Sep 2026,HIGH,LOW,"Angebot→Auftrag→Baustelle→Dokumentation→Rechnung, Terminierung, Material, Fotos, Kalkulation, mobile Workflows",Sehr guter Practitioner-/Business-Kandidat für Pain-Point-Research.,500,,,,,https://www.reddit.com/r/maintenance/,https://www.reddit.com/r/maintenance/new/,2026-09-18,Current /new feed checked via web in Sep 2026,CORE,"Profession/business/operator-oriented community with recurring workflows, software/process spend and identifiable buyers.",SCAN_PILOT_NOW,300
r/MEPEngineering,Construction_Trades,"Bauunternehmen, Handwerker, Bauleiter, Kalkulatoren, Gebäudetechnik und Facility Management",PRACTITIONER / OWNER,EXPANSION_314,BRAUCHEN_CORE,A,PRIMARY_DISCOVERY,JA,ACTIVE_VERIFIED_2026-09,HIGH,Current /new feed checked via web in Sep 2026,HIGH,LOW,"Angebot→Auftrag→Baustelle→Dokumentation→Rechnung, Terminierung, Material, Fotos, Kalkulation, mobile Workflows",Sehr guter Practitioner-/Business-Kandidat für Pain-Point-Research.,500,,,,,https://www.reddit.com/r/MEPEngineering/,https://www.reddit.com/r/MEPEngineering/new/,2026-09-18,Current /new feed checked via web in Sep 2026,CORE,"Profession/business/operator-oriented community with recurring workflows, software/process spend and identifiable buyers.",SCAN_PILOT_NOW,300
r/millwrights,Construction_Trades,"Bauunternehmen, Handwerker, Bauleiter, Kalkulatoren, Gebäudetechnik und Facility Management",PRACTITIONER / OWNER,EXPANSION_314,BRAUCHEN_CORE,A,PRIMARY_DISCOVERY,JA,ACTIVE_VERIFIED_2026-09,HIGH,Current /new feed checked via web in Sep 2026,HIGH,LOW,"Angebot→Auftrag→Baustelle→Dokumentation→Rechnung, Terminierung, Material, Fotos, Kalkulation, mobile Workflows",Sehr guter Practitioner-/Business-Kandidat für Pain-Point-Research.,500,,,,,https://www.reddit.com/r/millwrights/,https://www.reddit.com/r/millwrights/new/,2026-09-18,Current /new feed checked via web in Sep 2026,CORE,"Profession/business/operator-oriented community with recurring workflows, software/process spend and identifiable buyers.",SCAN_PILOT_NOW,300
r/painting,Construction_Trades,"Bauunternehmen, Handwerker, Bauleiter, Kalkulatoren, Gebäudetechnik und Facility Management",PRACTITIONER / OWNER,EXPANSION_314,BRAUCHEN_CORE,A,PRIMARY_DISCOVERY,JA,ACTIVE_VERIFIED_2026-09,HIGH,Current /new feed checked via web in Sep 2026,HIGH,LOW,"Angebot→Auftrag→Baustelle→Dokumentation→Rechnung, Terminierung, Material, Fotos, Kalkulation, mobile Workflows",Sehr guter Practitioner-/Business-Kandidat für Pain-Point-Research.,500,,,,,https://www.reddit.com/r/painting/,https://www.reddit.com/r/painting/new/,2026-09-18,Current /new feed checked via web in Sep 2026,CORE,"Profession/business/operator-oriented community with recurring workflows, software/process spend and identifiable buyers.",SCAN_PILOT_NOW,300
r/pestcontrol,Construction_Trades,"Bauunternehmen, Handwerker, Bauleiter, Kalkulatoren, Gebäudetechnik und Facility Management",PRACTITIONER / OWNER,EXPANSION_314,BRAUCHEN_CORE,A,PRIMARY_DISCOVERY,JA,ACTIVE_VERIFIED_2026-09,HIGH,Current /new feed checked via web in Sep 2026,HIGH,LOW,"Angebot→Auftrag→Baustelle→Dokumentation→Rechnung, Terminierung, Material, Fotos, Kalkulation, mobile Workflows",Sehr guter Practitioner-/Business-Kandidat für Pain-Point-Research.,500,,,,,https://www.reddit.com/r/pestcontrol/,https://www.reddit.com/r/pestcontrol/new/,2026-09-18,Current /new feed checked via web in Sep 2026,CORE,"Profession/business/operator-oriented community with recurring workflows, software/process spend and identifiable buyers.",SCAN_PILOT_NOW,300
r/PLC,Construction_Trades,"Bauunternehmen, Handwerker, Bauleiter, Kalkulatoren, Gebäudetechnik und Facility Management",PRACTITIONER / OWNER,EXPANSION_314,BRAUCHEN_CORE,A,PRIMARY_DISCOVERY,JA,ACTIVE_VERIFIED_2026-09,HIGH,Current /new feed checked via web in Sep 2026,HIGH,LOW,"Angebot→Auftrag→Baustelle→Dokumentation→Rechnung, Terminierung, Material, Fotos, Kalkulation, mobile Workflows",Sehr guter Practitioner-/Business-Kandidat für Pain-Point-Research.,500,,,,,https://www.reddit.com/r/PLC/,https://www.reddit.com/r/PLC/new/,2026-09-18,Current /new feed checked via web in Sep 2026,CORE,"Profession/business/operator-oriented community with recurring workflows, software/process spend and identifiable buyers.",SCAN_PILOT_NOW,300
r/Plumbing,Construction_Trades,"Bauunternehmen, Handwerker, Bauleiter, Kalkulatoren, Gebäudetechnik und Facility Management",PRACTITIONER / OWNER,EXPANSION_314,BRAUCHEN_CORE,A,PRIMARY_DISCOVERY,JA,ACTIVE_VERIFIED_2026-09,HIGH,Current /new feed checked via web in Sep 2026,HIGH,LOW,"Angebot→Auftrag→Baustelle→Dokumentation→Rechnung, Terminierung, Material, Fotos, Kalkulation, mobile Workflows",Sehr guter Practitioner-/Business-Kandidat für Pain-Point-Research.,500,,,,,https://www.reddit.com/r/Plumbing/,https://www.reddit.com/r/Plumbing/new/,2026-09-18,Current /new feed checked via web in Sep 2026,CORE,"Profession/business/operator-oriented community with recurring workflows, software/process spend and identifiable buyers.",SCAN_PILOT_NOW,300
r/PlumbingPros,Construction_Trades,Plumbing professionals,PRACTITIONER / OWNER / BUYER,NEW_RECHECK_CANDIDATE,PRUEFEN,R,RECHECK,NEIN_BIS_GEPRUEFT,PRUEFEN,LOW,Web check returned unavailable/internal error; existence/activity not safely confirmed.,HIGH,LOW,,"Thematisch potenziell sehr wertvoll, aber vor automatischem Scan zuerst Existenz/Aktivität erneut prüfen.",0,,,,,https://www.reddit.com/r/PlumbingPros/,https://www.reddit.com/r/PlumbingPros/new/,,"Nicht automatisch scannen, bis der Source-Health-Check erfolgreich war.",CORE,"Profession/business/operator-oriented community with recurring workflows, software/process spend and identifiable buyers.",VERIFY_ACTIVITY_THEN_SCAN,0
r/quantitysurveying,Construction_Trades,"Bauunternehmen, Handwerker, Bauleiter, Kalkulatoren, Gebäudetechnik und Facility Management",PRACTITIONER / OWNER,EXPANSION_314,BRAUCHEN_CORE,A,PRIMARY_DISCOVERY,JA,ACTIVE_NICHE_VERIFIED_2026-09,HIGH,Current /new feed checked via web in Sep 2026,HIGH,LOW,"Angebot→Auftrag→Baustelle→Dokumentation→Rechnung, Terminierung, Material, Fotos, Kalkulation, mobile Workflows",Sehr guter Practitioner-/Business-Kandidat für Pain-Point-Research.,500,,,,,https://www.reddit.com/r/quantitysurveying/,https://www.reddit.com/r/quantitysurveying/new/,2026-09-18,Current /new feed checked via web in Sep 2026,CORE,"Profession/business/operator-oriented community with recurring workflows, software/process spend and identifiable buyers.",SCAN_PILOT_NOW,300
r/Roofing,Construction_Trades,"Bauunternehmen, Handwerker, Bauleiter, Kalkulatoren, Gebäudetechnik und Facility Management",PRACTITIONER / OWNER,EXPANSION_314,BRAUCHEN_CORE,A,PRIMARY_DISCOVERY,JA,ACTIVE_VERIFIED_2026-09,HIGH,Current /new feed checked via web in Sep 2026,HIGH,LOW,"Angebot→Auftrag→Baustelle→Dokumentation→Rechnung, Terminierung, Material, Fotos, Kalkulation, mobile Workflows",Sehr guter Practitioner-/Business-Kandidat für Pain-Point-Research.,500,,,,,https://www.reddit.com/r/Roofing/,https://www.reddit.com/r/Roofing/new/,2026-09-18,Current /new feed checked via web in Sep 2026,CORE,"Profession/business/operator-oriented community with recurring workflows, software/process spend and identifiable buyers.",SCAN_PILOT_NOW,300
r/roofingbusiness,Construction_Trades,Roofing business owners,PRACTITIONER / OWNER / BUYER,NEW_WEB_RESEARCH,BRAUCHEN_CORE,A,PRIMARY_DISCOVERY,JA,ACTIVE_VERIFIED_2026-09,HIGH,Reddit /new page checked via web research in September 2026.,HIGH,LOW,"Lead intake, estimating, crews, insurance, scheduling, invoicing",Aktive spezialisierte Berufs-/Business-Community mit konkreten operativen Workflows.,500,,,,,https://www.reddit.com/r/roofingbusiness/,https://www.reddit.com/r/roofingbusiness/new/,2026-09-18,Zusätzlich nach der 314er-Erweiterung gefunden und gegen vorhandene Namen dedupliziert.,CORE,"Profession/business/operator-oriented community with recurring workflows, software/process spend and identifiable buyers.",SCAN_PILOT_NOW,300
r/SecurityInstallers,Construction_Trades,Security installers,PRACTITIONER / OWNER / BUYER,NEW_RECHECK_CANDIDATE,PRUEFEN,R,RECHECK,NEIN_BIS_GEPRUEFT,PRUEFEN,LOW,Web check returned unavailable/internal error; existence/activity not safely confirmed.,HIGH,LOW,,"Thematisch potenziell sehr wertvoll, aber vor automatischem Scan zuerst Existenz/Aktivität erneut prüfen.",0,,,,,https://www.reddit.com/r/SecurityInstallers/,https://www.reddit.com/r/SecurityInstallers/new/,,"Nicht automatisch scannen, bis der Source-Health-Check erfolgreich war.",CORE,"Profession/business/operator-oriented community with recurring workflows, software/process spend and identifiable buyers.",VERIFY_ACTIVITY_THEN_SCAN,0
r/solarinstallers,Construction_Trades,Solar installers,PRACTITIONER / OWNER / BUYER,NEW_WEB_RESEARCH,BRAUCHEN_CORE,A,PRIMARY_DISCOVERY,JA,ACTIVE_VERIFIED_2026-09,HIGH,Reddit /new page checked via web research in September 2026.,HIGH,LOW,"Installation workflow, permits, crew, wire management, compliance",Aktive spezialisierte Berufs-/Business-Community mit konkreten operativen Workflows.,500,,,,,https://www.reddit.com/r/solarinstallers/,https://www.reddit.com/r/solarinstallers/new/,2026-09-18,Zusätzlich nach der 314er-Erweiterung gefunden und gegen vorhandene Namen dedupliziert.,CORE,"Profession/business/operator-oriented community with recurring workflows, software/process spend and identifiable buyers.",SCAN_PILOT_NOW,300
r/StructuralEngineering,Construction_Trades,"Bauunternehmen, Handwerker, Bauleiter, Kalkulatoren, Gebäudetechnik und Facility Management",PRACTITIONER / OWNER,EXPANSION_314,BRAUCHEN_CORE,A,PRIMARY_DISCOVERY,JA,ACTIVE_VERIFIED_2026-09,HIGH,Current /new feed checked via web in Sep 2026,HIGH,LOW,"Angebot→Auftrag→Baustelle→Dokumentation→Rechnung, Terminierung, Material, Fotos, Kalkulation, mobile Workflows",Sehr guter Practitioner-/Business-Kandidat für Pain-Point-Research.,500,,,,,https://www.reddit.com/r/StructuralEngineering/,https://www.reddit.com/r/StructuralEngineering/new/,2026-09-18,Current /new feed checked via web in Sep 2026,CORE,"Profession/business/operator-oriented community with recurring workflows, software/process spend and identifiable buyers.",SCAN_PILOT_NOW,300
r/Surveying,Construction_Trades,"Bauunternehmen, Handwerker, Bauleiter, Kalkulatoren, Gebäudetechnik und Facility Management",PRACTITIONER / OWNER,EXPANSION_314,BRAUCHEN_CORE,A,PRIMARY_DISCOVERY,NEIN_BIS_GEPRUEFT,PRUEFEN,LOW,Web check returned unavailable/error; verify before use,HIGH,LOW,"Angebot→Auftrag→Baustelle→Dokumentation→Rechnung, Terminierung, Material, Fotos, Kalkulation, mobile Workflows",Sehr guter Practitioner-/Business-Kandidat für Pain-Point-Research.,500,,,,,https://www.reddit.com/r/Surveying/,https://www.reddit.com/r/Surveying/new/,,Web check returned unavailable/error; verify before use,CORE,"Profession/business/operator-oriented community with recurring workflows, software/process spend and identifiable buyers.",VERIFY_ACTIVITY_THEN_SCAN,0
r/Tile,Construction_Trades,"Bauunternehmen, Handwerker, Bauleiter, Kalkulatoren, Gebäudetechnik und Facility Management",PRACTITIONER / OWNER,EXPANSION_314,BRAUCHEN_CORE,A,PRIMARY_DISCOVERY,JA,ACTIVE_VERIFIED_2026-09,HIGH,Current /new feed checked via web in Sep 2026,HIGH,LOW,"Angebot→Auftrag→Baustelle→Dokumentation→Rechnung, Terminierung, Material, Fotos, Kalkulation, mobile Workflows",Sehr guter Practitioner-/Business-Kandidat für Pain-Point-Research.,500,,,,,https://www.reddit.com/r/Tile/,https://www.reddit.com/r/Tile/new/,2026-09-18,Current /new feed checked via web in Sep 2026,CORE,"Profession/business/operator-oriented community with recurring workflows, software/process spend and identifiable buyers.",SCAN_PILOT_NOW,300
r/artbusiness,Crafts_Makers_Sellers,"Maker, Künstler, Handarbeits- und Craft-Seller",HOBBY_PROSUMER / SELLER / SIDE_HUSTLE,EXPANSION_314,BRAUCHEN_CORE,A,PRIMARY_DISCOVERY,JA,ACTIVE_VERIFIED_2026-09,HIGH,Current /new feed checked via web in Sep 2026,HIGH,LOW,"Design, Material, Maschinen, Dateien, Kalkulation, Inventar, Verkauf, Personalisierung, Produktion",Sehr guter Practitioner-/Business-Kandidat für Pain-Point-Research.,500,,,,,https://www.reddit.com/r/artbusiness/,https://www.reddit.com/r/artbusiness/new/,2026-09-18,Current /new feed checked via web in Sep 2026,CORE,Direct operator/professional/business workflow source with strong recurring process and spending potential.,SCAN_PILOT_NOW,300
r/EmbroideryBusiness,Crafts_Makers_Sellers,Embroidery business owners,PRACTITIONER / OWNER / BUYER,NEW_WEB_RESEARCH,BRAUCHEN_CORE,A,PRIMARY_DISCOVERY,JA,ACTIVE_VERIFIED_2026-09,HIGH,Reddit /new page checked via web research in September 2026.,MEDIUM,LOW,"Digitizing, quoting, production, inventory, customer approvals",Aktive spezialisierte Berufs-/Business-Community mit konkreten operativen Workflows.,500,,,,,https://www.reddit.com/r/EmbroideryBusiness/,https://www.reddit.com/r/EmbroideryBusiness/new/,2026-09-18,Zusätzlich nach der 314er-Erweiterung gefunden und gegen vorhandene Namen dedupliziert.,CORE,Direct operator/professional/business workflow source with strong recurring process and spending potential.,SCAN_PILOT_NOW,300
r/Printshop,Crafts_Makers_Sellers,Print/copy shop operators,MIXED / PROSUMER,NEW_WEB_RESEARCH,BRAUCHEN_TESTEN,B,EXPLORATION,JA,ACTIVE_NICHE_VERIFIED_2026-09,HIGH,Reddit /new page checked via web research in September 2026.,MEDIUM,LOW,"Job intake, production, quoting, files, scheduling","Aktive, relevante Nischen-/Prosumer-Community; als Exploration sinnvoll.",250,,,,,https://www.reddit.com/r/Printshop/,https://www.reddit.com/r/Printshop/new/,2026-09-18,Zusätzlich nach der 314er-Erweiterung gefunden und gegen vorhandene Namen dedupliziert.,CORE,Direct operator/professional/business workflow source with strong recurring process and spending potential.,SCAN_PILOT_NOW,300
r/signshop,Crafts_Makers_Sellers,Sign industry / sign shops,PRACTITIONER / OWNER / BUYER,NEW_WEB_RESEARCH,BRAUCHEN_CORE,A,PRIMARY_DISCOVERY,JA,ACTIVE_VERIFIED_2026-09,HIGH,Reddit /new page checked via web research in September 2026.,MEDIUM,LOW,"Quotes, production, proofs, materials, job tracking",Aktive spezialisierte Berufs-/Business-Community mit konkreten operativen Workflows.,500,,,,,https://www.reddit.com/r/signshop/,https://www.reddit.com/r/signshop/new/,2026-09-18,Zusätzlich nach der 314er-Erweiterung gefunden und gegen vorhandene Namen dedupliziert.,CORE,Direct operator/professional/business workflow source with strong recurring process and spending potential.,SCAN_PILOT_NOW,300
r/WoodworkingBusiness,Crafts_Makers_Sellers,Woodworking business owners,MIXED / PROSUMER,NEW_WEB_RESEARCH,BRAUCHEN_TESTEN,B,EXPLORATION,JA,ACTIVE_NICHE_VERIFIED_2026-09,HIGH,Reddit /new page checked via web research in September 2026.,MEDIUM,LOW,"Quotes, custom orders, production, materials, scheduling","Aktive, relevante Nischen-/Prosumer-Community; als Exploration sinnvoll.",250,,,,,https://www.reddit.com/r/WoodworkingBusiness/,https://www.reddit.com/r/WoodworkingBusiness/new/,2026-09-18,Zusätzlich nach der 314er-Erweiterung gefunden und gegen vorhandene Namen dedupliziert.,CORE,Direct operator/professional/business workflow source with strong recurring process and spending potential.,SCAN_PILOT_NOW,300
r/NewsletterOperators,Creator_Freelance_Media,Newsletter operators,MIXED / PROSUMER,NEW_WEB_RESEARCH,BRAUCHEN_TESTEN,B,EXPLORATION,JA,ACTIVE_NICHE_VERIFIED_2026-09,HIGH,Reddit /new page checked via web research in September 2026.,HIGH,LOW,"Audience growth, sponsorships, publishing workflow, analytics","Aktive, relevante Nischen-/Prosumer-Community; als Exploration sinnvoll.",250,,,,,https://www.reddit.com/r/NewsletterOperators/,https://www.reddit.com/r/NewsletterOperators/new/,2026-09-18,Zusätzlich nach der 314er-Erweiterung gefunden und gegen vorhandene Namen dedupliziert.,CORE,Direct operator/professional/business workflow source with strong recurring process and spending potential.,SCAN_PILOT_NOW,300
r/advertising,DigitalMarketing,Digital-/Performance-Marketer,MIXED,LEGACY_647,BRAUCHEN_CORE,A,PRIMARY_DISCOVERY,JA,WAHRSCHEINLICH_AKTIV_PROXY,MEDIUM,Aktivität aus gelieferten Mitglieder-/Wachstumsdaten abgeleitet; nicht live verifiziert.,HIGH,LOW,,"Branchen-/Business-Kontext; hohe Chance auf wiederkehrende Prozesse, Tool-Probleme und konkrete Workarounds.",500,245000,37000,Eingeschraenkt - Mehrwert,4.421,https://www.reddit.com/r/advertising/,https://www.reddit.com/r/advertising/new/,,Legacy-Seed: Entscheidung neu bewertet; Aktivität bei fehlendem Live-Check nur als Proxy markiert.,CORE,"Profession/business/operator-oriented community with recurring workflows, software/process spend and identifiable buyers.",VERIFY_ACTIVITY_THEN_SCAN,0
r/Affiliatemarketing,DigitalMarketing,Digital-/Performance-Marketer,MIXED,LEGACY_647,BRAUCHEN_CORE,A,PRIMARY_DISCOVERY,JA,WAHRSCHEINLICH_AKTIV_PROXY,MEDIUM,Aktivität aus gelieferten Mitglieder-/Wachstumsdaten abgeleitet; nicht live verifiziert.,HIGH,LOW,,"Branchen-/Business-Kontext; hohe Chance auf wiederkehrende Prozesse, Tool-Probleme und konkrete Workarounds.",500,279000,53000,Eingeschraenkt - Mehrwert,4.495,https://www.reddit.com/r/Affiliatemarketing/,https://www.reddit.com/r/Affiliatemarketing/new/,,Legacy-Seed: Entscheidung neu bewertet; Aktivität bei fehlendem Live-Check nur als Proxy markiert.,CORE,"Profession/business/operator-oriented community with recurring workflows, software/process spend and identifiable buyers.",VERIFY_ACTIVITY_THEN_SCAN,0
r/AskMarketing,DigitalMarketing,Digital-/Performance-Marketer,MIXED,LEGACY_647,BRAUCHEN_CORE,A,PRIMARY_DISCOVERY,JA,WAHRSCHEINLICH_AKTIV_PROXY,MEDIUM,Aktivität aus gelieferten Mitglieder-/Wachstumsdaten abgeleitet; nicht live verifiziert.,HIGH,LOW,,"Branchen-/Business-Kontext; hohe Chance auf wiederkehrende Prozesse, Tool-Probleme und konkrete Workarounds.",500,145000,62000,Eingeschraenkt - Mehrwert,4.439,https://www.reddit.com/r/AskMarketing/,https://www.reddit.com/r/AskMarketing/new/,,Legacy-Seed: Entscheidung neu bewertet; Aktivität bei fehlendem Live-Check nur als Proxy markiert.,CORE,"Profession/business/operator-oriented community with recurring workflows, software/process spend and identifiable buyers.",VERIFY_ACTIVITY_THEN_SCAN,0
r/Blogging,DigitalMarketing,Digital-/Performance-Marketer,MIXED,LEGACY_647,BRAUCHEN_CORE,A,PRIMARY_DISCOVERY,NEIN_BIS_GEPRUEFT,PRUEFEN,LOW,Keine verwertbaren Aktivitätsmetriken in der gelieferten Legacy-Datei.,HIGH,LOW,,"Branchen-/Business-Kontext; hohe Chance auf wiederkehrende Prozesse, Tool-Probleme und konkrete Workarounds.",500,,,Eingeschraenkt - Mehrwert,2.4,https://www.reddit.com/r/Blogging/,https://www.reddit.com/r/Blogging/new/,,Legacy-Seed: Entscheidung neu bewertet; Aktivität bei fehlendem Live-Check nur als Proxy markiert.,CORE,"Profession/business/operator-oriented community with recurring workflows, software/process spend and identifiable buyers.",VERIFY_ACTIVITY_THEN_SCAN,0
r/content_marketing,DigitalMarketing,Digital-/Performance-Marketer,MIXED,LEGACY_647,BRAUCHEN_CORE,A,PRIMARY_DISCOVERY,JA,WAHRSCHEINLICH_AKTIV_PROXY,MEDIUM,Aktivität aus gelieferten Mitglieder-/Wachstumsdaten abgeleitet; nicht live verifiziert.,HIGH,LOW,,"Branchen-/Business-Kontext; hohe Chance auf wiederkehrende Prozesse, Tool-Probleme und konkrete Workarounds.",500,189000,46000,Eingeschraenkt - Mehrwert,4.398,https://www.reddit.com/r/content_marketing/,https://www.reddit.com/r/content_marketing/new/,,Legacy-Seed: Entscheidung neu bewertet; Aktivität bei fehlendem Live-Check nur als Proxy markiert.,CORE,"Profession/business/operator-oriented community with recurring workflows, software/process spend and identifiable buyers.",VERIFY_ACTIVITY_THEN_SCAN,0
r/digital_marketing,DigitalMarketing,Digital-/Performance-Marketer,MIXED,LEGACY_647,BRAUCHEN_CORE,A,PRIMARY_DISCOVERY,JA,WAHRSCHEINLICH_AKTIV_PROXY,MEDIUM,Aktivität aus gelieferten Mitglieder-/Wachstumsdaten abgeleitet; nicht live verifiziert.,HIGH,LOW,,"Branchen-/Business-Kontext; hohe Chance auf wiederkehrende Prozesse, Tool-Probleme und konkrete Workarounds.",500,352000,96000,Eingeschraenkt - Mehrwert,4.635,https://www.reddit.com/r/digital_marketing/,https://www.reddit.com/r/digital_marketing/new/,,Legacy-Seed: Entscheidung neu bewertet; Aktivität bei fehlendem Live-Check nur als Proxy markiert.,CORE,"Profession/business/operator-oriented community with recurring workflows, software/process spend and identifiable buyers.",VERIFY_ACTIVITY_THEN_SCAN,0
r/DigitalMarketing,DigitalMarketing,Digital-/Performance-Marketer,MIXED,LEGACY_647,BRAUCHEN_CORE,A,PRIMARY_DISCOVERY,JA,WAHRSCHEINLICH_AKTIV_PROXY,MEDIUM,Aktivität aus gelieferten Mitglieder-/Wachstumsdaten abgeleitet; nicht live verifiziert.,HIGH,LOW,,"Berufs-/Business-Community mit hoher Chance auf konkrete Workflow-, Software- und Zahlungsprobleme.",500,415000,159000,Eingeschraenkt - Mehrwert,4.771,https://www.reddit.com/r/DigitalMarketing/,https://www.reddit.com/r/DigitalMarketing/new/,,Legacy-Seed: Entscheidung neu bewertet; Aktivität bei fehlendem Live-Check nur als Proxy markiert.,CORE,"Profession/business/operator-oriented community with recurring workflows, software/process spend and identifiable buyers.",VERIFY_ACTIVITY_THEN_SCAN,0
r/FacebookAds,DigitalMarketing,Digital-/Performance-Marketer,MIXED,LEGACY_647,BRAUCHEN_CORE,A,PRIMARY_DISCOVERY,JA,WAHRSCHEINLICH_AKTIV_PROXY,MEDIUM,Aktivität aus gelieferten Mitglieder-/Wachstumsdaten abgeleitet; nicht live verifiziert.,HIGH,LOW,,"Berufs-/Business-Community mit hoher Chance auf konkrete Workflow-, Software- und Zahlungsprobleme.",500,241000,93000,Eingeschraenkt - Mehrwert,4.585,https://www.reddit.com/r/FacebookAds/,https://www.reddit.com/r/FacebookAds/new/,,Legacy-Seed: Entscheidung neu bewertet; Aktivität bei fehlendem Live-Check nur als Proxy markiert.,CORE,"Profession/business/operator-oriented community with recurring workflows, software/process spend and identifiable buyers.",VERIFY_ACTIVITY_THEN_SCAN,0
r/googleads,DigitalMarketing,Digital-/Performance-Marketer,MIXED,LEGACY_647,BRAUCHEN_CORE,A,PRIMARY_DISCOVERY,JA,WAHRSCHEINLICH_AKTIV_PROXY,MEDIUM,Aktivität aus gelieferten Mitglieder-/Wachstumsdaten abgeleitet; nicht live verifiziert.,HIGH,LOW,,"Berufs-/Business-Community mit hoher Chance auf konkrete Workflow-, Software- und Zahlungsprobleme.",500,72000,27000,Eingeschraenkt - Mehrwert,4.161,https://www.reddit.com/r/googleads/,https://www.reddit.com/r/googleads/new/,,Legacy-Seed: Entscheidung neu bewertet; Aktivität bei fehlendem Live-Check nur als Proxy markiert.,CORE,"Profession/business/operator-oriented community with recurring workflows, software/process spend and identifiable buyers.",VERIFY_ACTIVITY_THEN_SCAN,0
r/InstagramMarketing,DigitalMarketing,Digital-/Performance-Marketer,MIXED,LEGACY_647,BRAUCHEN_CORE,A,PRIMARY_DISCOVERY,JA,WAHRSCHEINLICH_AKTIV_PROXY,MEDIUM,Aktivität aus gelieferten Mitglieder-/Wachstumsdaten abgeleitet; nicht live verifiziert.,HIGH,LOW,,"Branchen-/Business-Kontext; hohe Chance auf wiederkehrende Prozesse, Tool-Probleme und konkrete Workarounds.",500,354000,121000,Eingeschraenkt - Mehrwert,4.686,https://www.reddit.com/r/InstagramMarketing/,https://www.reddit.com/r/InstagramMarketing/new/,,Legacy-Seed: Entscheidung neu bewertet; Aktivität bei fehlendem Live-Check nur als Proxy markiert.,CORE,"Profession/business/operator-oriented community with recurring workflows, software/process spend and identifiable buyers.",VERIFY_ACTIVITY_THEN_SCAN,0
r/marketing,DigitalMarketing,Digital-/Performance-Marketer,MIXED,LEGACY_647,BRAUCHEN_CORE,A,PRIMARY_DISCOVERY,JA,WAHRSCHEINLICH_AKTIV_PROXY,MEDIUM,Aktivität aus gelieferten Mitglieder-/Wachstumsdaten abgeleitet; nicht live verifiziert.,HIGH,LOW,,"Berufs-/Business-Community mit hoher Chance auf konkrete Workflow-, Software- und Zahlungsprobleme.",500,1900000,98000,Eingeschraenkt - Mehrwert,5.06,https://www.reddit.com/r/marketing/,https://www.reddit.com/r/marketing/new/,,Legacy-Seed: Entscheidung neu bewertet; Aktivität bei fehlendem Live-Check nur als Proxy markiert.,CORE,"Profession/business/operator-oriented community with recurring workflows, software/process spend and identifiable buyers.",VERIFY_ACTIVITY_THEN_SCAN,0
r/MarketingResearch,DigitalMarketing,Digital-/Performance-Marketer,MIXED,LEGACY_647,BRAUCHEN_CORE,A,PRIMARY_DISCOVERY,JA,WAHRSCHEINLICH_AKTIV_PROXY,MEDIUM,Aktivität aus gelieferten Mitglieder-/Wachstumsdaten abgeleitet; nicht live verifiziert.,HIGH,LOW,,"Branchen-/Business-Kontext; hohe Chance auf wiederkehrende Prozesse, Tool-Probleme und konkrete Workarounds.",500,33000,11000,Eingeschraenkt - Mehrwert,3.865,https://www.reddit.com/r/MarketingResearch/,https://www.reddit.com/r/MarketingResearch/new/,,Legacy-Seed: Entscheidung neu bewertet; Aktivität bei fehlendem Live-Check nur als Proxy markiert.,CORE,"Profession/business/operator-oriented community with recurring workflows, software/process spend and identifiable buyers.",VERIFY_ACTIVITY_THEN_SCAN,0
r/OnlineMarketing,DigitalMarketing,Digital-/Performance-Marketer,MIXED,LEGACY_647,BRAUCHEN_CORE,A,PRIMARY_DISCOVERY,JA,WAHRSCHEINLICH_AKTIV_PROXY,MEDIUM,Aktivität aus gelieferten Mitglieder-/Wachstumsdaten abgeleitet; nicht live verifiziert.,HIGH,LOW,,"Branchen-/Business-Kontext; hohe Chance auf wiederkehrende Prozesse, Tool-Probleme und konkrete Workarounds.",500,10000,6000,Eingeschraenkt - Mehrwert,3.665,https://www.reddit.com/r/OnlineMarketing/,https://www.reddit.com/r/OnlineMarketing/new/,,Legacy-Seed: Entscheidung neu bewertet; Aktivität bei fehlendem Live-Check nur als Proxy markiert.,CORE,"Profession/business/operator-oriented community with recurring workflows, software/process spend and identifiable buyers.",VERIFY_ACTIVITY_THEN_SCAN,0
r/PPC,DigitalMarketing,Digital-/Performance-Marketer,MIXED,LEGACY_647,BRAUCHEN_CORE,A,PRIMARY_DISCOVERY,JA,WAHRSCHEINLICH_AKTIV_PROXY,MEDIUM,Aktivität aus gelieferten Mitglieder-/Wachstumsdaten abgeleitet; nicht live verifiziert.,HIGH,LOW,,"Berufs-/Business-Community mit hoher Chance auf konkrete Workflow-, Software- und Zahlungsprobleme.",500,266000,52000,Eingeschraenkt - Mehrwert,4.482,https://www.reddit.com/r/PPC/,https://www.reddit.com/r/PPC/new/,,Legacy-Seed: Entscheidung neu bewertet; Aktivität bei fehlendem Live-Check nur als Proxy markiert.,CORE,"Profession/business/operator-oriented community with recurring workflows, software/process spend and identifiable buyers.",VERIFY_ACTIVITY_THEN_SCAN,0
r/webmarketing,DigitalMarketing,Digital-/Performance-Marketer,MIXED,LEGACY_647,BRAUCHEN_CORE,A,PRIMARY_DISCOVERY,NEIN_BIS_GEPRUEFT,PRUEFEN,LOW,Keine verwertbaren Aktivitätsmetriken in der gelieferten Legacy-Datei.,HIGH,LOW,,"Branchen-/Business-Kontext; hohe Chance auf wiederkehrende Prozesse, Tool-Probleme und konkrete Workarounds.",500,,,Eingeschraenkt - Mehrwert,2.4,https://www.reddit.com/r/webmarketing/,https://www.reddit.com/r/webmarketing/new/,,Legacy-Seed: Entscheidung neu bewertet; Aktivität bei fehlendem Live-Check nur als Proxy markiert.,CORE,"Profession/business/operator-oriented community with recurring workflows, software/process spend and identifiable buyers.",VERIFY_ACTIVITY_THEN_SCAN,0
r/AmazonSeller,Ecommerce,"Shop-Betreiber, Etsy/Shopify/Amazon",MIXED,LEGACY_647,BRAUCHEN_CORE,A,PRIMARY_DISCOVERY,JA,WAHRSCHEINLICH_AKTIV_PROXY,MEDIUM,Aktivität aus gelieferten Mitglieder-/Wachstumsdaten abgeleitet; nicht live verifiziert.,HIGH,LOW,,"Branchen-/Business-Kontext; hohe Chance auf wiederkehrende Prozesse, Tool-Probleme und konkrete Workarounds.",500,94000,14000,Eingeschraenkt - tw. Review-Subs erlaubt,4.089,https://www.reddit.com/r/AmazonSeller/,https://www.reddit.com/r/AmazonSeller/new/,,Legacy-Seed: Entscheidung neu bewertet; Aktivität bei fehlendem Live-Check nur als Proxy markiert.,CORE,"Profession/business/operator-oriented community with recurring workflows, software/process spend and identifiable buyers.",VERIFY_ACTIVITY_THEN_SCAN,0
r/crafts,Ecommerce,"Shop-Betreiber, Etsy/Shopify/Amazon",MIXED,LEGACY_647,BRAUCHEN_CORE,A,PRIMARY_DISCOVERY,NEIN_BIS_GEPRUEFT,PRUEFEN,LOW,Keine verwertbaren Aktivitätsmetriken in der gelieferten Legacy-Datei.,HIGH,LOW,,"Branchen-/Business-Kontext; hohe Chance auf wiederkehrende Prozesse, Tool-Probleme und konkrete Workarounds.",500,,,Eingeschraenkt - tw. Review-Subs erlaubt,2.4,https://www.reddit.com/r/crafts/,https://www.reddit.com/r/crafts/new/,,Legacy-Seed: Entscheidung neu bewertet; Aktivität bei fehlendem Live-Check nur als Proxy markiert.,CORE,"Profession/business/operator-oriented community with recurring workflows, software/process spend and identifiable buyers.",VERIFY_ACTIVITY_THEN_SCAN,0
r/dropship,Ecommerce,"Shop-Betreiber, Etsy/Shopify/Amazon",MIXED,LEGACY_647,BRAUCHEN_CORE,A,PRIMARY_DISCOVERY,JA,WAHRSCHEINLICH_AKTIV_PROXY,MEDIUM,Aktivität aus gelieferten Mitglieder-/Wachstumsdaten abgeleitet; nicht live verifiziert.,HIGH,LOW,,"Branchen-/Business-Kontext; hohe Chance auf wiederkehrende Prozesse, Tool-Probleme und konkrete Workarounds.",500,350000,42000,Eingeschraenkt - tw. Review-Subs erlaubt,4.523,https://www.reddit.com/r/dropship/,https://www.reddit.com/r/dropship/new/,,Legacy-Seed: Entscheidung neu bewertet; Aktivität bei fehlendem Live-Check nur als Proxy markiert.,CORE,"Profession/business/operator-oriented community with recurring workflows, software/process spend and identifiable buyers.",VERIFY_ACTIVITY_THEN_SCAN,0
r/dropshipping,Ecommerce,"Shop-Betreiber, Etsy/Shopify/Amazon",MIXED,LEGACY_647,BRAUCHEN_CORE,A,PRIMARY_DISCOVERY,NEIN_BIS_GEPRUEFT,PRUEFEN,LOW,Keine verwertbaren Aktivitätsmetriken in der gelieferten Legacy-Datei.,HIGH,LOW,,"Branchen-/Business-Kontext; hohe Chance auf wiederkehrende Prozesse, Tool-Probleme und konkrete Workarounds.",500,,,Eingeschraenkt - tw. Review-Subs erlaubt,2.4,https://www.reddit.com/r/dropshipping/,https://www.reddit.com/r/dropshipping/new/,,Legacy-Seed: Entscheidung neu bewertet; Aktivität bei fehlendem Live-Check nur als Proxy markiert.,CORE,"Profession/business/operator-oriented community with recurring workflows, software/process spend and identifiable buyers.",VERIFY_ACTIVITY_THEN_SCAN,0
r/ecommerce,Ecommerce,"Shop-Betreiber, Etsy/Shopify/Amazon",MIXED,LEGACY_647,BRAUCHEN_CORE,A,PRIMARY_DISCOVERY,JA,WAHRSCHEINLICH_AKTIV_PROXY,MEDIUM,Aktivität aus gelieferten Mitglieder-/Wachstumsdaten abgeleitet; nicht live verifiziert.,HIGH,LOW,,"Berufs-/Business-Community mit hoher Chance auf konkrete Workflow-, Software- und Zahlungsprobleme.",500,644000,106000,Eingeschraenkt - tw. Review-Subs erlaubt,4.766,https://www.reddit.com/r/ecommerce/,https://www.reddit.com/r/ecommerce/new/,,Legacy-Seed: Entscheidung neu bewertet; Aktivität bei fehlendem Live-Check nur als Proxy markiert.,CORE,"Profession/business/operator-oriented community with recurring workflows, software/process spend and identifiable buyers.",VERIFY_ACTIVITY_THEN_SCAN,0
r/ecommerce_growth,Ecommerce,"Shop-Betreiber, Etsy/Shopify/Amazon",MIXED,LEGACY_647,BRAUCHEN_CORE,A,PRIMARY_DISCOVERY,JA,WAHRSCHEINLICH_AKTIV_PROXY,MEDIUM,Aktivität aus gelieferten Mitglieder-/Wachstumsdaten abgeleitet; nicht live verifiziert.,HIGH,LOW,,"Branchen-/Business-Kontext; hohe Chance auf wiederkehrende Prozesse, Tool-Probleme und konkrete Workarounds.",500,16000,8000,Eingeschraenkt - tw. Review-Subs erlaubt,3.744,https://www.reddit.com/r/ecommerce_growth/,https://www.reddit.com/r/ecommerce_growth/new/,,Legacy-Seed: Entscheidung neu bewertet; Aktivität bei fehlendem Live-Check nur als Proxy markiert.,CORE,"Profession/business/operator-oriented community with recurring workflows, software/process spend and identifiable buyers.",VERIFY_ACTIVITY_THEN_SCAN,0
r/ecommercemarketing,Ecommerce,"Shop-Betreiber, Etsy/Shopify/Amazon",MIXED,LEGACY_647,BRAUCHEN_CORE,A,PRIMARY_DISCOVERY,JA,WAHRSCHEINLICH_AKTIV_PROXY,MEDIUM,Aktivität aus gelieferten Mitglieder-/Wachstumsdaten abgeleitet; nicht live verifiziert.,HIGH,LOW,,"Branchen-/Business-Kontext; hohe Chance auf wiederkehrende Prozesse, Tool-Probleme und konkrete Workarounds.",500,44000,14000,Eingeschraenkt - tw. Review-Subs erlaubt,3.952,https://www.reddit.com/r/ecommercemarketing/,https://www.reddit.com/r/ecommercemarketing/new/,,Legacy-Seed: Entscheidung neu bewertet; Aktivität bei fehlendem Live-Check nur als Proxy markiert.,CORE,"Profession/business/operator-oriented community with recurring workflows, software/process spend and identifiable buyers.",VERIFY_ACTIVITY_THEN_SCAN,0
r/Etsy,Ecommerce,"Shop-Betreiber, Etsy/Shopify/Amazon",MIXED,LEGACY_647,BRAUCHEN_CORE,A,PRIMARY_DISCOVERY,JA,WAHRSCHEINLICH_AKTIV_PROXY,MEDIUM,Aktivität aus gelieferten Mitglieder-/Wachstumsdaten abgeleitet; nicht live verifiziert.,HIGH,LOW,,"Branchen-/Business-Kontext; hohe Chance auf wiederkehrende Prozesse, Tool-Probleme und konkrete Workarounds.",500,308000,42000,Eingeschraenkt - tw. Review-Subs erlaubt,4.49,https://www.reddit.com/r/Etsy/,https://www.reddit.com/r/Etsy/new/,,Legacy-Seed: Entscheidung neu bewertet; Aktivität bei fehlendem Live-Check nur als Proxy markiert.,CORE,"Profession/business/operator-oriented community with recurring workflows, software/process spend and identifiable buyers.",VERIFY_ACTIVITY_THEN_SCAN,0
r/EtsySellers,Ecommerce,"Shop-Betreiber, Etsy/Shopify/Amazon",MIXED,LEGACY_647,BRAUCHEN_CORE,A,PRIMARY_DISCOVERY,JA,WAHRSCHEINLICH_AKTIV_PROXY,MEDIUM,Aktivität aus gelieferten Mitglieder-/Wachstumsdaten abgeleitet; nicht live verifiziert.,HIGH,LOW,,"Branchen-/Business-Kontext; hohe Chance auf wiederkehrende Prozesse, Tool-Probleme und konkrete Workarounds.",500,239000,49000,Eingeschraenkt - tw. Review-Subs erlaubt,4.452,https://www.reddit.com/r/EtsySellers/,https://www.reddit.com/r/EtsySellers/new/,,Legacy-Seed: Entscheidung neu bewertet; Aktivität bei fehlendem Live-Check nur als Proxy markiert.,CORE,"Profession/business/operator-oriented community with recurring workflows, software/process spend and identifiable buyers.",VERIFY_ACTIVITY_THEN_SCAN,0
r/Random_Acts_of_Etsy,Ecommerce,"Shop-Betreiber, Etsy/Shopify/Amazon",MIXED,LEGACY_647,NICHT_BRAUCHEN,X,EXCLUDE,NEIN,AKTIV_NISCHE_PROXY,MEDIUM,Kleinere/nischige Community laut Legacy-Daten; vor großem Scan live prüfen.,HIGH,LOW,,"Überwiegend Unterhaltung, Promotion oder sehr schwacher Bezug zu lösbaren Arbeits-/Business-Problemen.",0,11000,,Eingeschraenkt - tw. Review-Subs erlaubt,3.263,https://www.reddit.com/r/Random_Acts_of_Etsy/,https://www.reddit.com/r/Random_Acts_of_Etsy/new/,,Legacy-Seed: Entscheidung neu bewertet; Aktivität bei fehlendem Live-Check nur als Proxy markiert.,CORE,"Profession/business/operator-oriented community with recurring workflows, software/process spend and identifiable buyers.",VERIFY_ACTIVITY_THEN_SCAN,0
r/reviewmyshopify,Ecommerce,"Shop-Betreiber, Etsy/Shopify/Amazon",MIXED,LEGACY_647,BRAUCHEN_CORE,A,PRIMARY_DISCOVERY,JA,WAHRSCHEINLICH_AKTIV_PROXY,MEDIUM,Aktivität aus gelieferten Mitglieder-/Wachstumsdaten abgeleitet; nicht live verifiziert.,HIGH,LOW,,"Branchen-/Business-Kontext; hohe Chance auf wiederkehrende Prozesse, Tool-Probleme und konkrete Workarounds.",500,51000,14000,Eingeschraenkt - tw. Review-Subs erlaubt,3.97,https://www.reddit.com/r/reviewmyshopify/,https://www.reddit.com/r/reviewmyshopify/new/,,Legacy-Seed: Entscheidung neu bewertet; Aktivität bei fehlendem Live-Check nur als Proxy markiert.,CORE,"Profession/business/operator-oriented community with recurring workflows, software/process spend and identifiable buyers.",VERIFY_ACTIVITY_THEN_SCAN,0
r/shopify,Ecommerce,"Shop-Betreiber, Etsy/Shopify/Amazon",MIXED,LEGACY_647,BRAUCHEN_CORE,A,PRIMARY_DISCOVERY,JA,WAHRSCHEINLICH_AKTIV_PROXY,MEDIUM,Aktivität aus gelieferten Mitglieder-/Wachstumsdaten abgeleitet; nicht live verifiziert.,HIGH,LOW,,"Berufs-/Business-Community mit hoher Chance auf konkrete Workflow-, Software- und Zahlungsprobleme.",500,355000,66000,Eingeschraenkt - tw. Review-Subs erlaubt,4.575,https://www.reddit.com/r/shopify/,https://www.reddit.com/r/shopify/new/,,Legacy-Seed: Entscheidung neu bewertet; Aktivität bei fehlendem Live-Check nur als Proxy markiert.,CORE,"Profession/business/operator-oriented community with recurring workflows, software/process spend and identifiable buyers.",VERIFY_ACTIVITY_THEN_SCAN,0
r/somethingimade,Ecommerce,"Shop-Betreiber, Etsy/Shopify/Amazon",MIXED,LEGACY_647,BRAUCHEN_CORE,A,PRIMARY_DISCOVERY,NEIN_BIS_GEPRUEFT,PRUEFEN,LOW,Keine verwertbaren Aktivitätsmetriken in der gelieferten Legacy-Datei.,HIGH,LOW,,"Branchen-/Business-Kontext; hohe Chance auf wiederkehrende Prozesse, Tool-Probleme und konkrete Workarounds.",500,,,Eingeschraenkt - tw. Review-Subs erlaubt,2.4,https://www.reddit.com/r/somethingimade/,https://www.reddit.com/r/somethingimade/new/,,Legacy-Seed: Entscheidung neu bewertet; Aktivität bei fehlendem Live-Check nur als Proxy markiert.,CORE,"Profession/business/operator-oriented community with recurring workflows, software/process spend and identifiable buyers.",VERIFY_ACTIVITY_THEN_SCAN,0
r/uk_ecommerce,Ecommerce,"Shop-Betreiber, Etsy/Shopify/Amazon",MIXED,LEGACY_647,BRAUCHEN_CORE,A,PRIMARY_DISCOVERY,NEIN_BIS_GEPRUEFT,PRUEFEN,LOW,Sehr kleine Community laut Legacy-Daten; vor Scan live prüfen.,HIGH,LOW,,"Branchen-/Business-Kontext; hohe Chance auf wiederkehrende Prozesse, Tool-Probleme und konkrete Workarounds.",500,788,,Eingeschraenkt - tw. Review-Subs erlaubt,2.602,https://www.reddit.com/r/uk_ecommerce/,https://www.reddit.com/r/uk_ecommerce/new/,,Legacy-Seed: Entscheidung neu bewertet; Aktivität bei fehlendem Live-Check nur als Proxy markiert.,CORE,"Profession/business/operator-oriented community with recurring workflows, software/process spend and identifiable buyers.",VERIFY_ACTIVITY_THEN_SCAN,0
r/WalmartSellers,Ecommerce,"Shop-Betreiber, Etsy/Shopify/Amazon",MIXED,LEGACY_647,BRAUCHEN_CORE,A,PRIMARY_DISCOVERY,JA,AKTIV_NISCHE_PROXY,MEDIUM,Kleinere/nischige Community laut Legacy-Daten; vor großem Scan live prüfen.,HIGH,LOW,,"Branchen-/Business-Kontext; hohe Chance auf wiederkehrende Prozesse, Tool-Probleme und konkrete Workarounds.",500,10000,,Eingeschraenkt - tw. Review-Subs erlaubt,3.233,https://www.reddit.com/r/WalmartSellers/,https://www.reddit.com/r/WalmartSellers/new/,,Legacy-Seed: Entscheidung neu bewertet; Aktivität bei fehlendem Live-Check nur als Proxy markiert.,CORE,"Profession/business/operator-oriented community with recurring workflows, software/process spend and identifiable buyers.",VERIFY_ACTIVITY_THEN_SCAN,0
r/AmazonFBAOnlineRetail,Ecommerce_Marketplaces,"Online-Händler, Marktplatz-Seller und Reseller",SELLER / OWNER / SIDE_HUSTLE,EXPANSION_314,BRAUCHEN_CORE,A,PRIMARY_DISCOVERY,JA,ACTIVE_NICHE_VERIFIED_2026-09,HIGH,Current /new feed checked via web in Sep 2026,HIGH,LOW,"Listings, Inventar, Versand, Gebühren, Retouren, Crosslisting, Buchhaltung, Ads, Plattform-Workflows",Sehr guter Practitioner-/Business-Kandidat für Pain-Point-Research.,500,,,,,https://www.reddit.com/r/AmazonFBAOnlineRetail/,https://www.reddit.com/r/AmazonFBAOnlineRetail/new/,2026-09-18,Current /new feed checked via web in Sep 2026,CORE,"Profession/business/operator-oriented community with recurring workflows, software/process spend and identifiable buyers.",SCAN_PILOT_NOW,300
r/Depop,Ecommerce_Marketplaces,"Online-Händler, Marktplatz-Seller und Reseller",SELLER / OWNER / SIDE_HUSTLE,EXPANSION_314,BRAUCHEN_CORE,A,PRIMARY_DISCOVERY,JA,ACTIVE_VERIFIED_2026-09,HIGH,Current /new feed checked via web in Sep 2026,HIGH,LOW,"Listings, Inventar, Versand, Gebühren, Retouren, Crosslisting, Buchhaltung, Ads, Plattform-Workflows",Sehr guter Practitioner-/Business-Kandidat für Pain-Point-Research.,500,,,,,https://www.reddit.com/r/Depop/,https://www.reddit.com/r/Depop/new/,2026-09-18,Current /new feed checked via web in Sep 2026,CORE,"Profession/business/operator-oriented community with recurring workflows, software/process spend and identifiable buyers.",SCAN_PILOT_NOW,300
r/depopsellers,Ecommerce_Marketplaces,Depop sellers,MIXED / PROSUMER,NEW_WEB_RESEARCH,BRAUCHEN_TESTEN,B,EXPLORATION,JA,ACTIVE_NICHE_VERIFIED_2026-09,HIGH,Reddit /new page checked via web research in September 2026.,HIGH,LOW,"Listings, inventory, pricing, shipping, seller tooling","Aktive, relevante Nischen-/Prosumer-Community; als Exploration sinnvoll.",250,,,,,https://www.reddit.com/r/depopsellers/,https://www.reddit.com/r/depopsellers/new/,2026-09-18,Zusätzlich nach der 314er-Erweiterung gefunden und gegen vorhandene Namen dedupliziert.,CORE,"Profession/business/operator-oriented community with recurring workflows, software/process spend and identifiable buyers.",SCAN_PILOT_NOW,300
r/Ebay,Ecommerce_Marketplaces,"Online-Händler, Marktplatz-Seller und Reseller",SELLER / OWNER / SIDE_HUSTLE,EXPANSION_314,BRAUCHEN_CORE,A,PRIMARY_DISCOVERY,JA,ACTIVE_VERIFIED_2026-09,HIGH,Current /new feed checked via web in Sep 2026,HIGH,LOW,"Listings, Inventar, Versand, Gebühren, Retouren, Crosslisting, Buchhaltung, Ads, Plattform-Workflows",Sehr guter Practitioner-/Business-Kandidat für Pain-Point-Research.,500,,,,,https://www.reddit.com/r/Ebay/,https://www.reddit.com/r/Ebay/new/,2026-09-18,Current /new feed checked via web in Sep 2026,CORE,"Profession/business/operator-oriented community with recurring workflows, software/process spend and identifiable buyers.",SCAN_PILOT_NOW,300
r/eBaySellerAdvice,Ecommerce_Marketplaces,"Online-Händler, Marktplatz-Seller und Reseller",SELLER / OWNER / SIDE_HUSTLE,EXPANSION_314,BRAUCHEN_CORE,A,PRIMARY_DISCOVERY,JA,ACTIVE_VERIFIED_2026-09,HIGH,Current /new feed checked via web in Sep 2026,HIGH,LOW,"Listings, Inventar, Versand, Gebühren, Retouren, Crosslisting, Buchhaltung, Ads, Plattform-Workflows",Sehr guter Practitioner-/Business-Kandidat für Pain-Point-Research.,500,,,,,https://www.reddit.com/r/eBaySellerAdvice/,https://www.reddit.com/r/eBaySellerAdvice/new/,2026-09-18,Current /new feed checked via web in Sep 2026,CORE,Direct operator/professional/business workflow source with strong recurring process and spending potential.,SCAN_PILOT_NOW,300
r/eBaySellers,Ecommerce_Marketplaces,eBay sellers,PRACTITIONER / OWNER / BUYER,NEW_WEB_RESEARCH,BRAUCHEN_CORE,A,PRIMARY_DISCOVERY,JA,ACTIVE_VERIFIED_2026-09,HIGH,Reddit /new page checked via web research in September 2026.,HIGH,LOW,"Listings, inventory, pricing, shipping, returns, seller tooling",Aktive spezialisierte Berufs-/Business-Community mit konkreten operativen Workflows.,500,,,,,https://www.reddit.com/r/eBaySellers/,https://www.reddit.com/r/eBaySellers/new/,2026-09-18,Zusätzlich nach der 314er-Erweiterung gefunden und gegen vorhandene Namen dedupliziert.,CORE,Direct operator/professional/business workflow source with strong recurring process and spending potential.,SCAN_PILOT_NOW,300
r/EtsyCommunity,Ecommerce_Marketplaces,"Online-Händler, Marktplatz-Seller und Reseller",SELLER / OWNER / SIDE_HUSTLE,EXPANSION_314,BRAUCHEN_CORE,A,PRIMARY_DISCOVERY,JA,ACTIVE_VERIFIED_2026-09,HIGH,Current /new feed checked via web in Sep 2026,HIGH,LOW,"Listings, Inventar, Versand, Gebühren, Retouren, Crosslisting, Buchhaltung, Ads, Plattform-Workflows",Sehr guter Practitioner-/Business-Kandidat für Pain-Point-Research.,500,,,,,https://www.reddit.com/r/EtsyCommunity/,https://www.reddit.com/r/EtsyCommunity/new/,2026-09-18,Current /new feed checked via web in Sep 2026,CORE,"Profession/business/operator-oriented community with recurring workflows, software/process spend and identifiable buyers.",SCAN_PILOT_NOW,300
r/FBA,Ecommerce_Marketplaces,"Online-Händler, Marktplatz-Seller und Reseller",SELLER / OWNER / SIDE_HUSTLE,EXPANSION_314,BRAUCHEN_CORE,A,PRIMARY_DISCOVERY,NEIN_BIS_GEPRUEFT,PRUEFEN,LOW,Web check returned unavailable/error; verify before use,HIGH,LOW,"Listings, Inventar, Versand, Gebühren, Retouren, Crosslisting, Buchhaltung, Ads, Plattform-Workflows",Sehr guter Practitioner-/Business-Kandidat für Pain-Point-Research.,500,,,,,https://www.reddit.com/r/FBA/,https://www.reddit.com/r/FBA/new/,,Web check returned unavailable/error; verify before use,CORE,"Profession/business/operator-oriented community with recurring workflows, software/process spend and identifiable buyers.",VERIFY_ACTIVITY_THEN_SCAN,0
r/Flipping,Ecommerce_Marketplaces,"Online-Händler, Marktplatz-Seller und Reseller",SELLER / OWNER / SIDE_HUSTLE,EXPANSION_314,BRAUCHEN_CORE,A,PRIMARY_DISCOVERY,JA,ACTIVE_VERIFIED_2026-09,HIGH,Current /new feed checked via web in Sep 2026,HIGH,LOW,"Listings, Inventar, Versand, Gebühren, Retouren, Crosslisting, Buchhaltung, Ads, Plattform-Workflows",Sehr guter Practitioner-/Business-Kandidat für Pain-Point-Research.,500,,,,,https://www.reddit.com/r/Flipping/,https://www.reddit.com/r/Flipping/new/,2026-09-18,Current /new feed checked via web in Sep 2026,CORE,"Profession/business/operator-oriented community with recurring workflows, software/process spend and identifiable buyers.",SCAN_PILOT_NOW,300
r/FulfillmentByAmazon,Ecommerce_Marketplaces,"Online-Händler, Marktplatz-Seller und Reseller",SELLER / OWNER / SIDE_HUSTLE,EXPANSION_314,BRAUCHEN_CORE,A,PRIMARY_DISCOVERY,JA,ACTIVE_VERIFIED_2026-09,HIGH,Current /new feed checked via web in Sep 2026,HIGH,LOW,"Listings, Inventar, Versand, Gebühren, Retouren, Crosslisting, Buchhaltung, Ads, Plattform-Workflows",Sehr guter Practitioner-/Business-Kandidat für Pain-Point-Research.,500,,,,,https://www.reddit.com/r/FulfillmentByAmazon/,https://www.reddit.com/r/FulfillmentByAmazon/new/,2026-09-18,Current /new feed checked via web in Sep 2026,CORE,Direct operator/professional/business workflow source with strong recurring process and spending potential.,SCAN_PILOT_NOW,300
r/Mercari,Ecommerce_Marketplaces,"Online-Händler, Marktplatz-Seller und Reseller",SELLER / OWNER / SIDE_HUSTLE,EXPANSION_314,BRAUCHEN_CORE,A,PRIMARY_DISCOVERY,JA,ACTIVE_VERIFIED_2026-09,HIGH,Current /new feed checked via web in Sep 2026,HIGH,LOW,"Listings, Inventar, Versand, Gebühren, Retouren, Crosslisting, Buchhaltung, Ads, Plattform-Workflows",Sehr guter Practitioner-/Business-Kandidat für Pain-Point-Research.,500,,,,,https://www.reddit.com/r/Mercari/,https://www.reddit.com/r/Mercari/new/,2026-09-18,Current /new feed checked via web in Sep 2026,CORE,"Profession/business/operator-oriented community with recurring workflows, software/process spend and identifiable buyers.",SCAN_PILOT_NOW,300
r/poshmark,Ecommerce_Marketplaces,"Online-Händler, Marktplatz-Seller und Reseller",SELLER / OWNER / SIDE_HUSTLE,EXPANSION_314,BRAUCHEN_CORE,A,PRIMARY_DISCOVERY,JA,ACTIVE_VERIFIED_2026-09,HIGH,Current /new feed checked via web in Sep 2026,HIGH,LOW,"Listings, Inventar, Versand, Gebühren, Retouren, Crosslisting, Buchhaltung, Ads, Plattform-Workflows",Sehr guter Practitioner-/Business-Kandidat für Pain-Point-Research.,500,,,,,https://www.reddit.com/r/poshmark/,https://www.reddit.com/r/poshmark/new/,2026-09-18,Current /new feed checked via web in Sep 2026,CORE,"Profession/business/operator-oriented community with recurring workflows, software/process spend and identifiable buyers.",SCAN_PILOT_NOW,300
r/PoshmarkSellers,Ecommerce_Marketplaces,Poshmark sellers,MIXED / PROSUMER,NEW_WEB_RESEARCH,BRAUCHEN_TESTEN,B,EXPLORATION,JA,ACTIVE_NICHE_VERIFIED_2026-09,HIGH,Reddit /new page checked via web research in September 2026.,HIGH,LOW,"Listings, inventory, cross-listing, offers, shipping","Aktive, relevante Nischen-/Prosumer-Community; als Exploration sinnvoll.",250,,,,,https://www.reddit.com/r/PoshmarkSellers/,https://www.reddit.com/r/PoshmarkSellers/new/,2026-09-18,Zusätzlich nach der 314er-Erweiterung gefunden und gegen vorhandene Namen dedupliziert.,CORE,"Profession/business/operator-oriented community with recurring workflows, software/process spend and identifiable buyers.",SCAN_PILOT_NOW,300
r/printondemand,Ecommerce_Marketplaces,"Online-Händler, Marktplatz-Seller und Reseller",SELLER / OWNER / SIDE_HUSTLE,EXPANSION_314,BRAUCHEN_CORE,A,PRIMARY_DISCOVERY,JA,ACTIVE_VERIFIED_2026-09,HIGH,Current /new feed checked via web in Sep 2026,HIGH,LOW,"Listings, Inventar, Versand, Gebühren, Retouren, Crosslisting, Buchhaltung, Ads, Plattform-Workflows",Sehr guter Practitioner-/Business-Kandidat für Pain-Point-Research.,500,,,,,https://www.reddit.com/r/printondemand/,https://www.reddit.com/r/printondemand/new/,2026-09-18,Current /new feed checked via web in Sep 2026,CORE,"Profession/business/operator-oriented community with recurring workflows, software/process spend and identifiable buyers.",SCAN_PILOT_NOW,300
r/Resellers,Ecommerce_Marketplaces,Resellers,PRACTITIONER / OWNER / BUYER,NEW_RECHECK_CANDIDATE,PRUEFEN,R,RECHECK,NEIN_BIS_GEPRUEFT,PRUEFEN,LOW,Web check returned unavailable/internal error; existence/activity not safely confirmed.,HIGH,LOW,,"Thematisch potenziell sehr wertvoll, aber vor automatischem Scan zuerst Existenz/Aktivität erneut prüfen.",0,,,,,https://www.reddit.com/r/Resellers/,https://www.reddit.com/r/Resellers/new/,,"Nicht automatisch scannen, bis der Source-Health-Check erfolgreich war.",CORE,"Profession/business/operator-oriented community with recurring workflows, software/process spend and identifiable buyers.",VERIFY_ACTIVITY_THEN_SCAN,0
r/reselling,Ecommerce_Marketplaces,"Online-Händler, Marktplatz-Seller und Reseller",SELLER / OWNER / SIDE_HUSTLE,EXPANSION_314,BRAUCHEN_CORE,A,PRIMARY_DISCOVERY,JA,ACTIVE_VERIFIED_2026-09,HIGH,Current /new feed checked via web in Sep 2026,HIGH,LOW,"Listings, Inventar, Versand, Gebühren, Retouren, Crosslisting, Buchhaltung, Ads, Plattform-Workflows",Sehr guter Practitioner-/Business-Kandidat für Pain-Point-Research.,500,,,,,https://www.reddit.com/r/reselling/,https://www.reddit.com/r/reselling/new/,2026-09-18,Current /new feed checked via web in Sep 2026,CORE,"Profession/business/operator-oriented community with recurring workflows, software/process spend and identifiable buyers.",SCAN_PILOT_NOW,300
r/ResellingBusiness,Ecommerce_Marketplaces,Reselling businesses,PRACTITIONER / OWNER / BUYER,NEW_RECHECK_CANDIDATE,PRUEFEN,R,RECHECK,NEIN_BIS_GEPRUEFT,PRUEFEN,LOW,Web check returned unavailable/internal error; existence/activity not safely confirmed.,HIGH,LOW,,"Thematisch potenziell sehr wertvoll, aber vor automatischem Scan zuerst Existenz/Aktivität erneut prüfen.",0,,,,,https://www.reddit.com/r/ResellingBusiness/,https://www.reddit.com/r/ResellingBusiness/new/,,"Nicht automatisch scannen, bis der Source-Health-Check erfolgreich war.",CORE,"Profession/business/operator-oriented community with recurring workflows, software/process spend and identifiable buyers.",VERIFY_ACTIVITY_THEN_SCAN,0
r/ShopifyEntrepreneurs,Ecommerce_Marketplaces,Shopify entrepreneurs,MIXED / PROSUMER,NEW_WEB_RESEARCH,BRAUCHEN_TESTEN,B,EXPLORATION,NEIN_BIS_GEPRUEFT,PRUEFEN_STALE,LOW,Reddit crawl/result was stale; recheck before scan.,HIGH,LOW,Merchant tooling and operations; activity crawl is stale,"Aktive, relevante Nischen-/Prosumer-Community; als Exploration sinnvoll.",250,,,,,https://www.reddit.com/r/ShopifyEntrepreneurs/,https://www.reddit.com/r/ShopifyEntrepreneurs/new/,,Zusätzlich nach der 314er-Erweiterung gefunden und gegen vorhandene Namen dedupliziert.,CORE,"Profession/business/operator-oriented community with recurring workflows, software/process spend and identifiable buyers.",VERIFY_ACTIVITY_THEN_SCAN,0
r/WooCommerce,Ecommerce_Marketplaces,"Online-Händler, Marktplatz-Seller und Reseller",SELLER / OWNER / SIDE_HUSTLE,EXPANSION_314,BRAUCHEN_CORE,A,PRIMARY_DISCOVERY,JA,ACTIVE_VERIFIED_2026-09,HIGH,Current /new feed checked via web in Sep 2026,HIGH,LOW,"Listings, Inventar, Versand, Gebühren, Retouren, Crosslisting, Buchhaltung, Ads, Plattform-Workflows",Sehr guter Practitioner-/Business-Kandidat für Pain-Point-Research.,500,,,,,https://www.reddit.com/r/WooCommerce/,https://www.reddit.com/r/WooCommerce/new/,2026-09-18,Current /new feed checked via web in Sep 2026,CORE,"Profession/business/operator-oriented community with recurring workflows, software/process spend and identifiable buyers.",SCAN_PILOT_NOW,300
r/edtech,Education,"Lehrkräfte, Hochschulen, Beratung, Bibliotheken, Early Childhood und Instructional Design",PRACTITIONER / PROFESSIONAL,EXPANSION_314,BRAUCHEN_CORE,A,PRIMARY_DISCOVERY,JA,ACTIVE_VERIFIED_2026-09,HIGH,Current /new feed checked via web in Sep 2026,HIGH,LOW,"Planung, Bewertung, Kommunikation, Dokumentation, Lernsysteme, Administration und Material",Sehr guter Practitioner-/Business-Kandidat für Pain-Point-Research.,500,,,,,https://www.reddit.com/r/edtech/,https://www.reddit.com/r/edtech/new/,2026-09-18,Current /new feed checked via web in Sep 2026,CORE,Direct operator/professional/business workflow source with strong recurring process and spending potential.,SCAN_PILOT_NOW,300
r/InstructionalDesign,Education,"Lehrkräfte, Hochschulen, Beratung, Bibliotheken, Early Childhood und Instructional Design",PRACTITIONER / PROFESSIONAL,EXPANSION_314,BRAUCHEN_CORE,A,PRIMARY_DISCOVERY,JA,ACTIVE_NICHE_VERIFIED_2026-09,HIGH,Current /new feed checked via web in Sep 2026,HIGH,LOW,"Planung, Bewertung, Kommunikation, Dokumentation, Lernsysteme, Administration und Material",Sehr guter Practitioner-/Business-Kandidat für Pain-Point-Research.,500,,,,,https://www.reddit.com/r/InstructionalDesign/,https://www.reddit.com/r/InstructionalDesign/new/,2026-09-18,Current /new feed checked via web in Sep 2026,CORE,Direct operator/professional/business workflow source with strong recurring process and spending potential.,SCAN_PILOT_NOW,300
r/Librarians,Education,"Lehrkräfte, Hochschulen, Beratung, Bibliotheken, Early Childhood und Instructional Design",PRACTITIONER / PROFESSIONAL,EXPANSION_314,BRAUCHEN_TESTEN,B,EXPLORATION,JA,ACTIVE_VERIFIED_2026-09,HIGH,Current /new feed checked via web in Sep 2026,HIGH,LOW,"Planung, Bewertung, Kommunikation, Dokumentation, Lernsysteme, Administration und Material",Sinnvoller Exploration-Pilot; Research-Yield messen.,250,,,,,https://www.reddit.com/r/Librarians/,https://www.reddit.com/r/Librarians/new/,2026-09-18,Current /new feed checked via web in Sep 2026,CORE,Direct operator/professional/business workflow source with strong recurring process and spending potential.,SCAN_PILOT_NOW,300
r/libraries,Education,"Lehrkräfte, Hochschulen, Beratung, Bibliotheken, Early Childhood und Instructional Design",PRACTITIONER / PROFESSIONAL,EXPANSION_314,BRAUCHEN_CORE,A,PRIMARY_DISCOVERY,NEIN_BIS_GEPRUEFT,PRUEFEN,LOW,Web check returned unavailable/error; verify before use,HIGH,LOW,"Planung, Bewertung, Kommunikation, Dokumentation, Lernsysteme, Administration und Material",Sehr guter Practitioner-/Business-Kandidat für Pain-Point-Research.,500,,,,,https://www.reddit.com/r/libraries/,https://www.reddit.com/r/libraries/new/,,Web check returned unavailable/error; verify before use,CORE,Direct operator/professional/business workflow source with strong recurring process and spending potential.,VERIFY_ACTIVITY_THEN_SCAN,0
r/Emailmarketing,Email_Newsletter,Newsletter-/E-Mail-Marketer,MIXED,LEGACY_647,SEKUNDAER,S,SECONDARY_SIGNAL,NUR_SEKUNDAER,WAHRSCHEINLICH_AKTIV_PROXY,MEDIUM,Aktivität aus gelieferten Mitglieder-/Wachstumsdaten abgeleitet; nicht live verifiziert.,MEDIUM,LOW,,"Kann ergänzende Markt-, Tool-, Trend- oder Zahlungs-Signale liefern, aber nicht als Kernquelle priorisieren.",150,117000,33000,Eingeschraenkt - Mehrwert,4.261,https://www.reddit.com/r/Emailmarketing/,https://www.reddit.com/r/Emailmarketing/new/,,Legacy-Seed: Entscheidung neu bewertet; Aktivität bei fehlendem Live-Check nur als Proxy markiert.,CORE,Direct operator/professional/business workflow source with strong recurring process and spending potential.,VERIFY_ACTIVITY_THEN_SCAN,0
r/Bookkeeping_Business,Entrepreneur_Biz,"Gruender, Small-Business-Owner",MIXED,LEGACY_647,SEKUNDAER,S,SECONDARY_SIGNAL,NEIN_BIS_GEPRUEFT,PRUEFEN,LOW,Sehr kleine Community laut Legacy-Daten; vor Scan live prüfen.,LOW_TO_MEDIUM,LOW,,"Kann ergänzende Markt-, Tool-, Trend- oder Zahlungs-Signale liefern, aber nicht als Kernquelle priorisieren.",150,834,,Eingeschraenkt - Promo-Threads,2.611,https://www.reddit.com/r/Bookkeeping_Business/,https://www.reddit.com/r/Bookkeeping_Business/new/,,Legacy-Seed: Entscheidung neu bewertet; Aktivität bei fehlendem Live-Check nur als Proxy markiert.,CORE,Direct operator/professional/business workflow source with strong recurring process and spending potential.,VERIFY_ACTIVITY_THEN_SCAN,0
r/smallbusiness,Entrepreneur_Biz,"Gruender, Small-Business-Owner",MIXED,LEGACY_647,BRAUCHEN_CORE,A,PRIMARY_DISCOVERY,JA,WAHRSCHEINLICH_AKTIV_PROXY,MEDIUM,Aktivität aus gelieferten Mitglieder-/Wachstumsdaten abgeleitet; nicht live verifiziert.,LOW_TO_MEDIUM,LOW,,"Berufs-/Business-Community mit hoher Chance auf konkrete Workflow-, Software- und Zahlungsprobleme.",500,2500000,301000,Eingeschraenkt - Promo-Threads,5.205,https://www.reddit.com/r/smallbusiness/,https://www.reddit.com/r/smallbusiness/new/,,Legacy-Seed: Entscheidung neu bewertet; Aktivität bei fehlendem Live-Check nur als Proxy markiert.,CORE,Direct operator/professional/business workflow source with strong recurring process and spending potential.,VERIFY_ACTIVITY_THEN_SCAN,0
r/DJs,Events_Weddings,"Eventproduktion, DJs, Floristen, Hochzeits- und Veranstaltungsdienstleister",PRACTITIONER / FREELANCER / OWNER,EXPANSION_314,BRAUCHEN_CORE,A,PRIMARY_DISCOVERY,JA,ACTIVE_VERIFIED_2026-09,HIGH,Current /new feed checked via web in Sep 2026,HIGH,LOW,"Anfragen, Angebote, Timelines, Assets, Equipment, Crew, Kundenzusagen, Rechnungen",Sehr guter Practitioner-/Business-Kandidat für Pain-Point-Research.,500,,,,,https://www.reddit.com/r/DJs/,https://www.reddit.com/r/DJs/new/,2026-09-18,Current /new feed checked via web in Sep 2026,CORE,"Profession/business/operator-oriented community with recurring workflows, software/process spend and identifiable buyers.",SCAN_PILOT_NOW,300
r/EventPlanners,Events_Weddings,Event planners,PRACTITIONER / OWNER / BUYER,NEW_WEB_RESEARCH,BRAUCHEN_CORE,A,PRIMARY_DISCOVERY,JA,ACTIVE_VERIFIED_2026-09,HIGH,Reddit /new page checked via web research in September 2026.,HIGH,LOW,"Vendor coordination, timelines, budgets, client approvals, contracts",Aktive spezialisierte Berufs-/Business-Community mit konkreten operativen Workflows.,500,,,,,https://www.reddit.com/r/EventPlanners/,https://www.reddit.com/r/EventPlanners/new/,2026-09-18,Zusätzlich nach der 314er-Erweiterung gefunden und gegen vorhandene Namen dedupliziert.,CORE,"Profession/business/operator-oriented community with recurring workflows, software/process spend and identifiable buyers.",SCAN_PILOT_NOW,300
r/eventplanning,Events_Weddings,"Eventproduktion, DJs, Floristen, Hochzeits- und Veranstaltungsdienstleister",PRACTITIONER / FREELANCER / OWNER,EXPANSION_314,BRAUCHEN_CORE,A,PRIMARY_DISCOVERY,JA,ACTIVE_NICHE_VERIFIED_2026-09,HIGH,Current /new feed checked via web in Sep 2026,HIGH,LOW,"Anfragen, Angebote, Timelines, Assets, Equipment, Crew, Kundenzusagen, Rechnungen",Sehr guter Practitioner-/Business-Kandidat für Pain-Point-Research.,500,,,,,https://www.reddit.com/r/eventplanning/,https://www.reddit.com/r/eventplanning/new/,2026-09-18,Current /new feed checked via web in Sep 2026,CORE,"Profession/business/operator-oriented community with recurring workflows, software/process spend and identifiable buyers.",SCAN_PILOT_NOW,300
r/EventProduction,Events_Weddings,"Eventproduktion, DJs, Floristen, Hochzeits- und Veranstaltungsdienstleister",PRACTITIONER / FREELANCER / OWNER,EXPANSION_314,BRAUCHEN_CORE,A,PRIMARY_DISCOVERY,JA,ACTIVE_VERIFIED_2026-09,HIGH,Current /new feed checked via web in Sep 2026,HIGH,LOW,"Anfragen, Angebote, Timelines, Assets, Equipment, Crew, Kundenzusagen, Rechnungen",Sehr guter Practitioner-/Business-Kandidat für Pain-Point-Research.,500,,,,,https://www.reddit.com/r/EventProduction/,https://www.reddit.com/r/EventProduction/new/,2026-09-18,Current /new feed checked via web in Sep 2026,CORE,"Profession/business/operator-oriented community with recurring workflows, software/process spend and identifiable buyers.",SCAN_PILOT_NOW,300
r/floristry,Events_Weddings,"Eventproduktion, DJs, Floristen, Hochzeits- und Veranstaltungsdienstleister",PRACTITIONER / FREELANCER / OWNER,EXPANSION_314,BRAUCHEN_CORE,A,PRIMARY_DISCOVERY,JA,ACTIVE_NICHE_VERIFIED_2026-09,HIGH,Current /new feed checked via web in Sep 2026,HIGH,LOW,"Anfragen, Angebote, Timelines, Assets, Equipment, Crew, Kundenzusagen, Rechnungen",Sehr guter Practitioner-/Business-Kandidat für Pain-Point-Research.,500,,,,,https://www.reddit.com/r/floristry/,https://www.reddit.com/r/floristry/new/,2026-09-18,Current /new feed checked via web in Sep 2026,CORE,"Profession/business/operator-oriented community with recurring workflows, software/process spend and identifiable buyers.",SCAN_PILOT_NOW,300
r/florists,Events_Weddings,"Eventproduktion, DJs, Floristen, Hochzeits- und Veranstaltungsdienstleister",PRACTITIONER / FREELANCER / OWNER,EXPANSION_314,BRAUCHEN_CORE,A,PRIMARY_DISCOVERY,JA,ACTIVE_NICHE_VERIFIED_2026-09,HIGH,Current /new feed checked via web in Sep 2026,HIGH,LOW,"Anfragen, Angebote, Timelines, Assets, Equipment, Crew, Kundenzusagen, Rechnungen",Sehr guter Practitioner-/Business-Kandidat für Pain-Point-Research.,500,,,,,https://www.reddit.com/r/florists/,https://www.reddit.com/r/florists/new/,2026-09-18,Current /new feed checked via web in Sep 2026,CORE,"Profession/business/operator-oriented community with recurring workflows, software/process spend and identifiable buyers.",SCAN_PILOT_NOW,300
r/lightingdesign,Events_Weddings,"Eventproduktion, DJs, Floristen, Hochzeits- und Veranstaltungsdienstleister",PRACTITIONER / FREELANCER / OWNER,EXPANSION_314,BRAUCHEN_CORE,A,PRIMARY_DISCOVERY,JA,ACTIVE_VERIFIED_2026-09,HIGH,Current /new feed checked via web in Sep 2026,HIGH,LOW,"Anfragen, Angebote, Timelines, Assets, Equipment, Crew, Kundenzusagen, Rechnungen",Sehr guter Practitioner-/Business-Kandidat für Pain-Point-Research.,500,,,,,https://www.reddit.com/r/lightingdesign/,https://www.reddit.com/r/lightingdesign/new/,2026-09-18,Current /new feed checked via web in Sep 2026,CORE,"Profession/business/operator-oriented community with recurring workflows, software/process spend and identifiable buyers.",SCAN_PILOT_NOW,300
r/livesound,Events_Weddings,"Eventproduktion, DJs, Floristen, Hochzeits- und Veranstaltungsdienstleister",PRACTITIONER / FREELANCER / OWNER,EXPANSION_314,BRAUCHEN_CORE,A,PRIMARY_DISCOVERY,JA,ACTIVE_VERIFIED_2026-09,HIGH,Current /new feed checked via web in Sep 2026,HIGH,LOW,"Anfragen, Angebote, Timelines, Assets, Equipment, Crew, Kundenzusagen, Rechnungen",Sehr guter Practitioner-/Business-Kandidat für Pain-Point-Research.,500,,,,,https://www.reddit.com/r/livesound/,https://www.reddit.com/r/livesound/new/,2026-09-18,Current /new feed checked via web in Sep 2026,CORE,"Profession/business/operator-oriented community with recurring workflows, software/process spend and identifiable buyers.",SCAN_PILOT_NOW,300
r/mobileDJ,Events_Weddings,"Eventproduktion, DJs, Floristen, Hochzeits- und Veranstaltungsdienstleister",PRACTITIONER / FREELANCER / OWNER,EXPANSION_314,BRAUCHEN_CORE,A,PRIMARY_DISCOVERY,JA,ACTIVE_VERIFIED_2026-09,HIGH,Current /new feed checked via web in Sep 2026,HIGH,LOW,"Anfragen, Angebote, Timelines, Assets, Equipment, Crew, Kundenzusagen, Rechnungen",Sehr guter Practitioner-/Business-Kandidat für Pain-Point-Research.,500,,,,,https://www.reddit.com/r/mobileDJ/,https://www.reddit.com/r/mobileDJ/new/,2026-09-18,Current /new feed checked via web in Sep 2026,CORE,"Profession/business/operator-oriented community with recurring workflows, software/process spend and identifiable buyers.",SCAN_PILOT_NOW,300
r/WeddingIndustry,Events_Weddings,"Eventproduktion, DJs, Floristen, Hochzeits- und Veranstaltungsdienstleister",PRACTITIONER / FREELANCER / OWNER,EXPANSION_314,BRAUCHEN_CORE,A,PRIMARY_DISCOVERY,NEIN_BIS_GEPRUEFT,PRUEFEN,LOW,Web check returned unavailable/error; verify before use,HIGH,LOW,"Anfragen, Angebote, Timelines, Assets, Equipment, Crew, Kundenzusagen, Rechnungen",Sehr guter Practitioner-/Business-Kandidat für Pain-Point-Research.,500,,,,,https://www.reddit.com/r/WeddingIndustry/,https://www.reddit.com/r/WeddingIndustry/new/,,Web check returned unavailable/error; verify before use,CORE,"Profession/business/operator-oriented community with recurring workflows, software/process spend and identifiable buyers.",VERIFY_ACTIVITY_THEN_SCAN,0
r/WeddingPlanners,Events_Weddings,Wedding planners,PRACTITIONER / OWNER / BUYER,NEW_RECHECK_CANDIDATE,PRUEFEN,R,RECHECK,NEIN_BIS_GEPRUEFT,PRUEFEN,LOW,Web check returned unavailable/internal error; existence/activity not safely confirmed.,HIGH,LOW,,"Thematisch potenziell sehr wertvoll, aber vor automatischem Scan zuerst Existenz/Aktivität erneut prüfen.",0,,,,,https://www.reddit.com/r/WeddingPlanners/,https://www.reddit.com/r/WeddingPlanners/new/,,"Nicht automatisch scannen, bis der Source-Health-Check erfolgreich war.",CORE,"Profession/business/operator-oriented community with recurring workflows, software/process spend and identifiable buyers.",VERIFY_ACTIVITY_THEN_SCAN,0
r/weddingplanning,Events_Weddings,"Eventproduktion, DJs, Floristen, Hochzeits- und Veranstaltungsdienstleister",PRACTITIONER / FREELANCER / OWNER,EXPANSION_314,BRAUCHEN_TESTEN,B,EXPLORATION,JA,ACTIVE_VERIFIED_2026-09,HIGH,Current /new feed checked via web in Sep 2026,HIGH,LOW,"Anfragen, Angebote, Timelines, Assets, Equipment, Crew, Kundenzusagen, Rechnungen",Sinnvoller Exploration-Pilot; Research-Yield messen.,250,,,,,https://www.reddit.com/r/weddingplanning/,https://www.reddit.com/r/weddingplanning/new/,2026-09-18,Current /new feed checked via web in Sep 2026,CORE,"Profession/business/operator-oriented community with recurring workflows, software/process spend and identifiable buyers.",SCAN_PILOT_NOW,300
r/loanoriginators,Finance_Professional,Loan originators / mortgage professionals,PRACTITIONER / OWNER / BUYER,NEW_WEB_RESEARCH,BRAUCHEN_CORE,A,PRIMARY_DISCOVERY,JA,ACTIVE_VERIFIED_2026-09,HIGH,Reddit /new page checked via web research in September 2026.,MEDIUM,MEDIUM,"Loan pipeline, documents, CRM, compliance, follow-up",Aktive spezialisierte Berufs-/Business-Community mit konkreten operativen Workflows.,500,,,,,https://www.reddit.com/r/loanoriginators/,https://www.reddit.com/r/loanoriginators/new/,2026-09-18,Zusätzlich nach der 314er-Erweiterung gefunden und gegen vorhandene Namen dedupliziert.,CORE,"Profession/business/operator-oriented community with recurring workflows, software/process spend and identifiable buyers.",SCAN_PILOT_NOW,300
r/MortgageBrokers,Finance_Professional,Mortgage brokers,PRACTITIONER / OWNER / BUYER,NEW_WEB_RESEARCH,BRAUCHEN_CORE,A,PRIMARY_DISCOVERY,JA,ACTIVE_VERIFIED_2026-09,HIGH,Reddit /new page checked via web research in September 2026.,MEDIUM,MEDIUM,"Lead intake, documentation, compliance, lender workflows, follow-up",Aktive spezialisierte Berufs-/Business-Community mit konkreten operativen Workflows.,500,,,,,https://www.reddit.com/r/MortgageBrokers/,https://www.reddit.com/r/MortgageBrokers/new/,2026-09-18,Zusätzlich nach der 314er-Erweiterung gefunden und gegen vorhandene Namen dedupliziert.,CORE,"Profession/business/operator-oriented community with recurring workflows, software/process spend and identifiable buyers.",SCAN_PILOT_NOW,300
r/Treasury,Finance_Professional,Treasury professionals,PRACTITIONER / OWNER / BUYER,NEW_RECHECK_CANDIDATE,PRUEFEN,R,RECHECK,NEIN_BIS_GEPRUEFT,PRUEFEN,LOW,Web check returned unavailable/internal error; existence/activity not safely confirmed.,MEDIUM,MEDIUM,,"Thematisch potenziell sehr wertvoll, aber vor automatischem Scan zuerst Existenz/Aktivität erneut prüfen.",0,,,,,https://www.reddit.com/r/Treasury/,https://www.reddit.com/r/Treasury/new/,,"Nicht automatisch scannen, bis der Source-Health-Check erfolgreich war.",CORE,"Profession/business/operator-oriented community with recurring workflows, software/process spend and identifiable buyers.",VERIFY_ACTIVITY_THEN_SCAN,0
r/healthcareIT,Healthcare_Clinical,"Gesundheitsberufe, Praxen, Labore und klinische Fachkräfte",PRACTITIONER / PROFESSIONAL,EXPANSION_314,BRAUCHEN_CORE,A,PRIMARY_DISCOVERY,JA,ACTIVE_NICHE_VERIFIED_2026-09,HIGH,Current /new feed checked via web in Sep 2026,MEDIUM,HIGH,"Dokumentation, Terminierung, Abrechnung, Übergaben, Software, Verwaltung, wiederkehrende klinische Workflows",Sehr guter Practitioner-/Business-Kandidat für Pain-Point-Research.,500,,,,,https://www.reddit.com/r/healthcareIT/,https://www.reddit.com/r/healthcareIT/new/,2026-09-18,Current /new feed checked via web in Sep 2026,CORE,Direct operator/professional/business workflow source with strong recurring process and spending potential.,SCAN_PILOT_NOW,300
r/HealthIT,Healthcare_Clinical,"Gesundheitsberufe, Praxen, Labore und klinische Fachkräfte",PRACTITIONER / PROFESSIONAL,EXPANSION_314,BRAUCHEN_CORE,A,PRIMARY_DISCOVERY,JA,ACTIVE_NICHE_VERIFIED_2026-09,HIGH,Current /new feed checked via web in Sep 2026,MEDIUM,HIGH,"Dokumentation, Terminierung, Abrechnung, Übergaben, Software, Verwaltung, wiederkehrende klinische Workflows",Sehr guter Practitioner-/Business-Kandidat für Pain-Point-Research.,500,,,,,https://www.reddit.com/r/HealthIT/,https://www.reddit.com/r/HealthIT/new/,2026-09-18,Current /new feed checked via web in Sep 2026,CORE,Direct operator/professional/business workflow source with strong recurring process and spending potential.,SCAN_PILOT_NOW,300
r/MedicalBilling,Healthcare_Clinical,"Gesundheitsberufe, Praxen, Labore und klinische Fachkräfte",PRACTITIONER / PROFESSIONAL,EXPANSION_314,BRAUCHEN_CORE,A,PRIMARY_DISCOVERY,NEIN_BIS_GEPRUEFT,PRUEFEN,LOW,Web check returned unavailable/error; verify before use,MEDIUM,HIGH,"Dokumentation, Terminierung, Abrechnung, Übergaben, Software, Verwaltung, wiederkehrende klinische Workflows",Sehr guter Practitioner-/Business-Kandidat für Pain-Point-Research.,500,,,,,https://www.reddit.com/r/MedicalBilling/,https://www.reddit.com/r/MedicalBilling/new/,,Web check returned unavailable/error; verify before use,CORE,Direct operator/professional/business workflow source with strong recurring process and spending potential.,VERIFY_ACTIVITY_THEN_SCAN,0
r/medicalcoding,Healthcare_Clinical,"Gesundheitsberufe, Praxen, Labore und klinische Fachkräfte",PRACTITIONER / PROFESSIONAL,EXPANSION_314,BRAUCHEN_CORE,A,PRIMARY_DISCOVERY,JA,ACTIVE_VERIFIED_2026-09,HIGH,Current /new feed checked via web in Sep 2026,MEDIUM,HIGH,"Dokumentation, Terminierung, Abrechnung, Übergaben, Software, Verwaltung, wiederkehrende klinische Workflows",Sehr guter Practitioner-/Business-Kandidat für Pain-Point-Research.,500,,,,,https://www.reddit.com/r/medicalcoding/,https://www.reddit.com/r/medicalcoding/new/,2026-09-18,Current /new feed checked via web in Sep 2026,CORE,Direct operator/professional/business workflow source with strong recurring process and spending potential.,SCAN_PILOT_NOW,300
r/AirbnbCleaners,Home_LocalServices,Short-term-rental cleaners,MIXED / PROSUMER,NEW_WEB_RESEARCH,BRAUCHEN_TESTEN,B,EXPLORATION,JA,ACTIVE_NICHE_VERIFIED_2026-09,HIGH,Reddit /new page checked via web research in September 2026.,HIGH,LOW,"Turnovers, scheduling, supplies, host communication, quality checks","Aktive, relevante Nischen-/Prosumer-Community; als Exploration sinnvoll.",250,,,,,https://www.reddit.com/r/AirbnbCleaners/,https://www.reddit.com/r/AirbnbCleaners/new/,2026-09-18,Zusätzlich nach der 314er-Erweiterung gefunden und gegen vorhandene Namen dedupliziert.,CORE,"Profession/business/operator-oriented community with recurring workflows, software/process spend and identifiable buyers.",SCAN_PILOT_NOW,300
r/ApplianceRepair,Home_LocalServices,Appliance repair technicians / service businesses,PRACTITIONER / OWNER / BUYER,NEW_WEB_RESEARCH,BRAUCHEN_CORE,A,PRIMARY_DISCOVERY,JA,ACTIVE_VERIFIED_2026-09,HIGH,Reddit /new page checked via web research in September 2026.,HIGH,LOW,"Scheduling, parts, diagnostics, field service, invoicing",Aktive spezialisierte Berufs-/Business-Community mit konkreten operativen Workflows.,500,,,,,https://www.reddit.com/r/ApplianceRepair/,https://www.reddit.com/r/ApplianceRepair/new/,2026-09-18,Zusätzlich nach der 314er-Erweiterung gefunden und gegen vorhandene Namen dedupliziert.,CORE,"Profession/business/operator-oriented community with recurring workflows, software/process spend and identifiable buyers.",SCAN_PILOT_NOW,300
r/ArboristBusiness,Home_LocalServices,Arborist businesses,PRACTITIONER / OWNER / BUYER,NEW_RECHECK_CANDIDATE,PRUEFEN,R,RECHECK,NEIN_BIS_GEPRUEFT,PRUEFEN,LOW,Web check returned unavailable/internal error; existence/activity not safely confirmed.,HIGH,LOW,,"Thematisch potenziell sehr wertvoll, aber vor automatischem Scan zuerst Existenz/Aktivität erneut prüfen.",0,,,,,https://www.reddit.com/r/ArboristBusiness/,https://www.reddit.com/r/ArboristBusiness/new/,,"Nicht automatisch scannen, bis der Source-Health-Check erfolgreich war.",CORE,"Profession/business/operator-oriented community with recurring workflows, software/process spend and identifiable buyers.",VERIFY_ACTIVITY_THEN_SCAN,0
r/CarpetCleaning,Home_LocalServices,Carpet cleaning operators,PRACTITIONER / OWNER / BUYER,NEW_WEB_RESEARCH,BRAUCHEN_CORE,A,PRIMARY_DISCOVERY,JA,ACTIVE_VERIFIED_2026-09,HIGH,Reddit /new page checked via web research in September 2026.,HIGH,LOW,"Local service ops, quoting, routes, equipment, repeat customers",Aktive spezialisierte Berufs-/Business-Community mit konkreten operativen Workflows.,500,,,,,https://www.reddit.com/r/CarpetCleaning/,https://www.reddit.com/r/CarpetCleaning/new/,2026-09-18,Zusätzlich nach der 314er-Erweiterung gefunden und gegen vorhandene Namen dedupliziert.,CORE,"Profession/business/operator-oriented community with recurring workflows, software/process spend and identifiable buyers.",SCAN_PILOT_NOW,300
r/ChimneySweeps,Home_LocalServices,Chimney service professionals,PRACTITIONER / OWNER / BUYER,NEW_RECHECK_CANDIDATE,PRUEFEN,R,RECHECK,NEIN_BIS_GEPRUEFT,PRUEFEN,LOW,Web check returned unavailable/internal error; existence/activity not safely confirmed.,HIGH,LOW,,"Thematisch potenziell sehr wertvoll, aber vor automatischem Scan zuerst Existenz/Aktivität erneut prüfen.",0,,,,,https://www.reddit.com/r/ChimneySweeps/,https://www.reddit.com/r/ChimneySweeps/new/,,"Nicht automatisch scannen, bis der Source-Health-Check erfolgreich war.",CORE,"Profession/business/operator-oriented community with recurring workflows, software/process spend and identifiable buyers.",VERIFY_ACTIVITY_THEN_SCAN,0
r/cleaning_business,Home_LocalServices,"Reinigung, Druckreinigung, Fensterreinigung, Pool, Handyman und Smart-Home-Services",LOCAL_SERVICE / OWNER / PRACTITIONER,EXPANSION_314,BRAUCHEN_CORE,A,PRIMARY_DISCOVERY,JA,ACTIVE_VERIFIED_2026-09,HIGH,Current /new feed checked via web in Sep 2026,HIGH,LOW,"Leads, Routen, Terminierung, Angebote, wiederkehrende Kunden, Fotos, Rechnungen, Material",Sehr guter Practitioner-/Business-Kandidat für Pain-Point-Research.,500,,,,,https://www.reddit.com/r/cleaning_business/,https://www.reddit.com/r/cleaning_business/new/,2026-09-18,Current /new feed checked via web in Sep 2026,CORE,"Profession/business/operator-oriented community with recurring workflows, software/process spend and identifiable buyers.",SCAN_PILOT_NOW,300
r/CleaningTips,Home_LocalServices,"Reinigung, Druckreinigung, Fensterreinigung, Pool, Handyman und Smart-Home-Services",LOCAL_SERVICE / OWNER / PRACTITIONER,EXPANSION_314,BRAUCHEN_TESTEN,B,EXPLORATION,JA,ACTIVE_VERIFIED_2026-09,HIGH,Current /new feed checked via web in Sep 2026,HIGH,LOW,"Leads, Routen, Terminierung, Angebote, wiederkehrende Kunden, Fotos, Rechnungen, Material",Sinnvoller Exploration-Pilot; Research-Yield messen.,250,,,,,https://www.reddit.com/r/CleaningTips/,https://www.reddit.com/r/CleaningTips/new/,2026-09-18,Current /new feed checked via web in Sep 2026,CORE,"Profession/business/operator-oriented community with recurring workflows, software/process spend and identifiable buyers.",SCAN_PILOT_NOW,300
r/CommercialCleaning,Home_LocalServices,Commercial cleaning businesses,PRACTITIONER / OWNER / BUYER,NEW_RECHECK_CANDIDATE,PRUEFEN,R,RECHECK,NEIN_BIS_GEPRUEFT,PRUEFEN,LOW,Web check returned unavailable/internal error; existence/activity not safely confirmed.,HIGH,LOW,,"Thematisch potenziell sehr wertvoll, aber vor automatischem Scan zuerst Existenz/Aktivität erneut prüfen.",0,,,,,https://www.reddit.com/r/CommercialCleaning/,https://www.reddit.com/r/CommercialCleaning/new/,,"Nicht automatisch scannen, bis der Source-Health-Check erfolgreich war.",CORE,"Profession/business/operator-oriented community with recurring workflows, software/process spend and identifiable buyers.",VERIFY_ACTIVITY_THEN_SCAN,0
r/handyman,Home_LocalServices,"Reinigung, Druckreinigung, Fensterreinigung, Pool, Handyman und Smart-Home-Services",LOCAL_SERVICE / OWNER / PRACTITIONER,EXPANSION_314,BRAUCHEN_CORE,A,PRIMARY_DISCOVERY,JA,ACTIVE_VERIFIED_2026-09,HIGH,Current /new feed checked via web in Sep 2026,HIGH,LOW,"Leads, Routen, Terminierung, Angebote, wiederkehrende Kunden, Fotos, Rechnungen, Material",Sehr guter Practitioner-/Business-Kandidat für Pain-Point-Research.,500,,,,,https://www.reddit.com/r/handyman/,https://www.reddit.com/r/handyman/new/,2026-09-18,Current /new feed checked via web in Sep 2026,CORE,"Profession/business/operator-oriented community with recurring workflows, software/process spend and identifiable buyers.",SCAN_PILOT_NOW,300
r/HandymanBusiness,Home_LocalServices,Handyman business owners,PRACTITIONER / OWNER / BUYER,NEW_WEB_RESEARCH,BRAUCHEN_CORE,A,PRIMARY_DISCOVERY,JA,ACTIVE_VERIFIED_2026-09,HIGH,Reddit /new page checked via web research in September 2026.,HIGH,LOW,"Quoting, scheduling, leads, invoicing, job tracking",Aktive spezialisierte Berufs-/Business-Community mit konkreten operativen Workflows.,500,,,,,https://www.reddit.com/r/HandymanBusiness/,https://www.reddit.com/r/HandymanBusiness/new/,2026-09-18,Zusätzlich nach der 314er-Erweiterung gefunden und gegen vorhandene Namen dedupliziert.,CORE,"Profession/business/operator-oriented community with recurring workflows, software/process spend and identifiable buyers.",SCAN_PILOT_NOW,300
r/homeassistant,Home_LocalServices,"Reinigung, Druckreinigung, Fensterreinigung, Pool, Handyman und Smart-Home-Services",LOCAL_SERVICE / OWNER / PRACTITIONER,EXPANSION_314,BRAUCHEN_CORE,A,PRIMARY_DISCOVERY,JA,ACTIVE_VERIFIED_2026-09,HIGH,Current /new feed checked via web in Sep 2026,HIGH,LOW,"Leads, Routen, Terminierung, Angebote, wiederkehrende Kunden, Fotos, Rechnungen, Material",Sehr guter Practitioner-/Business-Kandidat für Pain-Point-Research.,500,,,,,https://www.reddit.com/r/homeassistant/,https://www.reddit.com/r/homeassistant/new/,2026-09-18,Current /new feed checked via web in Sep 2026,CORE,"Profession/business/operator-oriented community with recurring workflows, software/process spend and identifiable buyers.",SCAN_PILOT_NOW,300
r/HomeAutomation,Home_LocalServices,"Reinigung, Druckreinigung, Fensterreinigung, Pool, Handyman und Smart-Home-Services",LOCAL_SERVICE / OWNER / PRACTITIONER,EXPANSION_314,BRAUCHEN_CORE,A,PRIMARY_DISCOVERY,JA,ACTIVE_VERIFIED_2026-09,HIGH,Current /new feed checked via web in Sep 2026,HIGH,LOW,"Leads, Routen, Terminierung, Angebote, wiederkehrende Kunden, Fotos, Rechnungen, Material",Sehr guter Practitioner-/Business-Kandidat für Pain-Point-Research.,500,,,,,https://www.reddit.com/r/HomeAutomation/,https://www.reddit.com/r/HomeAutomation/new/,2026-09-18,Current /new feed checked via web in Sep 2026,CORE,"Profession/business/operator-oriented community with recurring workflows, software/process spend and identifiable buyers.",SCAN_PILOT_NOW,300
r/Homebuilding,Home_LocalServices,"Reinigung, Druckreinigung, Fensterreinigung, Pool, Handyman und Smart-Home-Services",LOCAL_SERVICE / OWNER / PRACTITIONER,EXPANSION_314,BRAUCHEN_TESTEN,B,EXPLORATION,JA,ACTIVE_VERIFIED_2026-09,HIGH,Current /new feed checked via web in Sep 2026,HIGH,LOW,"Leads, Routen, Terminierung, Angebote, wiederkehrende Kunden, Fotos, Rechnungen, Material",Sinnvoller Exploration-Pilot; Research-Yield messen.,250,,,,,https://www.reddit.com/r/Homebuilding/,https://www.reddit.com/r/Homebuilding/new/,2026-09-18,Current /new feed checked via web in Sep 2026,CORE,"Profession/business/operator-oriented community with recurring workflows, software/process spend and identifiable buyers.",SCAN_PILOT_NOW,300
r/HomeMaintenance,Home_LocalServices,"Reinigung, Druckreinigung, Fensterreinigung, Pool, Handyman und Smart-Home-Services",LOCAL_SERVICE / OWNER / PRACTITIONER,EXPANSION_314,BRAUCHEN_TESTEN,B,EXPLORATION,JA,ACTIVE_VERIFIED_2026-09,HIGH,Current /new feed checked via web in Sep 2026,HIGH,LOW,"Leads, Routen, Terminierung, Angebote, wiederkehrende Kunden, Fotos, Rechnungen, Material",Sinnvoller Exploration-Pilot; Research-Yield messen.,250,,,,,https://www.reddit.com/r/HomeMaintenance/,https://www.reddit.com/r/HomeMaintenance/new/,2026-09-18,Current /new feed checked via web in Sep 2026,CORE,"Profession/business/operator-oriented community with recurring workflows, software/process spend and identifiable buyers.",SCAN_PILOT_NOW,300
r/JunkRemoval,Home_LocalServices,"Junk-removal operators, local service businesses",PRACTITIONER / OWNER / BUYER,NEW_WEB_RESEARCH,BRAUCHEN_CORE,A,PRIMARY_DISCOVERY,JA,ACTIVE_VERIFIED_2026-09,HIGH,Reddit /new page checked via web research in September 2026.,HIGH,LOW,"Lokaler Service: Leads, Routing, Pricing, Crew, Disposal, Scheduling",Aktive spezialisierte Berufs-/Business-Community mit konkreten operativen Workflows.,500,,,,,https://www.reddit.com/r/JunkRemoval/,https://www.reddit.com/r/JunkRemoval/new/,2026-09-18,Zusätzlich nach der 314er-Erweiterung gefunden und gegen vorhandene Namen dedupliziert.,CORE,"Profession/business/operator-oriented community with recurring workflows, software/process spend and identifiable buyers.",SCAN_PILOT_NOW,300
r/landscapers,Home_LocalServices,Landscapers,MIXED / PROSUMER,NEW_WEB_RESEARCH,BRAUCHEN_TESTEN,B,EXPLORATION,JA,ACTIVE_NICHE_VERIFIED_2026-09,HIGH,Reddit /new page checked via web research in September 2026.,HIGH,LOW,"Routes, quotes, crews, equipment, recurring service","Aktive, relevante Nischen-/Prosumer-Community; als Exploration sinnvoll.",250,,,,,https://www.reddit.com/r/landscapers/,https://www.reddit.com/r/landscapers/new/,2026-09-18,Zusätzlich nach der 314er-Erweiterung gefunden und gegen vorhandene Namen dedupliziert.,CORE,"Profession/business/operator-oriented community with recurring workflows, software/process spend and identifiable buyers.",SCAN_PILOT_NOW,300
r/landscapingbusiness,Home_LocalServices,Landscaping business owners,PRACTITIONER / OWNER / BUYER,NEW_WEB_RESEARCH,BRAUCHEN_CORE,A,PRIMARY_DISCOVERY,JA,ACTIVE_VERIFIED_2026-09,HIGH,Reddit /new page checked via web research in September 2026.,HIGH,LOW,"Routes, crews, recurring service, quoting, CRM, billing",Aktive spezialisierte Berufs-/Business-Community mit konkreten operativen Workflows.,500,,,,,https://www.reddit.com/r/landscapingbusiness/,https://www.reddit.com/r/landscapingbusiness/new/,2026-09-18,Zusätzlich nach der 314er-Erweiterung gefunden und gegen vorhandene Namen dedupliziert.,CORE,"Profession/business/operator-oriented community with recurring workflows, software/process spend and identifiable buyers.",SCAN_PILOT_NOW,300
r/Laundromats,Home_LocalServices,Laundromat owners/operators,PRACTITIONER / OWNER / BUYER,NEW_WEB_RESEARCH,BRAUCHEN_CORE,A,PRIMARY_DISCOVERY,JA,ACTIVE_VERIFIED_2026-09,HIGH,Reddit /new page checked via web research in September 2026.,HIGH,LOW,"Operations, payments, machine uptime, staffing, maintenance, pricing",Aktive spezialisierte Berufs-/Business-Community mit konkreten operativen Workflows.,500,,,,,https://www.reddit.com/r/Laundromats/,https://www.reddit.com/r/Laundromats/new/,2026-09-18,Zusätzlich nach der 314er-Erweiterung gefunden und gegen vorhandene Namen dedupliziert.,CORE,"Profession/business/operator-oriented community with recurring workflows, software/process spend and identifiable buyers.",SCAN_PILOT_NOW,300
r/PestControlPros,Home_LocalServices,Pest control professionals,MIXED / PROSUMER,NEW_WEB_RESEARCH,BRAUCHEN_TESTEN,B,EXPLORATION,JA,ACTIVE_NICHE_VERIFIED_2026-09,HIGH,Reddit /new page checked via web research in September 2026.,HIGH,LOW,"Routes, recurring treatments, compliance, customer records","Aktive, relevante Nischen-/Prosumer-Community; als Exploration sinnvoll.",250,,,,,https://www.reddit.com/r/PestControlPros/,https://www.reddit.com/r/PestControlPros/new/,2026-09-18,Zusätzlich nach der 314er-Erweiterung gefunden und gegen vorhandene Namen dedupliziert.,CORE,"Profession/business/operator-oriented community with recurring workflows, software/process spend and identifiable buyers.",SCAN_PILOT_NOW,300
r/PoolPros,Home_LocalServices,"Reinigung, Druckreinigung, Fensterreinigung, Pool, Handyman und Smart-Home-Services",LOCAL_SERVICE / OWNER / PRACTITIONER,EXPANSION_314,BRAUCHEN_CORE,A,PRIMARY_DISCOVERY,JA,ACTIVE_VERIFIED_2026-09,HIGH,Current /new feed checked via web in Sep 2026,HIGH,LOW,"Leads, Routen, Terminierung, Angebote, wiederkehrende Kunden, Fotos, Rechnungen, Material",Sehr guter Practitioner-/Business-Kandidat für Pain-Point-Research.,500,,,,,https://www.reddit.com/r/PoolPros/,https://www.reddit.com/r/PoolPros/new/,2026-09-18,Current /new feed checked via web in Sep 2026,CORE,"Profession/business/operator-oriented community with recurring workflows, software/process spend and identifiable buyers.",SCAN_PILOT_NOW,300
r/pools,Home_LocalServices,"Reinigung, Druckreinigung, Fensterreinigung, Pool, Handyman und Smart-Home-Services",LOCAL_SERVICE / OWNER / PRACTITIONER,EXPANSION_314,BRAUCHEN_TESTEN,B,EXPLORATION,JA,ACTIVE_NICHE_VERIFIED_2026-09,HIGH,Current /new feed checked via web in Sep 2026,HIGH,LOW,"Leads, Routen, Terminierung, Angebote, wiederkehrende Kunden, Fotos, Rechnungen, Material",Sinnvoller Exploration-Pilot; Research-Yield messen.,250,,,,,https://www.reddit.com/r/pools/,https://www.reddit.com/r/pools/new/,2026-09-18,Current /new feed checked via web in Sep 2026,CORE,"Profession/business/operator-oriented community with recurring workflows, software/process spend and identifiable buyers.",SCAN_PILOT_NOW,300
r/poolservice,Home_LocalServices,Pool service operators,MIXED / PROSUMER,NEW_WEB_RESEARCH,BRAUCHEN_TESTEN,B,EXPLORATION,JA,ACTIVE_NICHE_VERIFIED_2026-09,HIGH,Reddit /new page checked via web research in September 2026.,HIGH,LOW,"Routes, recurring maintenance, chemicals, billing, service logs","Aktive, relevante Nischen-/Prosumer-Community; als Exploration sinnvoll.",250,,,,,https://www.reddit.com/r/poolservice/,https://www.reddit.com/r/poolservice/new/,2026-09-18,Zusätzlich nach der 314er-Erweiterung gefunden und gegen vorhandene Namen dedupliziert.,CORE,"Profession/business/operator-oriented community with recurring workflows, software/process spend and identifiable buyers.",SCAN_PILOT_NOW,300
r/PowerWashing,Home_LocalServices,Pressure/power washing operators,MIXED / PROSUMER,NEW_WEB_RESEARCH,BRAUCHEN_TESTEN,B,EXPLORATION,NEIN_BIS_GEPRUEFT,PRUEFEN_STALE,LOW,Reddit crawl/result was stale; recheck before scan.,HIGH,LOW,"Local service business, equipment, pricing, leads; crawl snapshot stale","Aktive, relevante Nischen-/Prosumer-Community; als Exploration sinnvoll.",250,,,,,https://www.reddit.com/r/PowerWashing/,https://www.reddit.com/r/PowerWashing/new/,,Zusätzlich nach der 314er-Erweiterung gefunden und gegen vorhandene Namen dedupliziert.,CORE,"Profession/business/operator-oriented community with recurring workflows, software/process spend and identifiable buyers.",VERIFY_ACTIVITY_THEN_SCAN,0
r/PressureWashing,Home_LocalServices,"Reinigung, Druckreinigung, Fensterreinigung, Pool, Handyman und Smart-Home-Services",LOCAL_SERVICE / OWNER / PRACTITIONER,EXPANSION_314,BRAUCHEN_CORE,A,PRIMARY_DISCOVERY,JA,ACTIVE_VERIFIED_2026-09,HIGH,Current /new feed checked via web in Sep 2026,HIGH,LOW,"Leads, Routen, Terminierung, Angebote, wiederkehrende Kunden, Fotos, Rechnungen, Material",Sehr guter Practitioner-/Business-Kandidat für Pain-Point-Research.,500,,,,,https://www.reddit.com/r/PressureWashing/,https://www.reddit.com/r/PressureWashing/new/,2026-09-18,Current /new feed checked via web in Sep 2026,CORE,"Profession/business/operator-oriented community with recurring workflows, software/process spend and identifiable buyers.",SCAN_PILOT_NOW,300
r/RestorationIndustry,Home_LocalServices,Restoration professionals,MIXED / PROSUMER,NEW_WEB_RESEARCH,BRAUCHEN_TESTEN,B,EXPLORATION,JA,ACTIVE_NICHE_VERIFIED_2026-09,HIGH,Reddit /new page checked via web research in September 2026.,HIGH,LOW,"Insurance jobs, documentation, estimates, field coordination","Aktive, relevante Nischen-/Prosumer-Community; als Exploration sinnvoll.",250,,,,,https://www.reddit.com/r/RestorationIndustry/,https://www.reddit.com/r/RestorationIndustry/new/,2026-09-18,Zusätzlich nach der 314er-Erweiterung gefunden und gegen vorhandene Namen dedupliziert.,CORE,"Profession/business/operator-oriented community with recurring workflows, software/process spend and identifiable buyers.",SCAN_PILOT_NOW,300
r/Septic,Home_LocalServices,Septic service pros and homeowners,MIXED / PROSUMER,NEW_WEB_RESEARCH,BRAUCHEN_TESTEN,B,EXPLORATION,JA,ACTIVE_VERIFIED_2026-09,HIGH,Reddit /new page checked via web research in September 2026.,HIGH,LOW,"Field service, scheduling, compliance, maintenance, quotes","Aktive, relevante Nischen-/Prosumer-Community; als Exploration sinnvoll.",250,,,,,https://www.reddit.com/r/Septic/,https://www.reddit.com/r/Septic/new/,2026-09-18,Zusätzlich nach der 314er-Erweiterung gefunden und gegen vorhandene Namen dedupliziert.,CORE,"Profession/business/operator-oriented community with recurring workflows, software/process spend and identifiable buyers.",SCAN_PILOT_NOW,300
r/smarthome,Home_LocalServices,"Reinigung, Druckreinigung, Fensterreinigung, Pool, Handyman und Smart-Home-Services",LOCAL_SERVICE / OWNER / PRACTITIONER,EXPANSION_314,BRAUCHEN_CORE,A,PRIMARY_DISCOVERY,JA,ACTIVE_VERIFIED_2026-09,HIGH,Current /new feed checked via web in Sep 2026,HIGH,LOW,"Leads, Routen, Terminierung, Angebote, wiederkehrende Kunden, Fotos, Rechnungen, Material",Sehr guter Practitioner-/Business-Kandidat für Pain-Point-Research.,500,,,,,https://www.reddit.com/r/smarthome/,https://www.reddit.com/r/smarthome/new/,2026-09-18,Current /new feed checked via web in Sep 2026,CORE,"Profession/business/operator-oriented community with recurring workflows, software/process spend and identifiable buyers.",SCAN_PILOT_NOW,300
r/TreeService,Home_LocalServices,Tree service businesses,PRACTITIONER / OWNER / BUYER,NEW_RECHECK_CANDIDATE,PRUEFEN,R,RECHECK,NEIN_BIS_GEPRUEFT,PRUEFEN,LOW,Web check returned unavailable/internal error; existence/activity not safely confirmed.,HIGH,LOW,,"Thematisch potenziell sehr wertvoll, aber vor automatischem Scan zuerst Existenz/Aktivität erneut prüfen.",0,,,,,https://www.reddit.com/r/TreeService/,https://www.reddit.com/r/TreeService/new/,,"Nicht automatisch scannen, bis der Source-Health-Check erfolgreich war.",CORE,"Profession/business/operator-oriented community with recurring workflows, software/process spend and identifiable buyers.",VERIFY_ACTIVITY_THEN_SCAN,0
r/WaterDamage,Home_LocalServices,Water damage/restoration professionals,PRACTITIONER / OWNER / BUYER,NEW_RECHECK_CANDIDATE,PRUEFEN,R,RECHECK,NEIN_BIS_GEPRUEFT,PRUEFEN,LOW,Web check returned unavailable/internal error; existence/activity not safely confirmed.,HIGH,LOW,,"Thematisch potenziell sehr wertvoll, aber vor automatischem Scan zuerst Existenz/Aktivität erneut prüfen.",0,,,,,https://www.reddit.com/r/WaterDamage/,https://www.reddit.com/r/WaterDamage/new/,,"Nicht automatisch scannen, bis der Source-Health-Check erfolgreich war.",CORE,"Profession/business/operator-oriented community with recurring workflows, software/process spend and identifiable buyers.",VERIFY_ACTIVITY_THEN_SCAN,0
r/WindowCleaning,Home_LocalServices,"Reinigung, Druckreinigung, Fensterreinigung, Pool, Handyman und Smart-Home-Services",LOCAL_SERVICE / OWNER / PRACTITIONER,EXPANSION_314,BRAUCHEN_CORE,A,PRIMARY_DISCOVERY,JA,ACTIVE_VERIFIED_2026-09,HIGH,Current /new feed checked via web in Sep 2026,HIGH,LOW,"Leads, Routen, Terminierung, Angebote, wiederkehrende Kunden, Fotos, Rechnungen, Material",Sehr guter Practitioner-/Business-Kandidat für Pain-Point-Research.,500,,,,,https://www.reddit.com/r/WindowCleaning/,https://www.reddit.com/r/WindowCleaning/new/,2026-09-18,Current /new feed checked via web in Sep 2026,CORE,"Profession/business/operator-oriented community with recurring workflows, software/process spend and identifiable buyers.",SCAN_PILOT_NOW,300
r/barista,Hospitality_Restaurant,Baristas / coffee professionals,MIXED / PROSUMER,NEW_WEB_RESEARCH,BRAUCHEN_TESTEN,B,EXPLORATION,JA,ACTIVE_VERIFIED_2026-09,HIGH,Reddit /new page checked via web research in September 2026.,HIGH,LOW,"Cafe operations, equipment, inventory, shifts, training","Aktive, relevante Nischen-/Prosumer-Community; als Exploration sinnvoll.",250,,,,,https://www.reddit.com/r/barista/,https://www.reddit.com/r/barista/new/,2026-09-18,Zusätzlich nach der 314er-Erweiterung gefunden und gegen vorhandene Namen dedupliziert.,CORE,"Profession/business/operator-oriented community with recurring workflows, software/process spend and identifiable buyers.",SCAN_PILOT_NOW,300
r/bartenders,Hospitality_Restaurant,"Restaurant-, Hotel-, Gastro- und Food-Truck-Betreiber sowie Mitarbeiter",OWNER / PRACTITIONER / EMPLOYEE,EXPANSION_314,BRAUCHEN_CORE,A,PRIMARY_DISCOVERY,JA,ACTIVE_VERIFIED_2026-09,HIGH,Current /new feed checked via web in Sep 2026,HIGH,LOW,"Schichten, Bestellungen, POS, Reservierungen, Personal, Inventar, Einkauf, Gäste, Abrechnung",Sehr guter Practitioner-/Business-Kandidat für Pain-Point-Research.,500,,,,,https://www.reddit.com/r/bartenders/,https://www.reddit.com/r/bartenders/new/,2026-09-18,Current /new feed checked via web in Sep 2026,CORE,"Profession/business/operator-oriented community with recurring workflows, software/process spend and identifiable buyers.",SCAN_PILOT_NOW,300
r/Chefit,Hospitality_Restaurant,"Restaurant-, Hotel-, Gastro- und Food-Truck-Betreiber sowie Mitarbeiter",OWNER / PRACTITIONER / EMPLOYEE,EXPANSION_314,BRAUCHEN_CORE,A,PRIMARY_DISCOVERY,JA,ACTIVE_VERIFIED_2026-09,HIGH,Current /new feed checked via web in Sep 2026,HIGH,LOW,"Schichten, Bestellungen, POS, Reservierungen, Personal, Inventar, Einkauf, Gäste, Abrechnung",Sehr guter Practitioner-/Business-Kandidat für Pain-Point-Research.,500,,,,,https://www.reddit.com/r/Chefit/,https://www.reddit.com/r/Chefit/new/,2026-09-18,Current /new feed checked via web in Sep 2026,CORE,"Profession/business/operator-oriented community with recurring workflows, software/process spend and identifiable buyers.",SCAN_PILOT_NOW,300
r/foodtrucks,Hospitality_Restaurant,"Restaurant-, Hotel-, Gastro- und Food-Truck-Betreiber sowie Mitarbeiter",OWNER / PRACTITIONER / EMPLOYEE,EXPANSION_314,BRAUCHEN_CORE,A,PRIMARY_DISCOVERY,JA,ACTIVE_VERIFIED_2026-09,HIGH,Current /new feed checked via web in Sep 2026,HIGH,LOW,"Schichten, Bestellungen, POS, Reservierungen, Personal, Inventar, Einkauf, Gäste, Abrechnung",Sehr guter Practitioner-/Business-Kandidat für Pain-Point-Research.,500,,,,,https://www.reddit.com/r/foodtrucks/,https://www.reddit.com/r/foodtrucks/new/,2026-09-18,Current /new feed checked via web in Sep 2026,CORE,"Profession/business/operator-oriented community with recurring workflows, software/process spend and identifiable buyers.",SCAN_PILOT_NOW,300
r/hospitality,Hospitality_Restaurant,"Restaurant-, Hotel-, Gastro- und Food-Truck-Betreiber sowie Mitarbeiter",OWNER / PRACTITIONER / EMPLOYEE,EXPANSION_314,BRAUCHEN_TESTEN,B,EXPLORATION,JA,ACTIVE_VERIFIED_2026-09,HIGH,Current /new feed checked via web in Sep 2026,HIGH,LOW,"Schichten, Bestellungen, POS, Reservierungen, Personal, Inventar, Einkauf, Gäste, Abrechnung",Sinnvoller Exploration-Pilot; Research-Yield messen.,250,,,,,https://www.reddit.com/r/hospitality/,https://www.reddit.com/r/hospitality/new/,2026-09-18,Current /new feed checked via web in Sep 2026,CORE,"Profession/business/operator-oriented community with recurring workflows, software/process spend and identifiable buyers.",SCAN_PILOT_NOW,300
r/hotels,Hospitality_Restaurant,"Restaurant-, Hotel-, Gastro- und Food-Truck-Betreiber sowie Mitarbeiter",OWNER / PRACTITIONER / EMPLOYEE,EXPANSION_314,BRAUCHEN_TESTEN,B,EXPLORATION,JA,ACTIVE_VERIFIED_2026-09,HIGH,Current /new feed checked via web in Sep 2026,HIGH,LOW,"Schichten, Bestellungen, POS, Reservierungen, Personal, Inventar, Einkauf, Gäste, Abrechnung",Sinnvoller Exploration-Pilot; Research-Yield messen.,250,,,,,https://www.reddit.com/r/hotels/,https://www.reddit.com/r/hotels/new/,2026-09-18,Current /new feed checked via web in Sep 2026,CORE,"Profession/business/operator-oriented community with recurring workflows, software/process spend and identifiable buyers.",SCAN_PILOT_NOW,300
r/KitchenConfidential,Hospitality_Restaurant,"Restaurant-, Hotel-, Gastro- und Food-Truck-Betreiber sowie Mitarbeiter",OWNER / PRACTITIONER / EMPLOYEE,EXPANSION_314,BRAUCHEN_CORE,A,PRIMARY_DISCOVERY,JA,ACTIVE_VERIFIED_2026-09,HIGH,Current /new feed checked via web in Sep 2026,HIGH,LOW,"Schichten, Bestellungen, POS, Reservierungen, Personal, Inventar, Einkauf, Gäste, Abrechnung",Sehr guter Practitioner-/Business-Kandidat für Pain-Point-Research.,500,,,,,https://www.reddit.com/r/KitchenConfidential/,https://www.reddit.com/r/KitchenConfidential/new/,2026-09-18,Current /new feed checked via web in Sep 2026,CORE,"Profession/business/operator-oriented community with recurring workflows, software/process spend and identifiable buyers.",SCAN_PILOT_NOW,300
r/Serverlife,Hospitality_Restaurant,"Restaurant-, Hotel-, Gastro- und Food-Truck-Betreiber sowie Mitarbeiter",OWNER / PRACTITIONER / EMPLOYEE,EXPANSION_314,BRAUCHEN_CORE,A,PRIMARY_DISCOVERY,JA,ACTIVE_VERIFIED_2026-09,HIGH,Current /new feed checked via web in Sep 2026,HIGH,LOW,"Schichten, Bestellungen, POS, Reservierungen, Personal, Inventar, Einkauf, Gäste, Abrechnung",Sehr guter Practitioner-/Business-Kandidat für Pain-Point-Research.,500,,,,,https://www.reddit.com/r/Serverlife/,https://www.reddit.com/r/Serverlife/new/,2026-09-18,Current /new feed checked via web in Sep 2026,CORE,"Profession/business/operator-oriented community with recurring workflows, software/process spend and identifiable buyers.",SCAN_PILOT_NOW,300
r/TalesFromTheFrontDesk,Hospitality_Restaurant,"Restaurant-, Hotel-, Gastro- und Food-Truck-Betreiber sowie Mitarbeiter",OWNER / PRACTITIONER / EMPLOYEE,EXPANSION_314,BRAUCHEN_TESTEN,B,EXPLORATION,JA,ACTIVE_VERIFIED_2026-09,HIGH,Current /new feed checked via web in Sep 2026,HIGH,LOW,"Schichten, Bestellungen, POS, Reservierungen, Personal, Inventar, Einkauf, Gäste, Abrechnung",Sinnvoller Exploration-Pilot; Research-Yield messen.,250,,,,,https://www.reddit.com/r/TalesFromTheFrontDesk/,https://www.reddit.com/r/TalesFromTheFrontDesk/new/,2026-09-18,Current /new feed checked via web in Sep 2026,CORE,"Profession/business/operator-oriented community with recurring workflows, software/process spend and identifiable buyers.",SCAN_PILOT_NOW,300
r/TalesFromYourServer,Hospitality_Restaurant,"Restaurant-, Hotel-, Gastro- und Food-Truck-Betreiber sowie Mitarbeiter",OWNER / PRACTITIONER / EMPLOYEE,EXPANSION_314,BRAUCHEN_TESTEN,B,EXPLORATION,JA,ACTIVE_VERIFIED_2026-09,HIGH,Current /new feed checked via web in Sep 2026,HIGH,LOW,"Schichten, Bestellungen, POS, Reservierungen, Personal, Inventar, Einkauf, Gäste, Abrechnung",Sinnvoller Exploration-Pilot; Research-Yield messen.,250,,,,,https://www.reddit.com/r/TalesFromYourServer/,https://www.reddit.com/r/TalesFromYourServer/new/,2026-09-18,Current /new feed checked via web in Sep 2026,CORE,"Profession/business/operator-oriented community with recurring workflows, software/process spend and identifiable buyers.",SCAN_PILOT_NOW,300
r/careerguidance,HR_Recruiting_Management,"HR, Recruiter, Manager, Consultants und Projektverantwortliche",PRACTITIONER / MANAGER,EXPANSION_314,BRAUCHEN_TESTEN,B,EXPLORATION,JA,ACTIVE_VERIFIED_2026-09,HIGH,Current /new feed checked via web in Sep 2026,HIGH,LOW,"Recruiting, Onboarding, Planung, Kommunikation, Freigaben, Reporting, Tool-Fragmente",Sinnvoller Exploration-Pilot; Research-Yield messen.,250,,,,,https://www.reddit.com/r/careerguidance/,https://www.reddit.com/r/careerguidance/new/,2026-09-18,Current /new feed checked via web in Sep 2026,CORE,"Profession/business/operator-oriented community with recurring workflows, software/process spend and identifiable buyers.",SCAN_PILOT_NOW,300
r/humanresources,HR_Recruiting_Management,"HR, Recruiter, Manager, Consultants und Projektverantwortliche",PRACTITIONER / MANAGER,EXPANSION_314,BRAUCHEN_CORE,A,PRIMARY_DISCOVERY,JA,ACTIVE_VERIFIED_2026-09,HIGH,Current /new feed checked via web in Sep 2026,HIGH,LOW,"Recruiting, Onboarding, Planung, Kommunikation, Freigaben, Reporting, Tool-Fragmente",Sehr guter Practitioner-/Business-Kandidat für Pain-Point-Research.,500,,,,,https://www.reddit.com/r/humanresources/,https://www.reddit.com/r/humanresources/new/,2026-09-18,Current /new feed checked via web in Sep 2026,CORE,"Profession/business/operator-oriented community with recurring workflows, software/process spend and identifiable buyers.",SCAN_PILOT_NOW,300
r/ManagementConsulting,HR_Recruiting_Management,"HR, Recruiter, Manager, Consultants und Projektverantwortliche",PRACTITIONER / MANAGER,EXPANSION_314,BRAUCHEN_CORE,A,PRIMARY_DISCOVERY,JA,ACTIVE_VERIFIED_2026-09,HIGH,Current /new feed checked via web in Sep 2026,HIGH,LOW,"Recruiting, Onboarding, Planung, Kommunikation, Freigaben, Reporting, Tool-Fragmente",Sehr guter Practitioner-/Business-Kandidat für Pain-Point-Research.,500,,,,,https://www.reddit.com/r/ManagementConsulting/,https://www.reddit.com/r/ManagementConsulting/new/,2026-09-18,Current /new feed checked via web in Sep 2026,CORE,"Profession/business/operator-oriented community with recurring workflows, software/process spend and identifiable buyers.",SCAN_PILOT_NOW,300
r/managers,HR_Recruiting_Management,"HR, Recruiter, Manager, Consultants und Projektverantwortliche",PRACTITIONER / MANAGER,EXPANSION_314,BRAUCHEN_TESTEN,B,EXPLORATION,JA,ACTIVE_VERIFIED_2026-09,HIGH,Current /new feed checked via web in Sep 2026,HIGH,LOW,"Recruiting, Onboarding, Planung, Kommunikation, Freigaben, Reporting, Tool-Fragmente",Sinnvoller Exploration-Pilot; Research-Yield messen.,250,,,,,https://www.reddit.com/r/managers/,https://www.reddit.com/r/managers/new/,2026-09-18,Current /new feed checked via web in Sep 2026,CORE,"Profession/business/operator-oriented community with recurring workflows, software/process spend and identifiable buyers.",SCAN_PILOT_NOW,300
r/operations,HR_Recruiting_Management,"HR, Recruiter, Manager, Consultants und Projektverantwortliche",PRACTITIONER / MANAGER,EXPANSION_314,BRAUCHEN_CORE,A,PRIMARY_DISCOVERY,NEIN_BIS_GEPRUEFT,PRUEFEN,LOW,Web check returned unavailable/error; verify before use,HIGH,LOW,"Recruiting, Onboarding, Planung, Kommunikation, Freigaben, Reporting, Tool-Fragmente",Sehr guter Practitioner-/Business-Kandidat für Pain-Point-Research.,500,,,,,https://www.reddit.com/r/operations/,https://www.reddit.com/r/operations/new/,,Web check returned unavailable/error; verify before use,CORE,"Profession/business/operator-oriented community with recurring workflows, software/process spend and identifiable buyers.",VERIFY_ACTIVITY_THEN_SCAN,0
r/projectmanagement,HR_Recruiting_Management,"HR, Recruiter, Manager, Consultants und Projektverantwortliche",PRACTITIONER / MANAGER,EXPANSION_314,BRAUCHEN_CORE,A,PRIMARY_DISCOVERY,JA,ACTIVE_VERIFIED_2026-09,HIGH,Current /new feed checked via web in Sep 2026,HIGH,LOW,"Recruiting, Onboarding, Planung, Kommunikation, Freigaben, Reporting, Tool-Fragmente",Sehr guter Practitioner-/Business-Kandidat für Pain-Point-Research.,500,,,,,https://www.reddit.com/r/projectmanagement/,https://www.reddit.com/r/projectmanagement/new/,2026-09-18,Current /new feed checked via web in Sep 2026,CORE,"Profession/business/operator-oriented community with recurring workflows, software/process spend and identifiable buyers.",SCAN_PILOT_NOW,300
r/Recruiter,HR_Recruiting_Management,"HR, Recruiter, Manager, Consultants und Projektverantwortliche",PRACTITIONER / MANAGER,EXPANSION_314,BRAUCHEN_CORE,A,PRIMARY_DISCOVERY,JA,ACTIVE_VERIFIED_2026-09,HIGH,Current /new feed checked via web in Sep 2026,HIGH,LOW,"Recruiting, Onboarding, Planung, Kommunikation, Freigaben, Reporting, Tool-Fragmente",Sehr guter Practitioner-/Business-Kandidat für Pain-Point-Research.,500,,,,,https://www.reddit.com/r/Recruiter/,https://www.reddit.com/r/Recruiter/new/,2026-09-18,Current /new feed checked via web in Sep 2026,CORE,"Profession/business/operator-oriented community with recurring workflows, software/process spend and identifiable buyers.",SCAN_PILOT_NOW,300
r/recruiting,HR_Recruiting_Management,"HR, Recruiter, Manager, Consultants und Projektverantwortliche",PRACTITIONER / MANAGER,EXPANSION_314,BRAUCHEN_CORE,A,PRIMARY_DISCOVERY,JA,ACTIVE_VERIFIED_2026-09,HIGH,Current /new feed checked via web in Sep 2026,HIGH,LOW,"Recruiting, Onboarding, Planung, Kommunikation, Freigaben, Reporting, Tool-Fragmente",Sehr guter Practitioner-/Business-Kandidat für Pain-Point-Research.,500,,,,,https://www.reddit.com/r/recruiting/,https://www.reddit.com/r/recruiting/new/,2026-09-18,Current /new feed checked via web in Sep 2026,CORE,"Profession/business/operator-oriented community with recurring workflows, software/process spend and identifiable buyers.",SCAN_PILOT_NOW,300
r/Workplace,HR_Recruiting_Management,"HR, Recruiter, Manager, Consultants und Projektverantwortliche",PRACTITIONER / MANAGER,EXPANSION_314,BRAUCHEN_CORE,A,PRIMARY_DISCOVERY,NEIN_BIS_GEPRUEFT,PRUEFEN,LOW,Web check returned unavailable/error; verify before use,HIGH,LOW,"Recruiting, Onboarding, Planung, Kommunikation, Freigaben, Reporting, Tool-Fragmente",Sehr guter Practitioner-/Business-Kandidat für Pain-Point-Research.,500,,,,,https://www.reddit.com/r/Workplace/,https://www.reddit.com/r/Workplace/new/,,Web check returned unavailable/error; verify before use,CORE,"Profession/business/operator-oriented community with recurring workflows, software/process spend and identifiable buyers.",VERIFY_ACTIVITY_THEN_SCAN,0
r/ClaimsAdjusters,Insurance,Claims adjusters,MIXED / PROSUMER,NEW_WEB_RESEARCH,BRAUCHEN_TESTEN,B,EXPLORATION,JA,ACTIVE_NICHE_VERIFIED_2026-09,HIGH,Reddit /new page checked via web research in September 2026.,MEDIUM,MEDIUM,"Claims processing, documentation, field coordination","Aktive, relevante Nischen-/Prosumer-Community; als Exploration sinnvoll.",250,,,,,https://www.reddit.com/r/ClaimsAdjusters/,https://www.reddit.com/r/ClaimsAdjusters/new/,2026-09-18,Zusätzlich nach der 314er-Erweiterung gefunden und gegen vorhandene Namen dedupliziert.,CORE,"Profession/business/operator-oriented community with recurring workflows, software/process spend and identifiable buyers.",SCAN_PILOT_NOW,300
r/InsuranceAdjusters,Insurance,Insurance adjusters,PRACTITIONER / OWNER / BUYER,NEW_WEB_RESEARCH,BRAUCHEN_CORE,A,PRIMARY_DISCOVERY,JA,ACTIVE_VERIFIED_2026-09,HIGH,Reddit /new page checked via web research in September 2026.,MEDIUM,MEDIUM,"Claims workflow, documentation, field work, estimation, communication",Aktive spezialisierte Berufs-/Business-Community mit konkreten operativen Workflows.,500,,,,,https://www.reddit.com/r/InsuranceAdjusters/,https://www.reddit.com/r/InsuranceAdjusters/new/,2026-09-18,Zusätzlich nach der 314er-Erweiterung gefunden und gegen vorhandene Namen dedupliziert.,CORE,"Profession/business/operator-oriented community with recurring workflows, software/process spend and identifiable buyers.",SCAN_PILOT_NOW,300
r/FinancialCareers,Investing_Stocks,"Trader, Aktien-Investoren",MIXED,LEGACY_647,SEKUNDAER,S,SECONDARY_SIGNAL,NUR_SEKUNDAER,WAHRSCHEINLICH_AKTIV_PROXY,MEDIUM,Aktivität aus gelieferten Mitglieder-/Wachstumsdaten abgeleitet; nicht live verifiziert.,LOW_TO_MEDIUM,LOW,,"Kann ergänzende Markt-, Tool-, Trend- oder Zahlungs-Signale liefern, aber nicht als Kernquelle priorisieren.",150,1700000,139000,Streng,3.783,https://www.reddit.com/r/FinancialCareers/,https://www.reddit.com/r/FinancialCareers/new/,,Legacy-Seed: Entscheidung neu bewertet; Aktivität bei fehlendem Live-Check nur als Proxy markiert.,CORE,Direct operator/professional/business workflow source with strong recurring process and spending potential.,VERIFY_ACTIVITY_THEN_SCAN,0
r/atlassian,IT_B2B_Software,"IT-Leiter, MSPs, Admins und Nutzer großer B2B-Software-Ökosysteme",PRACTITIONER / BUYER,EXPANSION_314,BRAUCHEN_CORE,A,PRIMARY_DISCOVERY,JA,ACTIVE_VERIFIED_2026-09,HIGH,Current /new feed checked via web in Sep 2026,HIGH,LOW,"Integrationen, Provisioning, Tickets, Reporting, Automatisierung, Migration, Admin-Workflows",Sehr guter Practitioner-/Business-Kandidat für Pain-Point-Research.,500,,,,,https://www.reddit.com/r/atlassian/,https://www.reddit.com/r/atlassian/new/,2026-09-18,Current /new feed checked via web in Sep 2026,CORE,"Profession/business/operator-oriented community with recurring workflows, software/process spend and identifiable buyers.",SCAN_PILOT_NOW,300
r/excel,IT_B2B_Software,"IT-Leiter, MSPs, Admins und Nutzer großer B2B-Software-Ökosysteme",PRACTITIONER / BUYER,EXPANSION_314,BRAUCHEN_CORE,A,PRIMARY_DISCOVERY,JA,ACTIVE_VERIFIED_2026-09,HIGH,Current /new feed checked via web in Sep 2026,HIGH,LOW,"Integrationen, Provisioning, Tickets, Reporting, Automatisierung, Migration, Admin-Workflows",Sehr guter Practitioner-/Business-Kandidat für Pain-Point-Research.,500,,,,,https://www.reddit.com/r/excel/,https://www.reddit.com/r/excel/new/,2026-09-18,Current /new feed checked via web in Sep 2026,CORE,"Profession/business/operator-oriented community with recurring workflows, software/process spend and identifiable buyers.",SCAN_PILOT_NOW,300
r/ITManagers,IT_B2B_Software,"IT-Leiter, MSPs, Admins und Nutzer großer B2B-Software-Ökosysteme",PRACTITIONER / BUYER,EXPANSION_314,BRAUCHEN_CORE,A,PRIMARY_DISCOVERY,JA,ACTIVE_VERIFIED_2026-09,HIGH,Current /new feed checked via web in Sep 2026,HIGH,LOW,"Integrationen, Provisioning, Tickets, Reporting, Automatisierung, Migration, Admin-Workflows",Sehr guter Practitioner-/Business-Kandidat für Pain-Point-Research.,500,,,,,https://www.reddit.com/r/ITManagers/,https://www.reddit.com/r/ITManagers/new/,2026-09-18,Current /new feed checked via web in Sep 2026,CORE,"Profession/business/operator-oriented community with recurring workflows, software/process spend and identifiable buyers.",SCAN_PILOT_NOW,300
r/jira,IT_B2B_Software,"IT-Leiter, MSPs, Admins und Nutzer großer B2B-Software-Ökosysteme",PRACTITIONER / BUYER,EXPANSION_314,BRAUCHEN_CORE,A,PRIMARY_DISCOVERY,JA,ACTIVE_VERIFIED_2026-09,HIGH,Current /new feed checked via web in Sep 2026,HIGH,LOW,"Integrationen, Provisioning, Tickets, Reporting, Automatisierung, Migration, Admin-Workflows",Sehr guter Practitioner-/Business-Kandidat für Pain-Point-Research.,500,,,,,https://www.reddit.com/r/jira/,https://www.reddit.com/r/jira/new/,2026-09-18,Current /new feed checked via web in Sep 2026,CORE,"Profession/business/operator-oriented community with recurring workflows, software/process spend and identifiable buyers.",SCAN_PILOT_NOW,300
r/k12sysadmin,IT_B2B_Software,"IT-Leiter, MSPs, Admins und Nutzer großer B2B-Software-Ökosysteme",PRACTITIONER / BUYER,EXPANSION_314,BRAUCHEN_CORE,A,PRIMARY_DISCOVERY,JA,ACTIVE_VERIFIED_2026-09,HIGH,Current /new feed checked via web in Sep 2026,HIGH,LOW,"Integrationen, Provisioning, Tickets, Reporting, Automatisierung, Migration, Admin-Workflows",Sehr guter Practitioner-/Business-Kandidat für Pain-Point-Research.,500,,,,,https://www.reddit.com/r/k12sysadmin/,https://www.reddit.com/r/k12sysadmin/new/,2026-09-18,Current /new feed checked via web in Sep 2026,CORE,"Profession/business/operator-oriented community with recurring workflows, software/process spend and identifiable buyers.",SCAN_PILOT_NOW,300
r/Microsoft365,IT_B2B_Software,"IT-Leiter, MSPs, Admins und Nutzer großer B2B-Software-Ökosysteme",PRACTITIONER / BUYER,EXPANSION_314,BRAUCHEN_CORE,A,PRIMARY_DISCOVERY,JA,ACTIVE_VERIFIED_2026-09,HIGH,Current /new feed checked via web in Sep 2026,HIGH,LOW,"Integrationen, Provisioning, Tickets, Reporting, Automatisierung, Migration, Admin-Workflows",Sehr guter Practitioner-/Business-Kandidat für Pain-Point-Research.,500,,,,,https://www.reddit.com/r/Microsoft365/,https://www.reddit.com/r/Microsoft365/new/,2026-09-18,Current /new feed checked via web in Sep 2026,CORE,"Profession/business/operator-oriented community with recurring workflows, software/process spend and identifiable buyers.",SCAN_PILOT_NOW,300
r/msp,IT_B2B_Software,"IT-Leiter, MSPs, Admins und Nutzer großer B2B-Software-Ökosysteme",PRACTITIONER / BUYER,EXPANSION_314,BRAUCHEN_CORE,A,PRIMARY_DISCOVERY,JA,ACTIVE_VERIFIED_2026-09,HIGH,Current /new feed checked via web in Sep 2026,HIGH,LOW,"Integrationen, Provisioning, Tickets, Reporting, Automatisierung, Migration, Admin-Workflows",Sehr guter Practitioner-/Business-Kandidat für Pain-Point-Research.,500,,,,,https://www.reddit.com/r/msp/,https://www.reddit.com/r/msp/new/,2026-09-18,Current /new feed checked via web in Sep 2026,CORE,"Profession/business/operator-oriented community with recurring workflows, software/process spend and identifiable buyers.",SCAN_PILOT_NOW,300
r/Office365,IT_B2B_Software,"IT-Leiter, MSPs, Admins und Nutzer großer B2B-Software-Ökosysteme",PRACTITIONER / BUYER,EXPANSION_314,BRAUCHEN_CORE,A,PRIMARY_DISCOVERY,JA,ACTIVE_VERIFIED_2026-09,HIGH,Current /new feed checked via web in Sep 2026,HIGH,LOW,"Integrationen, Provisioning, Tickets, Reporting, Automatisierung, Migration, Admin-Workflows",Sehr guter Practitioner-/Business-Kandidat für Pain-Point-Research.,500,,,,,https://www.reddit.com/r/Office365/,https://www.reddit.com/r/Office365/new/,2026-09-18,Current /new feed checked via web in Sep 2026,CORE,"Profession/business/operator-oriented community with recurring workflows, software/process spend and identifiable buyers.",SCAN_PILOT_NOW,300
r/PowerBI,IT_B2B_Software,"IT-Leiter, MSPs, Admins und Nutzer großer B2B-Software-Ökosysteme",PRACTITIONER / BUYER,EXPANSION_314,BRAUCHEN_CORE,A,PRIMARY_DISCOVERY,JA,ACTIVE_VERIFIED_2026-09,HIGH,Current /new feed checked via web in Sep 2026,HIGH,LOW,"Integrationen, Provisioning, Tickets, Reporting, Automatisierung, Migration, Admin-Workflows",Sehr guter Practitioner-/Business-Kandidat für Pain-Point-Research.,500,,,,,https://www.reddit.com/r/PowerBI/,https://www.reddit.com/r/PowerBI/new/,2026-09-18,Current /new feed checked via web in Sep 2026,CORE,"Profession/business/operator-oriented community with recurring workflows, software/process spend and identifiable buyers.",SCAN_PILOT_NOW,300
r/salesforce,IT_B2B_Software,"IT-Leiter, MSPs, Admins und Nutzer großer B2B-Software-Ökosysteme",PRACTITIONER / BUYER,EXPANSION_314,BRAUCHEN_CORE,A,PRIMARY_DISCOVERY,JA,ACTIVE_VERIFIED_2026-09,HIGH,Current /new feed checked via web in Sep 2026,HIGH,LOW,"Integrationen, Provisioning, Tickets, Reporting, Automatisierung, Migration, Admin-Workflows",Sehr guter Practitioner-/Business-Kandidat für Pain-Point-Research.,500,,,,,https://www.reddit.com/r/salesforce/,https://www.reddit.com/r/salesforce/new/,2026-09-18,Current /new feed checked via web in Sep 2026,CORE,"Profession/business/operator-oriented community with recurring workflows, software/process spend and identifiable buyers.",SCAN_PILOT_NOW,300
r/SalesforceDeveloper,IT_B2B_Software,"IT-Leiter, MSPs, Admins und Nutzer großer B2B-Software-Ökosysteme",PRACTITIONER / BUYER,EXPANSION_314,BRAUCHEN_CORE,A,PRIMARY_DISCOVERY,JA,ACTIVE_VERIFIED_2026-09,HIGH,Current /new feed checked via web in Sep 2026,HIGH,LOW,"Integrationen, Provisioning, Tickets, Reporting, Automatisierung, Migration, Admin-Workflows",Sehr guter Practitioner-/Business-Kandidat für Pain-Point-Research.,500,,,,,https://www.reddit.com/r/SalesforceDeveloper/,https://www.reddit.com/r/SalesforceDeveloper/new/,2026-09-18,Current /new feed checked via web in Sep 2026,CORE,"Profession/business/operator-oriented community with recurring workflows, software/process spend and identifiable buyers.",SCAN_PILOT_NOW,300
r/servicenow,IT_B2B_Software,"IT-Leiter, MSPs, Admins und Nutzer großer B2B-Software-Ökosysteme",PRACTITIONER / BUYER,EXPANSION_314,BRAUCHEN_CORE,A,PRIMARY_DISCOVERY,JA,ACTIVE_VERIFIED_2026-09,HIGH,Current /new feed checked via web in Sep 2026,HIGH,LOW,"Integrationen, Provisioning, Tickets, Reporting, Automatisierung, Migration, Admin-Workflows",Sehr guter Practitioner-/Business-Kandidat für Pain-Point-Research.,500,,,,,https://www.reddit.com/r/servicenow/,https://www.reddit.com/r/servicenow/new/,2026-09-18,Current /new feed checked via web in Sep 2026,CORE,"Profession/business/operator-oriented community with recurring workflows, software/process spend and identifiable buyers.",SCAN_PILOT_NOW,300
r/AMLCompliance,Legal_Compliance,AML/KYC/compliance professionals,PRACTITIONER / OWNER / BUYER,NEW_WEB_RESEARCH,BRAUCHEN_CORE,A,PRIMARY_DISCOVERY,JA,ACTIVE_VERIFIED_2026-09,HIGH,Reddit /new page checked via web research in September 2026.,HIGH,MEDIUM,"Case management, evidence, monitoring, reporting, regulatory workflow",Aktive spezialisierte Berufs-/Business-Community mit konkreten operativen Workflows.,500,,,,,https://www.reddit.com/r/AMLCompliance/,https://www.reddit.com/r/AMLCompliance/new/,2026-09-18,Zusätzlich nach der 314er-Erweiterung gefunden und gegen vorhandene Namen dedupliziert.,CORE,"Profession/business/operator-oriented community with recurring workflows, software/process spend and identifiable buyers.",SCAN_PILOT_NOW,300
r/Compliance,Legal_Compliance,"Anwälte, Kanzleimitarbeiter, Paralegals, Compliance- und Privacy-Profis",PRACTITIONER / PROFESSIONAL,EXPANSION_314,BRAUCHEN_CORE,A,PRIMARY_DISCOVERY,JA,ACTIVE_VERIFIED_2026-09,HIGH,Current /new feed checked via web in Sep 2026,MEDIUM,MEDIUM,"Dokumenten- und Fallmanagement, Fristen, Intake, Abrechnung, Compliance, Recherche, Übergaben",Sehr guter Practitioner-/Business-Kandidat für Pain-Point-Research.,500,,,,,https://www.reddit.com/r/Compliance/,https://www.reddit.com/r/Compliance/new/,2026-09-18,Current /new feed checked via web in Sep 2026,CORE,"Profession/business/operator-oriented community with recurring workflows, software/process spend and identifiable buyers.",SCAN_PILOT_NOW,300
r/cybersecurity,Legal_Compliance,"Anwälte, Kanzleimitarbeiter, Paralegals, Compliance- und Privacy-Profis",PRACTITIONER / PROFESSIONAL,EXPANSION_314,BRAUCHEN_CORE,A,PRIMARY_DISCOVERY,JA,ACTIVE_VERIFIED_2026-09,HIGH,Current /new feed checked via web in Sep 2026,MEDIUM,MEDIUM,"Dokumenten- und Fallmanagement, Fristen, Intake, Abrechnung, Compliance, Recherche, Übergaben",Sehr guter Practitioner-/Business-Kandidat für Pain-Point-Research.,500,,,,,https://www.reddit.com/r/cybersecurity/,https://www.reddit.com/r/cybersecurity/new/,2026-09-18,Current /new feed checked via web in Sep 2026,CORE,"Profession/business/operator-oriented community with recurring workflows, software/process spend and identifiable buyers.",SCAN_PILOT_NOW,300
r/LawFirm,Legal_Compliance,"Anwälte, Kanzleimitarbeiter, Paralegals, Compliance- und Privacy-Profis",PRACTITIONER / PROFESSIONAL,EXPANSION_314,BRAUCHEN_CORE,A,PRIMARY_DISCOVERY,JA,ACTIVE_VERIFIED_2026-09,HIGH,Current /new feed checked via web in Sep 2026,MEDIUM,MEDIUM,"Dokumenten- und Fallmanagement, Fristen, Intake, Abrechnung, Compliance, Recherche, Übergaben",Sehr guter Practitioner-/Business-Kandidat für Pain-Point-Research.,500,,,,,https://www.reddit.com/r/LawFirm/,https://www.reddit.com/r/LawFirm/new/,2026-09-18,Current /new feed checked via web in Sep 2026,CORE,"Profession/business/operator-oriented community with recurring workflows, software/process spend and identifiable buyers.",SCAN_PILOT_NOW,300
r/Lawyertalk,Legal_Compliance,"Anwälte, Kanzleimitarbeiter, Paralegals, Compliance- und Privacy-Profis",PRACTITIONER / PROFESSIONAL,EXPANSION_314,BRAUCHEN_CORE,A,PRIMARY_DISCOVERY,JA,ACTIVE_VERIFIED_2026-09,HIGH,Current /new feed checked via web in Sep 2026,MEDIUM,MEDIUM,"Dokumenten- und Fallmanagement, Fristen, Intake, Abrechnung, Compliance, Recherche, Übergaben",Sehr guter Practitioner-/Business-Kandidat für Pain-Point-Research.,500,,,,,https://www.reddit.com/r/Lawyertalk/,https://www.reddit.com/r/Lawyertalk/new/,2026-09-18,Current /new feed checked via web in Sep 2026,CORE,"Profession/business/operator-oriented community with recurring workflows, software/process spend and identifiable buyers.",SCAN_PILOT_NOW,300
r/paralegal,Legal_Compliance,"Anwälte, Kanzleimitarbeiter, Paralegals, Compliance- und Privacy-Profis",PRACTITIONER / PROFESSIONAL,EXPANSION_314,BRAUCHEN_CORE,A,PRIMARY_DISCOVERY,JA,ACTIVE_VERIFIED_2026-09,HIGH,Current /new feed checked via web in Sep 2026,MEDIUM,MEDIUM,"Dokumenten- und Fallmanagement, Fristen, Intake, Abrechnung, Compliance, Recherche, Übergaben",Sehr guter Practitioner-/Business-Kandidat für Pain-Point-Research.,500,,,,,https://www.reddit.com/r/paralegal/,https://www.reddit.com/r/paralegal/new/,2026-09-18,Current /new feed checked via web in Sep 2026,CORE,"Profession/business/operator-oriented community with recurring workflows, software/process spend and identifiable buyers.",SCAN_PILOT_NOW,300
r/Insurance,Local_Service_Biz,"Lokale Dienstleister (Trades, MedSpa, Makler, Versicherung)",MIXED,LEGACY_647,BRAUCHEN_TESTEN,B,EXPLORATION,NEIN_BIS_GEPRUEFT,PRUEFEN,LOW,Keine verwertbaren Aktivitätsmetriken in der gelieferten Legacy-Datei.,LOW_TO_MEDIUM,LOW,,Noch nicht ausreichend bewertet; zunächst kleiner Pilot.,250,,,"Eingeschraenkt - Mehrwert, hoher Intent",2.4,https://www.reddit.com/r/Insurance/,https://www.reddit.com/r/Insurance/new/,,Legacy-Seed: Entscheidung neu bewertet; Aktivität bei fehlendem Live-Check nur als Proxy markiert.,CORE,"Profession/business/operator-oriented community with recurring workflows, software/process spend and identifiable buyers.",VERIFY_ACTIVITY_THEN_SCAN,0
r/MedSpaGrowth,Local_Service_Biz,"Lokale Dienstleister (Trades, MedSpa, Makler, Versicherung)",MIXED,LEGACY_647,BRAUCHEN_TESTEN,B,EXPLORATION,NEIN_BIS_GEPRUEFT,PRUEFEN,LOW,Sehr kleine Community laut Legacy-Daten; vor Scan live prüfen.,LOW_TO_MEDIUM,LOW,,Noch nicht ausreichend bewertet; zunächst kleiner Pilot.,250,252,,"Eingeschraenkt - Mehrwert, hoher Intent",2.478,https://www.reddit.com/r/MedSpaGrowth/,https://www.reddit.com/r/MedSpaGrowth/new/,,Legacy-Seed: Entscheidung neu bewertet; Aktivität bei fehlendem Live-Check nur als Proxy markiert.,CORE,"Profession/business/operator-oriented community with recurring workflows, software/process spend and identifiable buyers.",VERIFY_ACTIVITY_THEN_SCAN,0
r/RealEstate,Local_Service_Biz,"Lokale Dienstleister (Trades, MedSpa, Makler, Versicherung)",MIXED,LEGACY_647,BRAUCHEN_TESTEN,B,EXPLORATION,NEIN_BIS_GEPRUEFT,PRUEFEN,LOW,Keine verwertbaren Aktivitätsmetriken in der gelieferten Legacy-Datei.,LOW_TO_MEDIUM,LOW,,Noch nicht ausreichend bewertet; zunächst kleiner Pilot.,250,,,"Eingeschraenkt - Mehrwert, hoher Intent",2.4,https://www.reddit.com/r/RealEstate/,https://www.reddit.com/r/RealEstate/new/,,Legacy-Seed: Entscheidung neu bewertet; Aktivität bei fehlendem Live-Check nur als Proxy markiert.,CORE,"Profession/business/operator-oriented community with recurring workflows, software/process spend and identifiable buyers.",VERIFY_ACTIVITY_THEN_SCAN,0
r/roofingcommunity,Local_Service_Biz,"Lokale Dienstleister (Trades, MedSpa, Makler, Versicherung)",MIXED,LEGACY_647,BRAUCHEN_TESTEN,B,EXPLORATION,NEIN_BIS_GEPRUEFT,PRUEFEN,LOW,Sehr kleine Community laut Legacy-Daten; vor Scan live prüfen.,LOW_TO_MEDIUM,LOW,,Noch nicht ausreichend bewertet; zunächst kleiner Pilot.,250,998,,"Eingeschraenkt - Mehrwert, hoher Intent",2.64,https://www.reddit.com/r/roofingcommunity/,https://www.reddit.com/r/roofingcommunity/new/,,Legacy-Seed: Entscheidung neu bewertet; Aktivität bei fehlendem Live-Check nur als Proxy markiert.,CORE,"Profession/business/operator-oriented community with recurring workflows, software/process spend and identifiable buyers.",VERIFY_ACTIVITY_THEN_SCAN,0
r/AirTrafficControl,Logistics_Transport,"Logistik, Spedition, Fahrer, Disponenten, Supply Chain und Transportbetriebe",PRACTITIONER / OWNER / GIG,EXPANSION_314,BRAUCHEN_CORE,A,PRIMARY_DISCOVERY,JA,ACTIVE_NICHE_VERIFIED_2026-09,HIGH,Current /new feed checked via web in Sep 2026,HIGH,LOW,"Disposition, Tracking, Nachweise, Routen, Abrechnung, Kommunikation, Übergaben, Plattformprobleme",Sehr guter Practitioner-/Business-Kandidat für Pain-Point-Research.,500,,,,,https://www.reddit.com/r/AirTrafficControl/,https://www.reddit.com/r/AirTrafficControl/new/,2026-09-18,Current /new feed checked via web in Sep 2026,CORE,"Profession/business/operator-oriented community with recurring workflows, software/process spend and identifiable buyers.",SCAN_PILOT_NOW,300
r/AmazonDSPDrivers,Logistics_Transport,"Logistik, Spedition, Fahrer, Disponenten, Supply Chain und Transportbetriebe",PRACTITIONER / OWNER / GIG,EXPANSION_314,BRAUCHEN_CORE,A,PRIMARY_DISCOVERY,JA,ACTIVE_VERIFIED_2026-09,HIGH,Current /new feed checked via web in Sep 2026,HIGH,LOW,"Disposition, Tracking, Nachweise, Routen, Abrechnung, Kommunikation, Übergaben, Plattformprobleme",Sehr guter Practitioner-/Business-Kandidat für Pain-Point-Research.,500,,,,,https://www.reddit.com/r/AmazonDSPDrivers/,https://www.reddit.com/r/AmazonDSPDrivers/new/,2026-09-18,Current /new feed checked via web in Sep 2026,CORE,"Profession/business/operator-oriented community with recurring workflows, software/process spend and identifiable buyers.",SCAN_PILOT_NOW,300
r/aviationmaintenance,Logistics_Transport,"Logistik, Spedition, Fahrer, Disponenten, Supply Chain und Transportbetriebe",PRACTITIONER / OWNER / GIG,EXPANSION_314,BRAUCHEN_CORE,A,PRIMARY_DISCOVERY,JA,ACTIVE_VERIFIED_2026-09,HIGH,Current /new feed checked via web in Sep 2026,HIGH,LOW,"Disposition, Tracking, Nachweise, Routen, Abrechnung, Kommunikation, Übergaben, Plattformprobleme",Sehr guter Practitioner-/Business-Kandidat für Pain-Point-Research.,500,,,,,https://www.reddit.com/r/aviationmaintenance/,https://www.reddit.com/r/aviationmaintenance/new/,2026-09-18,Current /new feed checked via web in Sep 2026,CORE,"Profession/business/operator-oriented community with recurring workflows, software/process spend and identifiable buyers.",SCAN_PILOT_NOW,300
r/Couriers,Logistics_Transport,Courier / multi-drop drivers,MIXED / PROSUMER,NEW_WEB_RESEARCH,BRAUCHEN_TESTEN,B,EXPLORATION,JA,ACTIVE_NICHE_VERIFIED_2026-09,HIGH,Reddit /new page checked via web research in September 2026.,HIGH,LOW,"Routing, jobs, proof of delivery, dispatch, earnings","Aktive, relevante Nischen-/Prosumer-Community; als Exploration sinnvoll.",250,,,,,https://www.reddit.com/r/Couriers/,https://www.reddit.com/r/Couriers/new/,2026-09-18,Zusätzlich nach der 314er-Erweiterung gefunden und gegen vorhandene Namen dedupliziert.,CORE,"Profession/business/operator-oriented community with recurring workflows, software/process spend and identifiable buyers.",SCAN_PILOT_NOW,300
r/couriersofreddit,Logistics_Transport,"Logistik, Spedition, Fahrer, Disponenten, Supply Chain und Transportbetriebe",PRACTITIONER / OWNER / GIG,EXPANSION_314,BRAUCHEN_CORE,A,PRIMARY_DISCOVERY,JA,ACTIVE_VERIFIED_2026-09,HIGH,Current /new feed checked via web in Sep 2026,HIGH,LOW,"Disposition, Tracking, Nachweise, Routen, Abrechnung, Kommunikation, Übergaben, Plattformprobleme",Sehr guter Practitioner-/Business-Kandidat für Pain-Point-Research.,500,,,,,https://www.reddit.com/r/couriersofreddit/,https://www.reddit.com/r/couriersofreddit/new/,2026-09-18,Current /new feed checked via web in Sep 2026,CORE,"Profession/business/operator-oriented community with recurring workflows, software/process spend and identifiable buyers.",SCAN_PILOT_NOW,300
r/DeliveryDrivers,Logistics_Transport,Delivery drivers,MIXED / PROSUMER,NEW_WEB_RESEARCH,BRAUCHEN_TESTEN,B,EXPLORATION,JA,ACTIVE_VERIFIED_2026-09,HIGH,Reddit /new page checked via web research in September 2026.,HIGH,LOW,"Routes, apps, scheduling, earnings, delivery exceptions","Aktive, relevante Nischen-/Prosumer-Community; als Exploration sinnvoll.",250,,,,,https://www.reddit.com/r/DeliveryDrivers/,https://www.reddit.com/r/DeliveryDrivers/new/,2026-09-18,Zusätzlich nach der 314er-Erweiterung gefunden und gegen vorhandene Namen dedupliziert.,CORE,"Profession/business/operator-oriented community with recurring workflows, software/process spend and identifiable buyers.",SCAN_PILOT_NOW,300
r/dispatchers,Logistics_Transport,"Logistik, Spedition, Fahrer, Disponenten, Supply Chain und Transportbetriebe",PRACTITIONER / OWNER / GIG,EXPANSION_314,BRAUCHEN_CORE,A,PRIMARY_DISCOVERY,JA,ACTIVE_VERIFIED_2026-09,HIGH,Current /new feed checked via web in Sep 2026,HIGH,LOW,"Disposition, Tracking, Nachweise, Routen, Abrechnung, Kommunikation, Übergaben, Plattformprobleme",Sehr guter Practitioner-/Business-Kandidat für Pain-Point-Research.,500,,,,,https://www.reddit.com/r/dispatchers/,https://www.reddit.com/r/dispatchers/new/,2026-09-18,Current /new feed checked via web in Sep 2026,CORE,"Profession/business/operator-oriented community with recurring workflows, software/process spend and identifiable buyers.",SCAN_PILOT_NOW,300
r/doordash_drivers,Logistics_Transport,"Logistik, Spedition, Fahrer, Disponenten, Supply Chain und Transportbetriebe",PRACTITIONER / OWNER / GIG,EXPANSION_314,BRAUCHEN_CORE,A,PRIMARY_DISCOVERY,JA,ACTIVE_VERIFIED_2026-09,HIGH,Current /new feed checked via web in Sep 2026,HIGH,LOW,"Disposition, Tracking, Nachweise, Routen, Abrechnung, Kommunikation, Übergaben, Plattformprobleme",Sehr guter Practitioner-/Business-Kandidat für Pain-Point-Research.,500,,,,,https://www.reddit.com/r/doordash_drivers/,https://www.reddit.com/r/doordash_drivers/new/,2026-09-18,Current /new feed checked via web in Sep 2026,CORE,"Profession/business/operator-oriented community with recurring workflows, software/process spend and identifiable buyers.",SCAN_PILOT_NOW,300
r/Fedexers,Logistics_Transport,"Logistik, Spedition, Fahrer, Disponenten, Supply Chain und Transportbetriebe",PRACTITIONER / OWNER / GIG,EXPANSION_314,BRAUCHEN_CORE,A,PRIMARY_DISCOVERY,JA,ACTIVE_VERIFIED_2026-09,HIGH,Current /new feed checked via web in Sep 2026,HIGH,LOW,"Disposition, Tracking, Nachweise, Routen, Abrechnung, Kommunikation, Übergaben, Plattformprobleme",Sehr guter Practitioner-/Business-Kandidat für Pain-Point-Research.,500,,,,,https://www.reddit.com/r/Fedexers/,https://www.reddit.com/r/Fedexers/new/,2026-09-18,Current /new feed checked via web in Sep 2026,CORE,"Profession/business/operator-oriented community with recurring workflows, software/process spend and identifiable buyers.",SCAN_PILOT_NOW,300
r/flightattendants,Logistics_Transport,"Logistik, Spedition, Fahrer, Disponenten, Supply Chain und Transportbetriebe",PRACTITIONER / OWNER / GIG,EXPANSION_314,BRAUCHEN_CORE,A,PRIMARY_DISCOVERY,JA,ACTIVE_VERIFIED_2026-09,HIGH,Current /new feed checked via web in Sep 2026,HIGH,LOW,"Disposition, Tracking, Nachweise, Routen, Abrechnung, Kommunikation, Übergaben, Plattformprobleme",Sehr guter Practitioner-/Business-Kandidat für Pain-Point-Research.,500,,,,,https://www.reddit.com/r/flightattendants/,https://www.reddit.com/r/flightattendants/new/,2026-09-18,Current /new feed checked via web in Sep 2026,CORE,"Profession/business/operator-oriented community with recurring workflows, software/process spend and identifiable buyers.",SCAN_PILOT_NOW,300
r/FreightBrokers,Logistics_Transport,"Logistik, Spedition, Fahrer, Disponenten, Supply Chain und Transportbetriebe",PRACTITIONER / OWNER / GIG,EXPANSION_314,BRAUCHEN_CORE,A,PRIMARY_DISCOVERY,JA,ACTIVE_VERIFIED_2026-09,HIGH,Current /new feed checked via web in Sep 2026,HIGH,LOW,"Disposition, Tracking, Nachweise, Routen, Abrechnung, Kommunikation, Übergaben, Plattformprobleme",Sehr guter Practitioner-/Business-Kandidat für Pain-Point-Research.,500,,,,,https://www.reddit.com/r/FreightBrokers/,https://www.reddit.com/r/FreightBrokers/new/,2026-09-18,Current /new feed checked via web in Sep 2026,CORE,"Profession/business/operator-oriented community with recurring workflows, software/process spend and identifiable buyers.",SCAN_PILOT_NOW,300
r/LastMileDelivery,Logistics_Transport,Last-mile delivery operators,MIXED / PROSUMER,NEW_WEB_RESEARCH,BRAUCHEN_TESTEN,B,EXPLORATION,JA,ACTIVE_NICHE_VERIFIED_2026-09,HIGH,Reddit /new page checked via web research in September 2026.,HIGH,LOW,"Routing, proof of delivery, dispatch, staffing, exceptions","Aktive, relevante Nischen-/Prosumer-Community; als Exploration sinnvoll.",250,,,,,https://www.reddit.com/r/LastMileDelivery/,https://www.reddit.com/r/LastMileDelivery/new/,2026-09-18,Zusätzlich nach der 314er-Erweiterung gefunden und gegen vorhandene Namen dedupliziert.,CORE,"Profession/business/operator-oriented community with recurring workflows, software/process spend and identifiable buyers.",SCAN_PILOT_NOW,300
r/logistics,Logistics_Transport,"Logistik, Spedition, Fahrer, Disponenten, Supply Chain und Transportbetriebe",PRACTITIONER / OWNER / GIG,EXPANSION_314,BRAUCHEN_CORE,A,PRIMARY_DISCOVERY,JA,ACTIVE_VERIFIED_2026-09,HIGH,Current /new feed checked via web in Sep 2026,HIGH,LOW,"Disposition, Tracking, Nachweise, Routen, Abrechnung, Kommunikation, Übergaben, Plattformprobleme",Sehr guter Practitioner-/Business-Kandidat für Pain-Point-Research.,500,,,,,https://www.reddit.com/r/logistics/,https://www.reddit.com/r/logistics/new/,2026-09-18,Current /new feed checked via web in Sep 2026,CORE,"Profession/business/operator-oriented community with recurring workflows, software/process spend and identifiable buyers.",SCAN_PILOT_NOW,300
r/maritime,Logistics_Transport,"Logistik, Spedition, Fahrer, Disponenten, Supply Chain und Transportbetriebe",PRACTITIONER / OWNER / GIG,EXPANSION_314,BRAUCHEN_CORE,A,PRIMARY_DISCOVERY,JA,ACTIVE_NICHE_VERIFIED_2026-09,HIGH,Current /new feed checked via web in Sep 2026,HIGH,LOW,"Disposition, Tracking, Nachweise, Routen, Abrechnung, Kommunikation, Übergaben, Plattformprobleme",Sehr guter Practitioner-/Business-Kandidat für Pain-Point-Research.,500,,,,,https://www.reddit.com/r/maritime/,https://www.reddit.com/r/maritime/new/,2026-09-18,Current /new feed checked via web in Sep 2026,CORE,"Profession/business/operator-oriented community with recurring workflows, software/process spend and identifiable buyers.",SCAN_PILOT_NOW,300
r/merchantmarine,Logistics_Transport,"Logistik, Spedition, Fahrer, Disponenten, Supply Chain und Transportbetriebe",PRACTITIONER / OWNER / GIG,EXPANSION_314,BRAUCHEN_CORE,A,PRIMARY_DISCOVERY,JA,ACTIVE_NICHE_VERIFIED_2026-09,HIGH,Current /new feed checked via web in Sep 2026,HIGH,LOW,"Disposition, Tracking, Nachweise, Routen, Abrechnung, Kommunikation, Übergaben, Plattformprobleme",Sehr guter Practitioner-/Business-Kandidat für Pain-Point-Research.,500,,,,,https://www.reddit.com/r/merchantmarine/,https://www.reddit.com/r/merchantmarine/new/,2026-09-18,Current /new feed checked via web in Sep 2026,CORE,"Profession/business/operator-oriented community with recurring workflows, software/process spend and identifiable buyers.",SCAN_PILOT_NOW,300
r/OwnerOperators,Logistics_Transport,Truck owner-operators,PRACTITIONER / OWNER / BUYER,NEW_WEB_RESEARCH,BRAUCHEN_CORE,A,PRIMARY_DISCOVERY,JA,ACTIVE_VERIFIED_2026-09,HIGH,Reddit /new page checked via web research in September 2026.,HIGH,LOW,"Dispatch, loads, expenses, maintenance, compliance, invoicing",Aktive spezialisierte Berufs-/Business-Community mit konkreten operativen Workflows.,500,,,,,https://www.reddit.com/r/OwnerOperators/,https://www.reddit.com/r/OwnerOperators/new/,2026-09-18,Zusätzlich nach der 314er-Erweiterung gefunden und gegen vorhandene Namen dedupliziert.,CORE,"Profession/business/operator-oriented community with recurring workflows, software/process spend and identifiable buyers.",SCAN_PILOT_NOW,300
r/railroading,Logistics_Transport,"Logistik, Spedition, Fahrer, Disponenten, Supply Chain und Transportbetriebe",PRACTITIONER / OWNER / GIG,EXPANSION_314,BRAUCHEN_CORE,A,PRIMARY_DISCOVERY,JA,ACTIVE_VERIFIED_2026-09,HIGH,Current /new feed checked via web in Sep 2026,HIGH,LOW,"Disposition, Tracking, Nachweise, Routen, Abrechnung, Kommunikation, Übergaben, Plattformprobleme",Sehr guter Practitioner-/Business-Kandidat für Pain-Point-Research.,500,,,,,https://www.reddit.com/r/railroading/,https://www.reddit.com/r/railroading/new/,2026-09-18,Current /new feed checked via web in Sep 2026,CORE,"Profession/business/operator-oriented community with recurring workflows, software/process spend and identifiable buyers.",SCAN_PILOT_NOW,300
r/supplychain,Logistics_Transport,"Logistik, Spedition, Fahrer, Disponenten, Supply Chain und Transportbetriebe",PRACTITIONER / OWNER / GIG,EXPANSION_314,BRAUCHEN_CORE,A,PRIMARY_DISCOVERY,JA,ACTIVE_VERIFIED_2026-09,HIGH,Current /new feed checked via web in Sep 2026,HIGH,LOW,"Disposition, Tracking, Nachweise, Routen, Abrechnung, Kommunikation, Übergaben, Plattformprobleme",Sehr guter Practitioner-/Business-Kandidat für Pain-Point-Research.,500,,,,,https://www.reddit.com/r/supplychain/,https://www.reddit.com/r/supplychain/new/,2026-09-18,Current /new feed checked via web in Sep 2026,CORE,"Profession/business/operator-oriented community with recurring workflows, software/process spend and identifiable buyers.",SCAN_PILOT_NOW,300
r/SupplyChainLogistics,Logistics_Transport,"Logistik, Spedition, Fahrer, Disponenten, Supply Chain und Transportbetriebe",PRACTITIONER / OWNER / GIG,EXPANSION_314,BRAUCHEN_CORE,A,PRIMARY_DISCOVERY,JA,ACTIVE_VERIFIED_2026-09,HIGH,Current /new feed checked via web in Sep 2026,HIGH,LOW,"Disposition, Tracking, Nachweise, Routen, Abrechnung, Kommunikation, Übergaben, Plattformprobleme",Sehr guter Practitioner-/Business-Kandidat für Pain-Point-Research.,500,,,,,https://www.reddit.com/r/SupplyChainLogistics/,https://www.reddit.com/r/SupplyChainLogistics/new/,2026-09-18,Current /new feed checked via web in Sep 2026,CORE,"Profession/business/operator-oriented community with recurring workflows, software/process spend and identifiable buyers.",SCAN_PILOT_NOW,300
r/Truckers,Logistics_Transport,"Logistik, Spedition, Fahrer, Disponenten, Supply Chain und Transportbetriebe",PRACTITIONER / OWNER / GIG,EXPANSION_314,BRAUCHEN_CORE,A,PRIMARY_DISCOVERY,JA,ACTIVE_VERIFIED_2026-09,HIGH,Current /new feed checked via web in Sep 2026,HIGH,LOW,"Disposition, Tracking, Nachweise, Routen, Abrechnung, Kommunikation, Übergaben, Plattformprobleme",Sehr guter Practitioner-/Business-Kandidat für Pain-Point-Research.,500,,,,,https://www.reddit.com/r/Truckers/,https://www.reddit.com/r/Truckers/new/,2026-09-18,Current /new feed checked via web in Sep 2026,CORE,"Profession/business/operator-oriented community with recurring workflows, software/process spend and identifiable buyers.",SCAN_PILOT_NOW,300
r/trucking,Logistics_Transport,"Logistik, Spedition, Fahrer, Disponenten, Supply Chain und Transportbetriebe",PRACTITIONER / OWNER / GIG,EXPANSION_314,BRAUCHEN_CORE,A,PRIMARY_DISCOVERY,NEIN_BIS_GEPRUEFT,PRUEFEN,LOW,Web check returned unavailable/error; verify before use,HIGH,LOW,"Disposition, Tracking, Nachweise, Routen, Abrechnung, Kommunikation, Übergaben, Plattformprobleme",Sehr guter Practitioner-/Business-Kandidat für Pain-Point-Research.,500,,,,,https://www.reddit.com/r/trucking/,https://www.reddit.com/r/trucking/new/,,Web check returned unavailable/error; verify before use,CORE,"Profession/business/operator-oriented community with recurring workflows, software/process spend and identifiable buyers.",VERIFY_ACTIVITY_THEN_SCAN,0
r/TruckingBusiness,Logistics_Transport,Trucking business owners,PRACTITIONER / OWNER / BUYER,NEW_RECHECK_CANDIDATE,PRUEFEN,R,RECHECK,NEIN_BIS_GEPRUEFT,PRUEFEN,LOW,Web check returned unavailable/internal error; existence/activity not safely confirmed.,HIGH,LOW,,"Thematisch potenziell sehr wertvoll, aber vor automatischem Scan zuerst Existenz/Aktivität erneut prüfen.",0,,,,,https://www.reddit.com/r/TruckingBusiness/,https://www.reddit.com/r/TruckingBusiness/new/,,"Nicht automatisch scannen, bis der Source-Health-Check erfolgreich war.",CORE,"Profession/business/operator-oriented community with recurring workflows, software/process spend and identifiable buyers.",VERIFY_ACTIVITY_THEN_SCAN,0
r/UberDrivers,Logistics_Transport,"Logistik, Spedition, Fahrer, Disponenten, Supply Chain und Transportbetriebe",PRACTITIONER / OWNER / GIG,EXPANSION_314,BRAUCHEN_CORE,A,PRIMARY_DISCOVERY,JA,ACTIVE_VERIFIED_2026-09,HIGH,Current /new feed checked via web in Sep 2026,HIGH,LOW,"Disposition, Tracking, Nachweise, Routen, Abrechnung, Kommunikation, Übergaben, Plattformprobleme",Sehr guter Practitioner-/Business-Kandidat für Pain-Point-Research.,500,,,,,https://www.reddit.com/r/UberDrivers/,https://www.reddit.com/r/UberDrivers/new/,2026-09-18,Current /new feed checked via web in Sep 2026,CORE,"Profession/business/operator-oriented community with recurring workflows, software/process spend and identifiable buyers.",SCAN_PILOT_NOW,300
r/UPSers,Logistics_Transport,"Logistik, Spedition, Fahrer, Disponenten, Supply Chain und Transportbetriebe",PRACTITIONER / OWNER / GIG,EXPANSION_314,BRAUCHEN_CORE,A,PRIMARY_DISCOVERY,JA,ACTIVE_VERIFIED_2026-09,HIGH,Current /new feed checked via web in Sep 2026,HIGH,LOW,"Disposition, Tracking, Nachweise, Routen, Abrechnung, Kommunikation, Übergaben, Plattformprobleme",Sehr guter Practitioner-/Business-Kandidat für Pain-Point-Research.,500,,,,,https://www.reddit.com/r/UPSers/,https://www.reddit.com/r/UPSers/new/,2026-09-18,Current /new feed checked via web in Sep 2026,CORE,"Profession/business/operator-oriented community with recurring workflows, software/process spend and identifiable buyers.",SCAN_PILOT_NOW,300
r/ChemicalEngineering,Manufacturing_Engineering,"Produktion, Instandhaltung, Ingenieure, CNC/Maschinenbau, Automatisierung",PRACTITIONER / TECHNICAL,EXPANSION_314,BRAUCHEN_TESTEN,B,EXPLORATION,JA,ACTIVE_VERIFIED_2026-09,HIGH,Current /new feed checked via web in Sep 2026,HIGH,LOW,"Produktionsplanung, Qualität, Wartung, Messdaten, Dokumentation, Stücklisten, Maschinen- und Tool-Workflows",Sinnvoller Exploration-Pilot; Research-Yield messen.,250,,,,,https://www.reddit.com/r/ChemicalEngineering/,https://www.reddit.com/r/ChemicalEngineering/new/,2026-09-18,Current /new feed checked via web in Sep 2026,CORE,"Profession/business/operator-oriented community with recurring workflows, software/process spend and identifiable buyers.",SCAN_PILOT_NOW,300
r/CNC,Manufacturing_Engineering,"Produktion, Instandhaltung, Ingenieure, CNC/Maschinenbau, Automatisierung",PRACTITIONER / TECHNICAL,EXPANSION_314,BRAUCHEN_CORE,A,PRIMARY_DISCOVERY,JA,ACTIVE_VERIFIED_2026-09,HIGH,Current /new feed checked via web in Sep 2026,HIGH,LOW,"Produktionsplanung, Qualität, Wartung, Messdaten, Dokumentation, Stücklisten, Maschinen- und Tool-Workflows",Sehr guter Practitioner-/Business-Kandidat für Pain-Point-Research.,500,,,,,https://www.reddit.com/r/CNC/,https://www.reddit.com/r/CNC/new/,2026-09-18,Current /new feed checked via web in Sep 2026,CORE,"Profession/business/operator-oriented community with recurring workflows, software/process spend and identifiable buyers.",SCAN_PILOT_NOW,300
r/CNCbusiness,Manufacturing_Engineering,CNC business owners,PRACTITIONER / OWNER / BUYER,NEW_RECHECK_CANDIDATE,PRUEFEN,R,RECHECK,NEIN_BIS_GEPRUEFT,PRUEFEN,LOW,Web check returned unavailable/internal error; existence/activity not safely confirmed.,HIGH,LOW,,"Thematisch potenziell sehr wertvoll, aber vor automatischem Scan zuerst Existenz/Aktivität erneut prüfen.",0,,,,,https://www.reddit.com/r/CNCbusiness/,https://www.reddit.com/r/CNCbusiness/new/,,"Nicht automatisch scannen, bis der Source-Health-Check erfolgreich war.",CORE,"Profession/business/operator-oriented community with recurring workflows, software/process spend and identifiable buyers.",VERIFY_ACTIVITY_THEN_SCAN,0
r/CNCmachining,Manufacturing_Engineering,CNC machinists / shops,PRACTITIONER / OWNER / BUYER,NEW_WEB_RESEARCH,BRAUCHEN_CORE,A,PRIMARY_DISCOVERY,JA,ACTIVE_VERIFIED_2026-09,HIGH,Reddit /new page checked via web research in September 2026.,HIGH,LOW,"Quoting, CAM, machine utilization, QA, tooling, production",Aktive spezialisierte Berufs-/Business-Community mit konkreten operativen Workflows.,500,,,,,https://www.reddit.com/r/CNCmachining/,https://www.reddit.com/r/CNCmachining/new/,2026-09-18,Zusätzlich nach der 314er-Erweiterung gefunden und gegen vorhandene Namen dedupliziert.,CORE,"Profession/business/operator-oriented community with recurring workflows, software/process spend and identifiable buyers.",SCAN_PILOT_NOW,300
r/ControlsEngineering,Manufacturing_Engineering,"Produktion, Instandhaltung, Ingenieure, CNC/Maschinenbau, Automatisierung",PRACTITIONER / TECHNICAL,EXPANSION_314,BRAUCHEN_CORE,A,PRIMARY_DISCOVERY,JA,ACTIVE_NICHE_VERIFIED_2026-09,HIGH,Current /new feed checked via web in Sep 2026,HIGH,LOW,"Produktionsplanung, Qualität, Wartung, Messdaten, Dokumentation, Stücklisten, Maschinen- und Tool-Workflows",Sehr guter Practitioner-/Business-Kandidat für Pain-Point-Research.,500,,,,,https://www.reddit.com/r/ControlsEngineering/,https://www.reddit.com/r/ControlsEngineering/new/,2026-09-18,Current /new feed checked via web in Sep 2026,CORE,"Profession/business/operator-oriented community with recurring workflows, software/process spend and identifiable buyers.",SCAN_PILOT_NOW,300
r/ElectricalEngineering,Manufacturing_Engineering,"Produktion, Instandhaltung, Ingenieure, CNC/Maschinenbau, Automatisierung",PRACTITIONER / TECHNICAL,EXPANSION_314,BRAUCHEN_TESTEN,B,EXPLORATION,JA,ACTIVE_VERIFIED_2026-09,HIGH,Current /new feed checked via web in Sep 2026,HIGH,LOW,"Produktionsplanung, Qualität, Wartung, Messdaten, Dokumentation, Stücklisten, Maschinen- und Tool-Workflows",Sinnvoller Exploration-Pilot; Research-Yield messen.,250,,,,,https://www.reddit.com/r/ElectricalEngineering/,https://www.reddit.com/r/ElectricalEngineering/new/,2026-09-18,Current /new feed checked via web in Sep 2026,CORE,"Profession/business/operator-oriented community with recurring workflows, software/process spend and identifiable buyers.",SCAN_PILOT_NOW,300
r/IndustrialEngineering,Manufacturing_Engineering,"Produktion, Instandhaltung, Ingenieure, CNC/Maschinenbau, Automatisierung",PRACTITIONER / TECHNICAL,EXPANSION_314,BRAUCHEN_TESTEN,B,EXPLORATION,JA,ACTIVE_NICHE_VERIFIED_2026-09,HIGH,Current /new feed checked via web in Sep 2026,HIGH,LOW,"Produktionsplanung, Qualität, Wartung, Messdaten, Dokumentation, Stücklisten, Maschinen- und Tool-Workflows",Sinnvoller Exploration-Pilot; Research-Yield messen.,250,,,,,https://www.reddit.com/r/IndustrialEngineering/,https://www.reddit.com/r/IndustrialEngineering/new/,2026-09-18,Current /new feed checked via web in Sep 2026,CORE,"Profession/business/operator-oriented community with recurring workflows, software/process spend and identifiable buyers.",SCAN_PILOT_NOW,300
r/IndustrialMaintenance,Manufacturing_Engineering,Industrial maintenance technicians,PRACTITIONER / OWNER / BUYER,NEW_WEB_RESEARCH,BRAUCHEN_CORE,A,PRIMARY_DISCOVERY,JA,ACTIVE_VERIFIED_2026-09,HIGH,Reddit /new page checked via web research in September 2026.,HIGH,LOW,"CMMS, work orders, downtime, parts, inspections, preventive maintenance",Aktive spezialisierte Berufs-/Business-Community mit konkreten operativen Workflows.,500,,,,,https://www.reddit.com/r/IndustrialMaintenance/,https://www.reddit.com/r/IndustrialMaintenance/new/,2026-09-18,Zusätzlich nach der 314er-Erweiterung gefunden und gegen vorhandene Namen dedupliziert.,CORE,"Profession/business/operator-oriented community with recurring workflows, software/process spend and identifiable buyers.",SCAN_PILOT_NOW,300
r/lasercutting,Manufacturing_Engineering,"Produktion, Instandhaltung, Ingenieure, CNC/Maschinenbau, Automatisierung",PRACTITIONER / TECHNICAL,EXPANSION_314,BRAUCHEN_CORE,A,PRIMARY_DISCOVERY,JA,ACTIVE_VERIFIED_2026-09,HIGH,Current /new feed checked via web in Sep 2026,HIGH,LOW,"Produktionsplanung, Qualität, Wartung, Messdaten, Dokumentation, Stücklisten, Maschinen- und Tool-Workflows",Sehr guter Practitioner-/Business-Kandidat für Pain-Point-Research.,500,,,,,https://www.reddit.com/r/lasercutting/,https://www.reddit.com/r/lasercutting/new/,2026-09-18,Current /new feed checked via web in Sep 2026,CORE,"Profession/business/operator-oriented community with recurring workflows, software/process spend and identifiable buyers.",SCAN_PILOT_NOW,300
r/Machinists,Manufacturing_Engineering,"Produktion, Instandhaltung, Ingenieure, CNC/Maschinenbau, Automatisierung",PRACTITIONER / TECHNICAL,EXPANSION_314,BRAUCHEN_CORE,A,PRIMARY_DISCOVERY,JA,ACTIVE_VERIFIED_2026-09,HIGH,Current /new feed checked via web in Sep 2026,HIGH,LOW,"Produktionsplanung, Qualität, Wartung, Messdaten, Dokumentation, Stücklisten, Maschinen- und Tool-Workflows",Sehr guter Practitioner-/Business-Kandidat für Pain-Point-Research.,500,,,,,https://www.reddit.com/r/Machinists/,https://www.reddit.com/r/Machinists/new/,2026-09-18,Current /new feed checked via web in Sep 2026,CORE,"Profession/business/operator-oriented community with recurring workflows, software/process spend and identifiable buyers.",SCAN_PILOT_NOW,300
r/manufacturing,Manufacturing_Engineering,"Produktion, Instandhaltung, Ingenieure, CNC/Maschinenbau, Automatisierung",PRACTITIONER / TECHNICAL,EXPANSION_314,BRAUCHEN_CORE,A,PRIMARY_DISCOVERY,JA,ACTIVE_VERIFIED_2026-09,HIGH,Current /new feed checked via web in Sep 2026,HIGH,LOW,"Produktionsplanung, Qualität, Wartung, Messdaten, Dokumentation, Stücklisten, Maschinen- und Tool-Workflows",Sehr guter Practitioner-/Business-Kandidat für Pain-Point-Research.,500,,,,,https://www.reddit.com/r/manufacturing/,https://www.reddit.com/r/manufacturing/new/,2026-09-18,Current /new feed checked via web in Sep 2026,CORE,"Profession/business/operator-oriented community with recurring workflows, software/process spend and identifiable buyers.",SCAN_PILOT_NOW,300
r/metalworking,Manufacturing_Engineering,"Produktion, Instandhaltung, Ingenieure, CNC/Maschinenbau, Automatisierung",PRACTITIONER / TECHNICAL,EXPANSION_314,BRAUCHEN_CORE,A,PRIMARY_DISCOVERY,JA,ACTIVE_VERIFIED_2026-09,HIGH,Current /new feed checked via web in Sep 2026,HIGH,LOW,"Produktionsplanung, Qualität, Wartung, Messdaten, Dokumentation, Stücklisten, Maschinen- und Tool-Workflows",Sehr guter Practitioner-/Business-Kandidat für Pain-Point-Research.,500,,,,,https://www.reddit.com/r/metalworking/,https://www.reddit.com/r/metalworking/new/,2026-09-18,Current /new feed checked via web in Sep 2026,CORE,"Profession/business/operator-oriented community with recurring workflows, software/process spend and identifiable buyers.",SCAN_PILOT_NOW,300
r/PLCprogramming,Manufacturing_Engineering,PLC / automation engineers,PRACTITIONER / OWNER / BUYER,NEW_WEB_RESEARCH,BRAUCHEN_CORE,A,PRIMARY_DISCOVERY,JA,ACTIVE_VERIFIED_2026-09,HIGH,Reddit /new page checked via web research in September 2026.,HIGH,LOW,"Industrial automation, commissioning, troubleshooting, documentation",Aktive spezialisierte Berufs-/Business-Community mit konkreten operativen Workflows.,500,,,,,https://www.reddit.com/r/PLCprogramming/,https://www.reddit.com/r/PLCprogramming/new/,2026-09-18,Zusätzlich nach der 314er-Erweiterung gefunden und gegen vorhandene Namen dedupliziert.,CORE,"Profession/business/operator-oriented community with recurring workflows, software/process spend and identifiable buyers.",SCAN_PILOT_NOW,300
r/QualityEngineering,Manufacturing_Engineering,"Produktion, Instandhaltung, Ingenieure, CNC/Maschinenbau, Automatisierung",PRACTITIONER / TECHNICAL,EXPANSION_314,BRAUCHEN_CORE,A,PRIMARY_DISCOVERY,JA,ACTIVE_NICHE_VERIFIED_2026-09,HIGH,Current /new feed checked via web in Sep 2026,HIGH,LOW,"Produktionsplanung, Qualität, Wartung, Messdaten, Dokumentation, Stücklisten, Maschinen- und Tool-Workflows",Sehr guter Practitioner-/Business-Kandidat für Pain-Point-Research.,500,,,,,https://www.reddit.com/r/QualityEngineering/,https://www.reddit.com/r/QualityEngineering/new/,2026-09-18,Current /new feed checked via web in Sep 2026,CORE,"Profession/business/operator-oriented community with recurring workflows, software/process spend and identifiable buyers.",SCAN_PILOT_NOW,300
r/robotics,Manufacturing_Engineering,"Produktion, Instandhaltung, Ingenieure, CNC/Maschinenbau, Automatisierung",PRACTITIONER / TECHNICAL,EXPANSION_314,BRAUCHEN_TESTEN,B,EXPLORATION,JA,ACTIVE_VERIFIED_2026-09,HIGH,Current /new feed checked via web in Sep 2026,HIGH,LOW,"Produktionsplanung, Qualität, Wartung, Messdaten, Dokumentation, Stücklisten, Maschinen- und Tool-Workflows",Sinnvoller Exploration-Pilot; Research-Yield messen.,250,,,,,https://www.reddit.com/r/robotics/,https://www.reddit.com/r/robotics/new/,2026-09-18,Current /new feed checked via web in Sep 2026,CORE,"Profession/business/operator-oriented community with recurring workflows, software/process spend and identifiable buyers.",SCAN_PILOT_NOW,300
r/RoboticsEngineering,Manufacturing_Engineering,Robotics engineers,MIXED / PROSUMER,NEW_WEB_RESEARCH,BRAUCHEN_TESTEN,B,EXPLORATION,JA,ACTIVE_VERIFIED_2026-09,HIGH,Reddit /new page checked via web research in September 2026.,HIGH,LOW,"Integration, programming, commissioning, tooling, maintenance","Aktive, relevante Nischen-/Prosumer-Community; als Exploration sinnvoll.",250,,,,,https://www.reddit.com/r/RoboticsEngineering/,https://www.reddit.com/r/RoboticsEngineering/new/,2026-09-18,Zusätzlich nach der 314er-Erweiterung gefunden und gegen vorhandene Namen dedupliziert.,CORE,"Profession/business/operator-oriented community with recurring workflows, software/process spend and identifiable buyers.",SCAN_PILOT_NOW,300
r/ExecutiveAssistants,Office_Operations,Executive assistants,PRACTITIONER / OWNER / BUYER,NEW_WEB_RESEARCH,BRAUCHEN_CORE,A,PRIMARY_DISCOVERY,JA,ACTIVE_VERIFIED_2026-09,HIGH,Reddit /new page checked via web research in September 2026.,HIGH,LOW,"Scheduling, approvals, travel, inbox, coordination, repetitive admin",Aktive spezialisierte Berufs-/Business-Community mit konkreten operativen Workflows.,500,,,,,https://www.reddit.com/r/ExecutiveAssistants/,https://www.reddit.com/r/ExecutiveAssistants/new/,2026-09-18,Zusätzlich nach der 314er-Erweiterung gefunden und gegen vorhandene Namen dedupliziert.,CORE,"Profession/business/operator-oriented community with recurring workflows, software/process spend and identifiable buyers.",SCAN_PILOT_NOW,300
r/OfficeManagers,Office_Operations,Office managers,PRACTITIONER / OWNER / BUYER,NEW_RECHECK_CANDIDATE,PRUEFEN,R,RECHECK,NEIN_BIS_GEPRUEFT,PRUEFEN,LOW,Web check returned unavailable/internal error; existence/activity not safely confirmed.,HIGH,LOW,,"Thematisch potenziell sehr wertvoll, aber vor automatischem Scan zuerst Existenz/Aktivität erneut prüfen.",0,,,,,https://www.reddit.com/r/OfficeManagers/,https://www.reddit.com/r/OfficeManagers/new/,,"Nicht automatisch scannen, bis der Source-Health-Check erfolgreich war.",CORE,"Profession/business/operator-oriented community with recurring workflows, software/process spend and identifiable buyers.",VERIFY_ACTIVITY_THEN_SCAN,0
r/doggrooming,Pets,Tierhalter (Hund/Katze/Reptil),MIXED,LEGACY_647,HOBBY_PROSUMER,C,HOBBY_PROSUMER,JA,WAHRSCHEINLICH_AKTIV_PROXY,MEDIUM,Aktivität aus gelieferten Mitglieder-/Wachstumsdaten abgeleitet; nicht live verifiziert.,MEDIUM,LOW,,"Aktive Hobby-/Prosumer-Zielgruppe; interessant für Tools, Commerce, Organisation und Side-Hustles, aber geringere B2B-Priorität.",150,84000,,Streng,2.958,https://www.reddit.com/r/doggrooming/,https://www.reddit.com/r/doggrooming/new/,,Legacy-Seed: Entscheidung neu bewertet; Aktivität bei fehlendem Live-Check nur als Proxy markiert.,CORE,Direct operator/professional/business workflow source with strong recurring process and spending potential.,VERIFY_ACTIVITY_THEN_SCAN,0
r/DogTrainingBusiness,Pets_AnimalServices,Dog-training business owners,MIXED / PROSUMER,NEW_WEB_RESEARCH,BRAUCHEN_TESTEN,B,EXPLORATION,JA,ACTIVE_NICHE_VERIFIED_2026-09,HIGH,Reddit /new page checked via web research in September 2026.,HIGH,LOW,"Bookings, programs, client follow-up, payments, training records","Aktive, relevante Nischen-/Prosumer-Community; als Exploration sinnvoll.",250,,,,,https://www.reddit.com/r/DogTrainingBusiness/,https://www.reddit.com/r/DogTrainingBusiness/new/,2026-09-18,Zusätzlich nach der 314er-Erweiterung gefunden und gegen vorhandene Namen dedupliziert.,CORE,"Profession/business/operator-oriented community with recurring workflows, software/process spend and identifiable buyers.",SCAN_PILOT_NOW,300
r/Equestrian,Pets_AnimalServices,"Petsitter, Tierdienstleister sowie Tier-/Pferde-Prosumer",LOCAL_SERVICE / PRACTITIONER / HOBBY_PROSUMER,EXPANSION_314,BRAUCHEN_TESTEN,B,EXPLORATION,JA,ACTIVE_VERIFIED_2026-09,HIGH,Current /new feed checked via web in Sep 2026,HIGH,LOW,"Buchung, Übergaben, Tierdaten, Kommunikation, Zahlungen, Terminierung, Equipment",Sinnvoller Exploration-Pilot; Research-Yield messen.,250,,,,,https://www.reddit.com/r/Equestrian/,https://www.reddit.com/r/Equestrian/new/,2026-09-18,Current /new feed checked via web in Sep 2026,CORE,"Profession/business/operator-oriented community with recurring workflows, software/process spend and identifiable buyers.",SCAN_PILOT_NOW,300
r/horses,Pets_AnimalServices,"Petsitter, Tierdienstleister sowie Tier-/Pferde-Prosumer",LOCAL_SERVICE / PRACTITIONER / HOBBY_PROSUMER,EXPANSION_314,BRAUCHEN_TESTEN,B,EXPLORATION,JA,ACTIVE_VERIFIED_2026-09,HIGH,Current /new feed checked via web in Sep 2026,HIGH,LOW,"Buchung, Übergaben, Tierdaten, Kommunikation, Zahlungen, Terminierung, Equipment",Sinnvoller Exploration-Pilot; Research-Yield messen.,250,,,,,https://www.reddit.com/r/horses/,https://www.reddit.com/r/horses/new/,2026-09-18,Current /new feed checked via web in Sep 2026,CORE,"Profession/business/operator-oriented community with recurring workflows, software/process spend and identifiable buyers.",SCAN_PILOT_NOW,300
r/PetGrooming,Pets_AnimalServices,Pet groomers,PRACTITIONER / OWNER / BUYER,NEW_WEB_RESEARCH,BRAUCHEN_CORE,A,PRIMARY_DISCOVERY,JA,ACTIVE_VERIFIED_2026-09,HIGH,Reddit /new page checked via web research in September 2026.,HIGH,LOW,"Bookings, no-shows, client/pet records, pricing, recurring customers",Aktive spezialisierte Berufs-/Business-Community mit konkreten operativen Workflows.,500,,,,,https://www.reddit.com/r/PetGrooming/,https://www.reddit.com/r/PetGrooming/new/,2026-09-18,Zusätzlich nach der 314er-Erweiterung gefunden und gegen vorhandene Namen dedupliziert.,CORE,"Profession/business/operator-oriented community with recurring workflows, software/process spend and identifiable buyers.",SCAN_PILOT_NOW,300
r/petsitting,Pets_AnimalServices,"Petsitter, Tierdienstleister sowie Tier-/Pferde-Prosumer",LOCAL_SERVICE / PRACTITIONER / HOBBY_PROSUMER,EXPANSION_314,BRAUCHEN_CORE,A,PRIMARY_DISCOVERY,JA,ACTIVE_VERIFIED_2026-09,HIGH,Current /new feed checked via web in Sep 2026,HIGH,LOW,"Buchung, Übergaben, Tierdaten, Kommunikation, Zahlungen, Terminierung, Equipment",Sehr guter Practitioner-/Business-Kandidat für Pain-Point-Research.,500,,,,,https://www.reddit.com/r/petsitting/,https://www.reddit.com/r/petsitting/new/,2026-09-18,Current /new feed checked via web in Sep 2026,CORE,"Profession/business/operator-oriented community with recurring workflows, software/process spend and identifiable buyers.",SCAN_PILOT_NOW,300
r/ReefTank,Pets_AnimalServices,"Petsitter, Tierdienstleister sowie Tier-/Pferde-Prosumer",LOCAL_SERVICE / PRACTITIONER / HOBBY_PROSUMER,EXPANSION_314,BRAUCHEN_TESTEN,B,EXPLORATION,JA,ACTIVE_VERIFIED_2026-09,HIGH,Current /new feed checked via web in Sep 2026,HIGH,LOW,"Buchung, Übergaben, Tierdaten, Kommunikation, Zahlungen, Terminierung, Equipment",Sinnvoller Exploration-Pilot; Research-Yield messen.,250,,,,,https://www.reddit.com/r/ReefTank/,https://www.reddit.com/r/ReefTank/new/,2026-09-18,Current /new feed checked via web in Sep 2026,CORE,"Profession/business/operator-oriented community with recurring workflows, software/process spend and identifiable buyers.",SCAN_PILOT_NOW,300
r/Accounting,Pro_Services,"Berater, Accounting, Management",MIXED,LEGACY_647,BRAUCHEN_CORE,A,PRIMARY_DISCOVERY,JA,ACTIVE_VERIFIED_2026-09,HIGH,Reddit /new page checked via web research in September 2026.,HIGH,LOW,,"Berufs-/Business-Community mit hoher Chance auf konkrete Workflow-, Software- und Zahlungsprobleme.",500,,,"Eingeschraenkt - Mehrwert, hoher Intent",2.4,https://www.reddit.com/r/Accounting/,https://www.reddit.com/r/Accounting/new/,2026-09-18,Legacy-Seed: Entscheidung neu bewertet; Aktivität bei fehlendem Live-Check nur als Proxy markiert.,CORE,"Profession/business/operator-oriented community with recurring workflows, software/process spend and identifiable buyers.",SCAN_PILOT_NOW,300
r/consulting,Pro_Services,"Berater, Accounting, Management",MIXED,LEGACY_647,BRAUCHEN_CORE,A,PRIMARY_DISCOVERY,NEIN_BIS_GEPRUEFT,PRUEFEN,LOW,Keine verwertbaren Aktivitätsmetriken in der gelieferten Legacy-Datei.,HIGH,LOW,,"Berufs-/Business-Community mit hoher Chance auf konkrete Workflow-, Software- und Zahlungsprobleme.",500,,,"Eingeschraenkt - Mehrwert, hoher Intent",2.4,https://www.reddit.com/r/consulting/,https://www.reddit.com/r/consulting/new/,,Legacy-Seed: Entscheidung neu bewertet; Aktivität bei fehlendem Live-Check nur als Proxy markiert.,CORE,"Profession/business/operator-oriented community with recurring workflows, software/process spend and identifiable buyers.",VERIFY_ACTIVITY_THEN_SCAN,0
r/management,Pro_Services,"Berater, Accounting, Management",MIXED,LEGACY_647,BRAUCHEN_CORE,A,PRIMARY_DISCOVERY,NEIN_BIS_GEPRUEFT,PRUEFEN,LOW,Keine verwertbaren Aktivitätsmetriken in der gelieferten Legacy-Datei.,HIGH,LOW,,"Berufs-/Business-Community mit hoher Chance auf konkrete Workflow-, Software- und Zahlungsprobleme.",500,,,"Eingeschraenkt - Mehrwert, hoher Intent",2.4,https://www.reddit.com/r/management/,https://www.reddit.com/r/management/new/,,Legacy-Seed: Entscheidung neu bewertet; Aktivität bei fehlendem Live-Check nur als Proxy markiert.,CORE,"Profession/business/operator-oriented community with recurring workflows, software/process spend and identifiable buyers.",VERIFY_ACTIVITY_THEN_SCAN,0
r/Procurement,Procurement_SupplyChain,Procurement professionals,PRACTITIONER / OWNER / BUYER,NEW_WEB_RESEARCH,BRAUCHEN_CORE,A,PRIMARY_DISCOVERY,JA,ACTIVE_VERIFIED_2026-09,HIGH,Reddit /new page checked via web research in September 2026.,HIGH,LOW,"Vendor sourcing, approvals, POs, contracts, spend, ERP friction",Aktive spezialisierte Berufs-/Business-Community mit konkreten operativen Workflows.,500,,,,,https://www.reddit.com/r/Procurement/,https://www.reddit.com/r/Procurement/new/,2026-09-18,Zusätzlich nach der 314er-Erweiterung gefunden und gegen vorhandene Namen dedupliziert.,CORE,"Profession/business/operator-oriented community with recurring workflows, software/process spend and identifiable buyers.",SCAN_PILOT_NOW,300
r/prodmgmt,ProductManagement,Product Manager / Owner,MIXED,LEGACY_647,BRAUCHEN_CORE,A,PRIMARY_DISCOVERY,JA,WAHRSCHEINLICH_AKTIV_PROXY,MEDIUM,Aktivität aus gelieferten Mitglieder-/Wachstumsdaten abgeleitet; nicht live verifiziert.,HIGH,LOW,,"Branchen-/Business-Kontext; hohe Chance auf wiederkehrende Prozesse, Tool-Probleme und konkrete Workarounds.",500,13000,5000,Streng - Diskussion,2.695,https://www.reddit.com/r/prodmgmt/,https://www.reddit.com/r/prodmgmt/new/,,Legacy-Seed: Entscheidung neu bewertet; Aktivität bei fehlendem Live-Check nur als Proxy markiert.,CORE,"Profession/business/operator-oriented community with recurring workflows, software/process spend and identifiable buyers.",VERIFY_ACTIVITY_THEN_SCAN,0
r/Product_Management,ProductManagement,Product Manager / Owner,MIXED,LEGACY_647,BRAUCHEN_CORE,A,PRIMARY_DISCOVERY,JA,AKTIV_NISCHE_PROXY,MEDIUM,Kleinere/nischige Community laut Legacy-Daten; vor großem Scan live prüfen.,HIGH,LOW,,"Branchen-/Business-Kontext; hohe Chance auf wiederkehrende Prozesse, Tool-Probleme und konkrete Workarounds.",500,3000,,Streng - Diskussion,2.161,https://www.reddit.com/r/Product_Management/,https://www.reddit.com/r/Product_Management/new/,,Legacy-Seed: Entscheidung neu bewertet; Aktivität bei fehlendem Live-Check nur als Proxy markiert.,CORE,"Profession/business/operator-oriented community with recurring workflows, software/process spend and identifiable buyers.",VERIFY_ACTIVITY_THEN_SCAN,0
r/ProductManagement,ProductManagement,Product Manager / Owner,MIXED,LEGACY_647,BRAUCHEN_CORE,A,PRIMARY_DISCOVERY,JA,WAHRSCHEINLICH_AKTIV_PROXY,MEDIUM,Aktivität aus gelieferten Mitglieder-/Wachstumsdaten abgeleitet; nicht live verifiziert.,HIGH,LOW,,"Berufs-/Business-Community mit hoher Chance auf konkrete Workflow-, Software- und Zahlungsprobleme.",500,267000,59000,Streng - Diskussion,3.376,https://www.reddit.com/r/ProductManagement/,https://www.reddit.com/r/ProductManagement/new/,,Legacy-Seed: Entscheidung neu bewertet; Aktivität bei fehlendem Live-Check nur als Proxy markiert.,CORE,"Profession/business/operator-oriented community with recurring workflows, software/process spend and identifiable buyers.",VERIFY_ACTIVITY_THEN_SCAN,0
r/ProductManager,ProductManagement,Product Manager / Owner,MIXED,LEGACY_647,BRAUCHEN_CORE,A,PRIMARY_DISCOVERY,JA,AKTIV_NISCHE_PROXY,MEDIUM,Kleinere/nischige Community laut Legacy-Daten; vor großem Scan live prüfen.,HIGH,LOW,,"Branchen-/Business-Kontext; hohe Chance auf wiederkehrende Prozesse, Tool-Probleme und konkrete Workarounds.",500,8000,1000,Streng - Diskussion,2.44,https://www.reddit.com/r/ProductManager/,https://www.reddit.com/r/ProductManager/new/,,Legacy-Seed: Entscheidung neu bewertet; Aktivität bei fehlendem Live-Check nur als Proxy markiert.,CORE,"Profession/business/operator-oriented community with recurring workflows, software/process spend and identifiable buyers.",VERIFY_ACTIVITY_THEN_SCAN,0
r/ProductMgmt,ProductManagement,Product Manager / Owner,MIXED,LEGACY_647,BRAUCHEN_CORE,A,PRIMARY_DISCOVERY,JA,AKTIV_NISCHE_PROXY,MEDIUM,Kleinere/nischige Community laut Legacy-Daten; vor großem Scan live prüfen.,HIGH,LOW,,"Branchen-/Business-Kontext; hohe Chance auf wiederkehrende Prozesse, Tool-Probleme und konkrete Workarounds.",500,13000,3000,Streng - Diskussion,2.612,https://www.reddit.com/r/ProductMgmt/,https://www.reddit.com/r/ProductMgmt/new/,,Legacy-Seed: Entscheidung neu bewertet; Aktivität bei fehlendem Live-Check nur als Proxy markiert.,CORE,"Profession/business/operator-oriented community with recurring workflows, software/process spend and identifiable buyers.",VERIFY_ACTIVITY_THEN_SCAN,0
r/ProductOwner,ProductManagement,Product Manager / Owner,MIXED,LEGACY_647,BRAUCHEN_CORE,A,PRIMARY_DISCOVERY,JA,WAHRSCHEINLICH_AKTIV_PROXY,MEDIUM,Aktivität aus gelieferten Mitglieder-/Wachstumsdaten abgeleitet; nicht live verifiziert.,HIGH,LOW,,"Branchen-/Business-Kontext; hohe Chance auf wiederkehrende Prozesse, Tool-Probleme und konkrete Workarounds.",500,13000,6000,Streng - Diskussion,2.737,https://www.reddit.com/r/ProductOwner/,https://www.reddit.com/r/ProductOwner/new/,,Legacy-Seed: Entscheidung neu bewertet; Aktivität bei fehlendem Live-Check nur als Proxy markiert.,CORE,"Profession/business/operator-oriented community with recurring workflows, software/process spend and identifiable buyers.",VERIFY_ACTIVITY_THEN_SCAN,0
r/Appraisers,RealEstate_Property,Appraisers,MIXED / PROSUMER,NEW_WEB_RESEARCH,BRAUCHEN_TESTEN,B,EXPLORATION,JA,ACTIVE_NICHE_VERIFIED_2026-09,HIGH,Reddit /new page checked via web research in September 2026.,HIGH,LOW,"Appraisal workflow, reporting, comps, scheduling","Aktive, relevante Nischen-/Prosumer-Community; als Exploration sinnvoll.",250,,,,,https://www.reddit.com/r/Appraisers/,https://www.reddit.com/r/Appraisers/new/,2026-09-18,Zusätzlich nach der 314er-Erweiterung gefunden und gegen vorhandene Namen dedupliziert.,CORE,"Profession/business/operator-oriented community with recurring workflows, software/process spend and identifiable buyers.",SCAN_PILOT_NOW,300
r/escrow,RealEstate_Property,Escrow/title professionals,PRACTITIONER / OWNER / BUYER,NEW_RECHECK_CANDIDATE,PRUEFEN,R,RECHECK,NEIN_BIS_GEPRUEFT,PRUEFEN,LOW,Web check returned unavailable/internal error; existence/activity not safely confirmed.,HIGH,LOW,,"Thematisch potenziell sehr wertvoll, aber vor automatischem Scan zuerst Existenz/Aktivität erneut prüfen.",0,,,,,https://www.reddit.com/r/escrow/,https://www.reddit.com/r/escrow/new/,,"Nicht automatisch scannen, bis der Source-Health-Check erfolgreich war.",CORE,"Profession/business/operator-oriented community with recurring workflows, software/process spend and identifiable buyers.",VERIFY_ACTIVITY_THEN_SCAN,0
r/FacilityManagement,RealEstate_Property,Facility managers,PRACTITIONER / OWNER / BUYER,NEW_WEB_RESEARCH,BRAUCHEN_CORE,A,PRIMARY_DISCOVERY,JA,ACTIVE_VERIFIED_2026-09,HIGH,Reddit /new page checked via web research in September 2026.,HIGH,LOW,"Work orders, vendors, maintenance, compliance, asset management",Aktive spezialisierte Berufs-/Business-Community mit konkreten operativen Workflows.,500,,,,,https://www.reddit.com/r/FacilityManagement/,https://www.reddit.com/r/FacilityManagement/new/,2026-09-18,Zusätzlich nach der 314er-Erweiterung gefunden und gegen vorhandene Namen dedupliziert.,CORE,"Profession/business/operator-oriented community with recurring workflows, software/process spend and identifiable buyers.",SCAN_PILOT_NOW,300
r/HOAManagement,RealEstate_Property,HOA / community managers,MIXED / PROSUMER,NEW_WEB_RESEARCH,BRAUCHEN_TESTEN,B,EXPLORATION,JA,ACTIVE_NICHE_VERIFIED_2026-09,HIGH,Reddit /new page checked via web research in September 2026.,HIGH,LOW,"Resident communication, vendor management, dues, maintenance, compliance","Aktive, relevante Nischen-/Prosumer-Community; als Exploration sinnvoll.",250,,,,,https://www.reddit.com/r/HOAManagement/,https://www.reddit.com/r/HOAManagement/new/,2026-09-18,Zusätzlich nach der 314er-Erweiterung gefunden und gegen vorhandene Namen dedupliziert.,CORE,"Profession/business/operator-oriented community with recurring workflows, software/process spend and identifiable buyers.",SCAN_PILOT_NOW,300
r/HomeInspection,RealEstate_Property,Inspectors + buyers/sellers,MIXED / PROSUMER,NEW_WEB_RESEARCH,BRAUCHEN_TESTEN,B,EXPLORATION,JA,ACTIVE_VERIFIED_2026-09,HIGH,Reddit /new page checked via web research in September 2026.,HIGH,LOW,"Inspection reports, client workflow, issue documentation","Aktive, relevante Nischen-/Prosumer-Community; als Exploration sinnvoll.",250,,,,,https://www.reddit.com/r/HomeInspection/,https://www.reddit.com/r/HomeInspection/new/,2026-09-18,Zusätzlich nach der 314er-Erweiterung gefunden und gegen vorhandene Namen dedupliziert.,CORE,"Profession/business/operator-oriented community with recurring workflows, software/process spend and identifiable buyers.",SCAN_PILOT_NOW,300
r/HomeInspectors,RealEstate_Property,Home inspectors,PRACTITIONER / OWNER / BUYER,NEW_WEB_RESEARCH,BRAUCHEN_CORE,A,PRIMARY_DISCOVERY,JA,ACTIVE_VERIFIED_2026-09,HIGH,Reddit /new page checked via web research in September 2026.,HIGH,LOW,"Inspection workflow, reporting, scheduling, templates, client communication",Aktive spezialisierte Berufs-/Business-Community mit konkreten operativen Workflows.,500,,,,,https://www.reddit.com/r/HomeInspectors/,https://www.reddit.com/r/HomeInspectors/new/,2026-09-18,Zusätzlich nach der 314er-Erweiterung gefunden und gegen vorhandene Namen dedupliziert.,CORE,"Profession/business/operator-oriented community with recurring workflows, software/process spend and identifiable buyers.",SCAN_PILOT_NOW,300
r/PropertyManagement,RealEstate_Property,Property managers,PRACTITIONER / OWNER / BUYER,NEW_WEB_RESEARCH,BRAUCHEN_CORE,A,PRIMARY_DISCOVERY,JA,ACTIVE_VERIFIED_2026-09,HIGH,Reddit /new page checked via web research in September 2026.,HIGH,LOW,"Tenants, maintenance, vendors, leases, communication, accounting",Aktive spezialisierte Berufs-/Business-Community mit konkreten operativen Workflows.,500,,,,,https://www.reddit.com/r/PropertyManagement/,https://www.reddit.com/r/PropertyManagement/new/,2026-09-18,Zusätzlich nach der 314er-Erweiterung gefunden und gegen vorhandene Namen dedupliziert.,CORE,"Profession/business/operator-oriented community with recurring workflows, software/process spend and identifiable buyers.",SCAN_PILOT_NOW,300
r/RealEstateAppraisal,RealEstate_Property,Real-estate appraisers,MIXED / PROSUMER,NEW_WEB_RESEARCH,BRAUCHEN_TESTEN,B,EXPLORATION,JA,ACTIVE_NICHE_VERIFIED_2026-09,HIGH,Reddit /new page checked via web research in September 2026.,HIGH,LOW,"Appraisal workflow, comps, reporting, compliance","Aktive, relevante Nischen-/Prosumer-Community; als Exploration sinnvoll.",250,,,,,https://www.reddit.com/r/RealEstateAppraisal/,https://www.reddit.com/r/RealEstateAppraisal/new/,2026-09-18,Zusätzlich nach der 314er-Erweiterung gefunden und gegen vorhandene Namen dedupliziert.,CORE,"Profession/business/operator-oriented community with recurring workflows, software/process spend and identifiable buyers.",SCAN_PILOT_NOW,300
r/BarOwners,Restaurant,Gastro-/Bar-Betreiber,MIXED,LEGACY_647,BRAUCHEN_CORE,A,PRIMARY_DISCOVERY,JA,AKTIV_NISCHE_PROXY,MEDIUM,Kleinere/nischige Community laut Legacy-Daten; vor großem Scan live prüfen.,HIGH,LOW,,"Berufs-/Business-Community mit hoher Chance auf konkrete Workflow-, Software- und Zahlungsprobleme.",500,19000,,Eingeschraenkt,3.441,https://www.reddit.com/r/BarOwners/,https://www.reddit.com/r/BarOwners/new/,,Legacy-Seed: Entscheidung neu bewertet; Aktivität bei fehlendem Live-Check nur als Proxy markiert.,CORE,"Profession/business/operator-oriented community with recurring workflows, software/process spend and identifiable buyers.",VERIFY_ACTIVITY_THEN_SCAN,0
r/restaurant,Restaurant,Gastro-/Bar-Betreiber,MIXED,LEGACY_647,BRAUCHEN_CORE,A,PRIMARY_DISCOVERY,JA,WAHRSCHEINLICH_AKTIV_PROXY,MEDIUM,Aktivität aus gelieferten Mitglieder-/Wachstumsdaten abgeleitet; nicht live verifiziert.,HIGH,LOW,,"Branchen-/Business-Kontext; hohe Chance auf wiederkehrende Prozesse, Tool-Probleme und konkrete Workarounds.",500,192000,20000,Eingeschraenkt,4.303,https://www.reddit.com/r/restaurant/,https://www.reddit.com/r/restaurant/new/,,Legacy-Seed: Entscheidung neu bewertet; Aktivität bei fehlendem Live-Check nur als Proxy markiert.,CORE,"Profession/business/operator-oriented community with recurring workflows, software/process spend and identifiable buyers.",VERIFY_ACTIVITY_THEN_SCAN,0
r/restaurantowners,Restaurant,Gastro-/Bar-Betreiber,MIXED,LEGACY_647,BRAUCHEN_CORE,A,PRIMARY_DISCOVERY,JA,ACTIVE_VERIFIED_2026-09,HIGH,Reddit /new page checked via web research in September 2026.,HIGH,LOW,,"Berufs-/Business-Community mit hoher Chance auf konkrete Workflow-, Software- und Zahlungsprobleme.",500,57000,17000,Eingeschraenkt,4.025,https://www.reddit.com/r/restaurantowners/,https://www.reddit.com/r/restaurantowners/new/,2026-09-18,Legacy-Seed: Entscheidung neu bewertet; Aktivität bei fehlendem Live-Check nur als Proxy markiert.,CORE,"Profession/business/operator-oriented community with recurring workflows, software/process spend and identifiable buyers.",SCAN_PILOT_NOW,300
r/restaurateur,Restaurant,Gastro-/Bar-Betreiber,MIXED,LEGACY_647,BRAUCHEN_CORE,A,PRIMARY_DISCOVERY,JA,WAHRSCHEINLICH_AKTIV_PROXY,MEDIUM,Aktivität aus gelieferten Mitglieder-/Wachstumsdaten abgeleitet; nicht live verifiziert.,HIGH,LOW,,"Berufs-/Business-Community mit hoher Chance auf konkrete Workflow-, Software- und Zahlungsprobleme.",500,27000,6000,Eingeschraenkt,3.718,https://www.reddit.com/r/restaurateur/,https://www.reddit.com/r/restaurateur/new/,,Legacy-Seed: Entscheidung neu bewertet; Aktivität bei fehlendem Live-Check nur als Proxy markiert.,CORE,"Profession/business/operator-oriented community with recurring workflows, software/process spend and identifiable buyers.",VERIFY_ACTIVITY_THEN_SCAN,0
r/AskRetail,Retail_Service_Work,Retail- und Customer-Service-Mitarbeiter,EMPLOYEE / PRACTITIONER,EXPANSION_314,BRAUCHEN_TESTEN,B,EXPLORATION,JA,ACTIVE_VERIFIED_2026-09,HIGH,Current /new feed checked via web in Sep 2026,HIGH,LOW,"Schichten, Waren, Kundenservice, interne Tools, Prozesse, Staffing, Store Operations",Sinnvoller Exploration-Pilot; Research-Yield messen.,250,,,,,https://www.reddit.com/r/AskRetail/,https://www.reddit.com/r/AskRetail/new/,2026-09-18,Current /new feed checked via web in Sep 2026,CORE,"Profession/business/operator-oriented community with recurring workflows, software/process spend and identifiable buyers.",SCAN_PILOT_NOW,300
r/CustomerService,Retail_Service_Work,Retail- und Customer-Service-Mitarbeiter,EMPLOYEE / PRACTITIONER,EXPANSION_314,BRAUCHEN_TESTEN,B,EXPLORATION,JA,ACTIVE_VERIFIED_2026-09,HIGH,Current /new feed checked via web in Sep 2026,HIGH,LOW,"Schichten, Waren, Kundenservice, interne Tools, Prozesse, Staffing, Store Operations",Sinnvoller Exploration-Pilot; Research-Yield messen.,250,,,,,https://www.reddit.com/r/CustomerService/,https://www.reddit.com/r/CustomerService/new/,2026-09-18,Current /new feed checked via web in Sep 2026,CORE,"Profession/business/operator-oriented community with recurring workflows, software/process spend and identifiable buyers.",SCAN_PILOT_NOW,300
r/CVS,Retail_Service_Work,Retail- und Customer-Service-Mitarbeiter,EMPLOYEE / PRACTITIONER,EXPANSION_314,BRAUCHEN_TESTEN,B,EXPLORATION,JA,ACTIVE_VERIFIED_2026-09,HIGH,Current /new feed checked via web in Sep 2026,HIGH,LOW,"Schichten, Waren, Kundenservice, interne Tools, Prozesse, Staffing, Store Operations",Sinnvoller Exploration-Pilot; Research-Yield messen.,250,,,,,https://www.reddit.com/r/CVS/,https://www.reddit.com/r/CVS/new/,2026-09-18,Current /new feed checked via web in Sep 2026,CORE,"Profession/business/operator-oriented community with recurring workflows, software/process spend and identifiable buyers.",SCAN_PILOT_NOW,300
r/retail,Retail_Service_Work,Retail- und Customer-Service-Mitarbeiter,EMPLOYEE / PRACTITIONER,EXPANSION_314,BRAUCHEN_TESTEN,B,EXPLORATION,JA,ACTIVE_VERIFIED_2026-09,HIGH,Current /new feed checked via web in Sep 2026,HIGH,LOW,"Schichten, Waren, Kundenservice, interne Tools, Prozesse, Staffing, Store Operations",Sinnvoller Exploration-Pilot; Research-Yield messen.,250,,,,,https://www.reddit.com/r/retail/,https://www.reddit.com/r/retail/new/,2026-09-18,Current /new feed checked via web in Sep 2026,CORE,"Profession/business/operator-oriented community with recurring workflows, software/process spend and identifiable buyers.",SCAN_PILOT_NOW,300
r/retailhell,Retail_Service_Work,Retail- und Customer-Service-Mitarbeiter,EMPLOYEE / PRACTITIONER,EXPANSION_314,BRAUCHEN_TESTEN,B,EXPLORATION,JA,ACTIVE_VERIFIED_2026-09,HIGH,Current /new feed checked via web in Sep 2026,HIGH,LOW,"Schichten, Waren, Kundenservice, interne Tools, Prozesse, Staffing, Store Operations",Sinnvoller Exploration-Pilot; Research-Yield messen.,250,,,,,https://www.reddit.com/r/retailhell/,https://www.reddit.com/r/retailhell/new/,2026-09-18,Current /new feed checked via web in Sep 2026,CORE,"Profession/business/operator-oriented community with recurring workflows, software/process spend and identifiable buyers.",SCAN_PILOT_NOW,300
r/starbucks,Retail_Service_Work,Retail- und Customer-Service-Mitarbeiter,EMPLOYEE / PRACTITIONER,EXPANSION_314,BRAUCHEN_TESTEN,B,EXPLORATION,JA,ACTIVE_VERIFIED_2026-09,HIGH,Current /new feed checked via web in Sep 2026,HIGH,LOW,"Schichten, Waren, Kundenservice, interne Tools, Prozesse, Staffing, Store Operations",Sinnvoller Exploration-Pilot; Research-Yield messen.,250,,,,,https://www.reddit.com/r/starbucks/,https://www.reddit.com/r/starbucks/new/,2026-09-18,Current /new feed checked via web in Sep 2026,CORE,"Profession/business/operator-oriented community with recurring workflows, software/process spend and identifiable buyers.",SCAN_PILOT_NOW,300
r/TalesFromRetail,Retail_Service_Work,Retail- und Customer-Service-Mitarbeiter,EMPLOYEE / PRACTITIONER,EXPANSION_314,BRAUCHEN_TESTEN,B,EXPLORATION,JA,ACTIVE_VERIFIED_2026-09,HIGH,Current /new feed checked via web in Sep 2026,HIGH,LOW,"Schichten, Waren, Kundenservice, interne Tools, Prozesse, Staffing, Store Operations",Sinnvoller Exploration-Pilot; Research-Yield messen.,250,,,,,https://www.reddit.com/r/TalesFromRetail/,https://www.reddit.com/r/TalesFromRetail/new/,2026-09-18,Current /new feed checked via web in Sep 2026,CORE,"Profession/business/operator-oriented community with recurring workflows, software/process spend and identifiable buyers.",SCAN_PILOT_NOW,300
r/Target,Retail_Service_Work,Retail- und Customer-Service-Mitarbeiter,EMPLOYEE / PRACTITIONER,EXPANSION_314,BRAUCHEN_TESTEN,B,EXPLORATION,JA,ACTIVE_VERIFIED_2026-09,HIGH,Current /new feed checked via web in Sep 2026,HIGH,LOW,"Schichten, Waren, Kundenservice, interne Tools, Prozesse, Staffing, Store Operations",Sinnvoller Exploration-Pilot; Research-Yield messen.,250,,,,,https://www.reddit.com/r/Target/,https://www.reddit.com/r/Target/new/,2026-09-18,Current /new feed checked via web in Sep 2026,CORE,"Profession/business/operator-oriented community with recurring workflows, software/process spend and identifiable buyers.",SCAN_PILOT_NOW,300
r/WalgreensStores,Retail_Service_Work,Retail- und Customer-Service-Mitarbeiter,EMPLOYEE / PRACTITIONER,EXPANSION_314,BRAUCHEN_TESTEN,B,EXPLORATION,JA,ACTIVE_VERIFIED_2026-09,HIGH,Current /new feed checked via web in Sep 2026,HIGH,LOW,"Schichten, Waren, Kundenservice, interne Tools, Prozesse, Staffing, Store Operations",Sinnvoller Exploration-Pilot; Research-Yield messen.,250,,,,,https://www.reddit.com/r/WalgreensStores/,https://www.reddit.com/r/WalgreensStores/new/,2026-09-18,Current /new feed checked via web in Sep 2026,CORE,"Profession/business/operator-oriented community with recurring workflows, software/process spend and identifiable buyers.",SCAN_PILOT_NOW,300
r/walmart,Retail_Service_Work,Retail- und Customer-Service-Mitarbeiter,EMPLOYEE / PRACTITIONER,EXPANSION_314,BRAUCHEN_TESTEN,B,EXPLORATION,JA,ACTIVE_VERIFIED_2026-09,HIGH,Current /new feed checked via web in Sep 2026,HIGH,LOW,"Schichten, Waren, Kundenservice, interne Tools, Prozesse, Staffing, Store Operations",Sinnvoller Exploration-Pilot; Research-Yield messen.,250,,,,,https://www.reddit.com/r/walmart/,https://www.reddit.com/r/walmart/new/,2026-09-18,Current /new feed checked via web in Sep 2026,CORE,"Profession/business/operator-oriented community with recurring workflows, software/process spend and identifiable buyers.",SCAN_PILOT_NOW,300
r/b2b_sales,Sales_Outreach,Sales-/Outreach-/Cold-Email-Leute,MIXED,LEGACY_647,BRAUCHEN_CORE,A,PRIMARY_DISCOVERY,JA,WAHRSCHEINLICH_AKTIV_PROXY,MEDIUM,Aktivität aus gelieferten Mitglieder-/Wachstumsdaten abgeleitet; nicht live verifiziert.,HIGH,LOW,,"Branchen-/Business-Kontext; hohe Chance auf wiederkehrende Prozesse, Tool-Probleme und konkrete Workarounds.",500,28000,17000,Eingeschraenkt - Mehrwert,4.007,https://www.reddit.com/r/b2b_sales/,https://www.reddit.com/r/b2b_sales/new/,,Legacy-Seed: Entscheidung neu bewertet; Aktivität bei fehlendem Live-Check nur als Proxy markiert.,CORE,"Profession/business/operator-oriented community with recurring workflows, software/process spend and identifiable buyers.",VERIFY_ACTIVITY_THEN_SCAN,0
r/B2BSales,Sales_Outreach,Sales-/Outreach-/Cold-Email-Leute,MIXED,LEGACY_647,BRAUCHEN_CORE,A,PRIMARY_DISCOVERY,NEIN_BIS_GEPRUEFT,PRUEFEN,LOW,Sehr kleine Community laut Legacy-Daten; vor Scan live prüfen.,HIGH,LOW,,"Branchen-/Business-Kontext; hohe Chance auf wiederkehrende Prozesse, Tool-Probleme und konkrete Workarounds.",500,959,,Eingeschraenkt - Mehrwert,2.634,https://www.reddit.com/r/B2BSales/,https://www.reddit.com/r/B2BSales/new/,,Legacy-Seed: Entscheidung neu bewertet; Aktivität bei fehlendem Live-Check nur als Proxy markiert.,CORE,"Profession/business/operator-oriented community with recurring workflows, software/process spend and identifiable buyers.",VERIFY_ACTIVITY_THEN_SCAN,0
r/B_2_B_Selling_Tips,Sales_Outreach,Sales-/Outreach-/Cold-Email-Leute,MIXED,LEGACY_647,BRAUCHEN_CORE,A,PRIMARY_DISCOVERY,NEIN_BIS_GEPRUEFT,PRUEFEN,LOW,Sehr kleine Community laut Legacy-Daten; vor Scan live prüfen.,HIGH,LOW,,"Branchen-/Business-Kontext; hohe Chance auf wiederkehrende Prozesse, Tool-Probleme und konkrete Workarounds.",500,311,,Eingeschraenkt - Mehrwert,2.494,https://www.reddit.com/r/B_2_B_Selling_Tips/,https://www.reddit.com/r/B_2_B_Selling_Tips/new/,,Legacy-Seed: Entscheidung neu bewertet; Aktivität bei fehlendem Live-Check nur als Proxy markiert.,CORE,"Profession/business/operator-oriented community with recurring workflows, software/process spend and identifiable buyers.",VERIFY_ACTIVITY_THEN_SCAN,0
r/coldemail,Sales_Outreach,Sales-/Outreach-/Cold-Email-Leute,MIXED,LEGACY_647,BRAUCHEN_CORE,A,PRIMARY_DISCOVERY,JA,WAHRSCHEINLICH_AKTIV_PROXY,MEDIUM,Aktivität aus gelieferten Mitglieder-/Wachstumsdaten abgeleitet; nicht live verifiziert.,HIGH,LOW,,"Branchen-/Business-Kontext; hohe Chance auf wiederkehrende Prozesse, Tool-Probleme und konkrete Workarounds.",500,82000,67000,Eingeschraenkt - Mehrwert,4.524,https://www.reddit.com/r/coldemail/,https://www.reddit.com/r/coldemail/new/,,Legacy-Seed: Entscheidung neu bewertet; Aktivität bei fehlendem Live-Check nur als Proxy markiert.,CORE,"Profession/business/operator-oriented community with recurring workflows, software/process spend and identifiable buyers.",VERIFY_ACTIVITY_THEN_SCAN,0
r/copywriting,Sales_Outreach,Sales-/Outreach-/Cold-Email-Leute,MIXED,LEGACY_647,BRAUCHEN_CORE,A,PRIMARY_DISCOVERY,JA,WAHRSCHEINLICH_AKTIV_PROXY,MEDIUM,Aktivität aus gelieferten Mitglieder-/Wachstumsdaten abgeleitet; nicht live verifiziert.,HIGH,LOW,,"Branchen-/Business-Kontext; hohe Chance auf wiederkehrende Prozesse, Tool-Probleme und konkrete Workarounds.",500,255000,27000,Eingeschraenkt - Mehrwert,4.403,https://www.reddit.com/r/copywriting/,https://www.reddit.com/r/copywriting/new/,,Legacy-Seed: Entscheidung neu bewertet; Aktivität bei fehlendem Live-Check nur als Proxy markiert.,CORE,"Profession/business/operator-oriented community with recurring workflows, software/process spend and identifiable buyers.",VERIFY_ACTIVITY_THEN_SCAN,0
r/EmailOutreach,Sales_Outreach,Sales-/Outreach-/Cold-Email-Leute,MIXED,LEGACY_647,BRAUCHEN_CORE,A,PRIMARY_DISCOVERY,JA,AKTIV_NISCHE_PROXY,MEDIUM,Kleinere/nischige Community laut Legacy-Daten; vor großem Scan live prüfen.,HIGH,LOW,,"Branchen-/Business-Kontext; hohe Chance auf wiederkehrende Prozesse, Tool-Probleme und konkrete Workarounds.",500,3000,2000,Eingeschraenkt - Mehrwert,3.361,https://www.reddit.com/r/EmailOutreach/,https://www.reddit.com/r/EmailOutreach/new/,,Legacy-Seed: Entscheidung neu bewertet; Aktivität bei fehlendem Live-Check nur als Proxy markiert.,CORE,"Profession/business/operator-oriented community with recurring workflows, software/process spend and identifiable buyers.",VERIFY_ACTIVITY_THEN_SCAN,0
r/highticket_sales,Sales_Outreach,Sales-/Outreach-/Cold-Email-Leute,MIXED,LEGACY_647,BRAUCHEN_CORE,A,PRIMARY_DISCOVERY,JA,AKTIV_NISCHE_PROXY,MEDIUM,Kleinere/nischige Community laut Legacy-Daten; vor großem Scan live prüfen.,HIGH,LOW,,"Branchen-/Business-Kontext; hohe Chance auf wiederkehrende Prozesse, Tool-Probleme und konkrete Workarounds.",500,7000,,Eingeschraenkt - Mehrwert,3.122,https://www.reddit.com/r/highticket_sales/,https://www.reddit.com/r/highticket_sales/new/,,Legacy-Seed: Entscheidung neu bewertet; Aktivität bei fehlendem Live-Check nur als Proxy markiert.,CORE,"Profession/business/operator-oriented community with recurring workflows, software/process spend and identifiable buyers.",VERIFY_ACTIVITY_THEN_SCAN,0
r/LeadGeneration,Sales_Outreach,Sales-/Outreach-/Cold-Email-Leute,MIXED,LEGACY_647,BRAUCHEN_CORE,A,PRIMARY_DISCOVERY,JA,WAHRSCHEINLICH_AKTIV_PROXY,MEDIUM,Aktivität aus gelieferten Mitglieder-/Wachstumsdaten abgeleitet; nicht live verifiziert.,HIGH,LOW,,"Branchen-/Business-Kontext; hohe Chance auf wiederkehrende Prozesse, Tool-Probleme und konkrete Workarounds.",500,61000,27000,Eingeschraenkt - Mehrwert,4.153,https://www.reddit.com/r/LeadGeneration/,https://www.reddit.com/r/LeadGeneration/new/,,Legacy-Seed: Entscheidung neu bewertet; Aktivität bei fehlendem Live-Check nur als Proxy markiert.,CORE,"Profession/business/operator-oriented community with recurring workflows, software/process spend and identifiable buyers.",VERIFY_ACTIVITY_THEN_SCAN,0
r/linkedinautomation,Sales_Outreach,Sales-/Outreach-/Cold-Email-Leute,MIXED,LEGACY_647,BRAUCHEN_CORE,A,PRIMARY_DISCOVERY,JA,AKTIV_NISCHE_PROXY,MEDIUM,Kleinere/nischige Community laut Legacy-Daten; vor großem Scan live prüfen.,HIGH,LOW,,"Branchen-/Business-Kontext; hohe Chance auf wiederkehrende Prozesse, Tool-Probleme und konkrete Workarounds.",500,3000,,Eingeschraenkt - Mehrwert,2.882,https://www.reddit.com/r/linkedinautomation/,https://www.reddit.com/r/linkedinautomation/new/,,Legacy-Seed: Entscheidung neu bewertet; Aktivität bei fehlendem Live-Check nur als Proxy markiert.,CORE,"Profession/business/operator-oriented community with recurring workflows, software/process spend and identifiable buyers.",VERIFY_ACTIVITY_THEN_SCAN,0
r/OutreachHacks,Sales_Outreach,Sales-/Outreach-/Cold-Email-Leute,MIXED,LEGACY_647,BRAUCHEN_CORE,A,PRIMARY_DISCOVERY,NEIN_BIS_GEPRUEFT,PRUEFEN,LOW,Sehr kleine Community laut Legacy-Daten; vor Scan live prüfen.,HIGH,LOW,,"Branchen-/Business-Kontext; hohe Chance auf wiederkehrende Prozesse, Tool-Probleme und konkrete Workarounds.",500,2000,,Eingeschraenkt - Mehrwert,2.782,https://www.reddit.com/r/OutreachHacks/,https://www.reddit.com/r/OutreachHacks/new/,,Legacy-Seed: Entscheidung neu bewertet; Aktivität bei fehlendem Live-Check nur als Proxy markiert.,CORE,"Profession/business/operator-oriented community with recurring workflows, software/process spend and identifiable buyers.",VERIFY_ACTIVITY_THEN_SCAN,0
r/sales,Sales_Outreach,Sales-/Outreach-/Cold-Email-Leute,MIXED,LEGACY_647,BRAUCHEN_CORE,A,PRIMARY_DISCOVERY,JA,WAHRSCHEINLICH_AKTIV_PROXY,MEDIUM,Aktivität aus gelieferten Mitglieder-/Wachstumsdaten abgeleitet; nicht live verifiziert.,HIGH,LOW,,"Berufs-/Business-Community mit hoher Chance auf konkrete Workflow-, Software- und Zahlungsprobleme.",500,577000,94000,Eingeschraenkt - Mehrwert,4.727,https://www.reddit.com/r/sales/,https://www.reddit.com/r/sales/new/,,Legacy-Seed: Entscheidung neu bewertet; Aktivität bei fehlendem Live-Check nur als Proxy markiert.,CORE,"Profession/business/operator-oriented community with recurring workflows, software/process spend and identifiable buyers.",VERIFY_ACTIVITY_THEN_SCAN,0
r/SalesOps,Sales_Outreach,Sales-/Outreach-/Cold-Email-Leute,MIXED,LEGACY_647,BRAUCHEN_CORE,A,PRIMARY_DISCOVERY,NEIN_BIS_GEPRUEFT,PRUEFEN,LOW,Sehr kleine Community laut Legacy-Daten; vor Scan live prüfen.,HIGH,LOW,,"Berufs-/Business-Community mit hoher Chance auf konkrete Workflow-, Software- und Zahlungsprobleme.",500,471,,Eingeschraenkt - Mehrwert,2.534,https://www.reddit.com/r/SalesOps/,https://www.reddit.com/r/SalesOps/new/,,Legacy-Seed: Entscheidung neu bewertet; Aktivität bei fehlendem Live-Check nur als Proxy markiert.,CORE,"Profession/business/operator-oriented community with recurring workflows, software/process spend and identifiable buyers.",VERIFY_ACTIVITY_THEN_SCAN,0
r/salestechniques,Sales_Outreach,Sales-/Outreach-/Cold-Email-Leute,MIXED,LEGACY_647,BRAUCHEN_CORE,A,PRIMARY_DISCOVERY,JA,WAHRSCHEINLICH_AKTIV_PROXY,MEDIUM,Aktivität aus gelieferten Mitglieder-/Wachstumsdaten abgeleitet; nicht live verifiziert.,HIGH,LOW,,"Branchen-/Business-Kontext; hohe Chance auf wiederkehrende Prozesse, Tool-Probleme und konkrete Workarounds.",500,62000,28000,Eingeschraenkt - Mehrwert,4.165,https://www.reddit.com/r/salestechniques/,https://www.reddit.com/r/salestechniques/new/,,Legacy-Seed: Entscheidung neu bewertet; Aktivität bei fehlendem Live-Check nur als Proxy markiert.,CORE,"Profession/business/operator-oriented community with recurring workflows, software/process spend and identifiable buyers.",VERIFY_ACTIVITY_THEN_SCAN,0
r/aeo,SEO,SEO-Spezialisten,MIXED,LEGACY_647,BRAUCHEN_CORE,A,PRIMARY_DISCOVERY,JA,AKTIV_NISCHE_PROXY,MEDIUM,Kleinere/nischige Community laut Legacy-Daten; vor großem Scan live prüfen.,HIGH,LOW,,"Branchen-/Business-Kontext; hohe Chance auf wiederkehrende Prozesse, Tool-Probleme und konkrete Workarounds.",500,4000,,"Eingeschraenkt - Mehrwert, kein Linkdrop",2.959,https://www.reddit.com/r/aeo/,https://www.reddit.com/r/aeo/new/,,Legacy-Seed: Entscheidung neu bewertet; Aktivität bei fehlendem Live-Check nur als Proxy markiert.,CORE,"Profession/business/operator-oriented community with recurring workflows, software/process spend and identifiable buyers.",VERIFY_ACTIVITY_THEN_SCAN,0
r/bigseo,SEO,SEO-Spezialisten,MIXED,LEGACY_647,BRAUCHEN_CORE,A,PRIMARY_DISCOVERY,JA,WAHRSCHEINLICH_AKTIV_PROXY,MEDIUM,Aktivität aus gelieferten Mitglieder-/Wachstumsdaten abgeleitet; nicht live verifiziert.,HIGH,LOW,,"Berufs-/Business-Community mit hoher Chance auf konkrete Workflow-, Software- und Zahlungsprobleme.",500,135000,17000,"Eingeschraenkt - Mehrwert, kein Linkdrop",4.197,https://www.reddit.com/r/bigseo/,https://www.reddit.com/r/bigseo/new/,,Legacy-Seed: Entscheidung neu bewertet; Aktivität bei fehlendem Live-Check nur als Proxy markiert.,CORE,"Profession/business/operator-oriented community with recurring workflows, software/process spend and identifiable buyers.",VERIFY_ACTIVITY_THEN_SCAN,0
r/GoogleSearchConsole,SEO,SEO-Spezialisten,MIXED,LEGACY_647,BRAUCHEN_CORE,A,PRIMARY_DISCOVERY,NEIN_BIS_GEPRUEFT,PRUEFEN,LOW,Sehr kleine Community laut Legacy-Daten; vor Scan live prüfen.,HIGH,LOW,,"Branchen-/Business-Kontext; hohe Chance auf wiederkehrende Prozesse, Tool-Probleme und konkrete Workarounds.",500,1000,,"Eingeschraenkt - Mehrwert, kein Linkdrop",2.641,https://www.reddit.com/r/GoogleSearchConsole/,https://www.reddit.com/r/GoogleSearchConsole/new/,,Legacy-Seed: Entscheidung neu bewertet; Aktivität bei fehlendem Live-Check nur als Proxy markiert.,CORE,"Profession/business/operator-oriented community with recurring workflows, software/process spend and identifiable buyers.",VERIFY_ACTIVITY_THEN_SCAN,0
r/linkbuilding,SEO,SEO-Spezialisten,MIXED,LEGACY_647,BRAUCHEN_CORE,A,PRIMARY_DISCOVERY,NEIN_BIS_GEPRUEFT,PRUEFEN,LOW,Keine verwertbaren Aktivitätsmetriken in der gelieferten Legacy-Datei.,HIGH,LOW,,"Branchen-/Business-Kontext; hohe Chance auf wiederkehrende Prozesse, Tool-Probleme und konkrete Workarounds.",500,,,"Eingeschraenkt - Mehrwert, kein Linkdrop",2.4,https://www.reddit.com/r/linkbuilding/,https://www.reddit.com/r/linkbuilding/new/,,Legacy-Seed: Entscheidung neu bewertet; Aktivität bei fehlendem Live-Check nur als Proxy markiert.,CORE,"Profession/business/operator-oriented community with recurring workflows, software/process spend and identifiable buyers.",VERIFY_ACTIVITY_THEN_SCAN,0
r/Local_SEO,SEO,SEO-Spezialisten,MIXED,LEGACY_647,BRAUCHEN_CORE,A,PRIMARY_DISCOVERY,NEIN_BIS_GEPRUEFT,PRUEFEN,LOW,Sehr kleine Community laut Legacy-Daten; vor Scan live prüfen.,HIGH,LOW,,"Branchen-/Business-Kontext; hohe Chance auf wiederkehrende Prozesse, Tool-Probleme und konkrete Workarounds.",500,2000,,"Eingeschraenkt - Mehrwert, kein Linkdrop",2.782,https://www.reddit.com/r/Local_SEO/,https://www.reddit.com/r/Local_SEO/new/,,Legacy-Seed: Entscheidung neu bewertet; Aktivität bei fehlendem Live-Check nur als Proxy markiert.,CORE,"Profession/business/operator-oriented community with recurring workflows, software/process spend and identifiable buyers.",VERIFY_ACTIVITY_THEN_SCAN,0
r/SEO,SEO,SEO-Spezialisten,MIXED,LEGACY_647,BRAUCHEN_CORE,A,PRIMARY_DISCOVERY,JA,ACTIVE_VERIFIED_2026-09,HIGH,Reddit /new page checked via web research in September 2026.,HIGH,LOW,,"Berufs-/Business-Community mit hoher Chance auf konkrete Workflow-, Software- und Zahlungsprobleme.",500,484000,91000,"Eingeschraenkt - Mehrwert, kein Linkdrop",4.684,https://www.reddit.com/r/SEO/,https://www.reddit.com/r/SEO/new/,2026-09-18,Legacy-Seed: Entscheidung neu bewertet; Aktivität bei fehlendem Live-Check nur als Proxy markiert.,CORE,"Profession/business/operator-oriented community with recurring workflows, software/process spend and identifiable buyers.",SCAN_PILOT_NOW,300
r/SEO_Digital_Marketing,SEO,SEO-Spezialisten,MIXED,LEGACY_647,BRAUCHEN_CORE,A,PRIMARY_DISCOVERY,JA,WAHRSCHEINLICH_AKTIV_PROXY,MEDIUM,Aktivität aus gelieferten Mitglieder-/Wachstumsdaten abgeleitet; nicht live verifiziert.,HIGH,LOW,,"Branchen-/Business-Kontext; hohe Chance auf wiederkehrende Prozesse, Tool-Probleme und konkrete Workarounds.",500,73000,21000,"Eingeschraenkt - Mehrwert, kein Linkdrop",4.103,https://www.reddit.com/r/SEO_Digital_Marketing/,https://www.reddit.com/r/SEO_Digital_Marketing/new/,,Legacy-Seed: Entscheidung neu bewertet; Aktivität bei fehlendem Live-Check nur als Proxy markiert.,CORE,"Profession/business/operator-oriented community with recurring workflows, software/process spend and identifiable buyers.",VERIFY_ACTIVITY_THEN_SCAN,0
r/SEO_Talk,SEO,SEO-Spezialisten,MIXED,LEGACY_647,BRAUCHEN_CORE,A,PRIMARY_DISCOVERY,NEIN_BIS_GEPRUEFT,PRUEFEN,LOW,Sehr kleine Community laut Legacy-Daten; vor Scan live prüfen.,HIGH,LOW,,"Branchen-/Business-Kontext; hohe Chance auf wiederkehrende Prozesse, Tool-Probleme und konkrete Workarounds.",500,2000,,"Eingeschraenkt - Mehrwert, kein Linkdrop",2.782,https://www.reddit.com/r/SEO_Talk/,https://www.reddit.com/r/SEO_Talk/new/,,Legacy-Seed: Entscheidung neu bewertet; Aktivität bei fehlendem Live-Check nur als Proxy markiert.,CORE,"Profession/business/operator-oriented community with recurring workflows, software/process spend and identifiable buyers.",VERIFY_ACTIVITY_THEN_SCAN,0
r/seogrowth,SEO,SEO-Spezialisten,MIXED,LEGACY_647,BRAUCHEN_CORE,A,PRIMARY_DISCOVERY,JA,WAHRSCHEINLICH_AKTIV_PROXY,MEDIUM,Aktivität aus gelieferten Mitglieder-/Wachstumsdaten abgeleitet; nicht live verifiziert.,HIGH,LOW,,"Branchen-/Business-Kontext; hohe Chance auf wiederkehrende Prozesse, Tool-Probleme und konkrete Workarounds.",500,65000,39000,"Eingeschraenkt - Mehrwert, kein Linkdrop",4.288,https://www.reddit.com/r/seogrowth/,https://www.reddit.com/r/seogrowth/new/,,Legacy-Seed: Entscheidung neu bewertet; Aktivität bei fehlendem Live-Check nur als Proxy markiert.,CORE,"Profession/business/operator-oriented community with recurring workflows, software/process spend and identifiable buyers.",VERIFY_ACTIVITY_THEN_SCAN,0
r/TechSEO,SEO,SEO-Spezialisten,MIXED,LEGACY_647,BRAUCHEN_CORE,A,PRIMARY_DISCOVERY,JA,WAHRSCHEINLICH_AKTIV_PROXY,MEDIUM,Aktivität aus gelieferten Mitglieder-/Wachstumsdaten abgeleitet; nicht live verifiziert.,HIGH,LOW,,"Branchen-/Business-Kontext; hohe Chance auf wiederkehrende Prozesse, Tool-Probleme und konkrete Workarounds.",500,52000,18000,"Eingeschraenkt - Mehrwert, kein Linkdrop",4.029,https://www.reddit.com/r/TechSEO/,https://www.reddit.com/r/TechSEO/new/,,Legacy-Seed: Entscheidung neu bewertet; Aktivität bei fehlendem Live-Check nur als Proxy markiert.,CORE,"Profession/business/operator-oriented community with recurring workflows, software/process spend and identifiable buyers.",VERIFY_ACTIVITY_THEN_SCAN,0
r/The_SEO,SEO,SEO-Spezialisten,MIXED,LEGACY_647,BRAUCHEN_CORE,A,PRIMARY_DISCOVERY,NEIN_BIS_GEPRUEFT,PRUEFEN,LOW,Sehr kleine Community laut Legacy-Daten; vor Scan live prüfen.,HIGH,LOW,,"Branchen-/Business-Kontext; hohe Chance auf wiederkehrende Prozesse, Tool-Probleme und konkrete Workarounds.",500,532,,"Eingeschraenkt - Mehrwert, kein Linkdrop",2.548,https://www.reddit.com/r/The_SEO/,https://www.reddit.com/r/The_SEO/new/,,Legacy-Seed: Entscheidung neu bewertet; Aktivität bei fehlendem Live-Check nur als Proxy markiert.,CORE,"Profession/business/operator-oriented community with recurring workflows, software/process spend and identifiable buyers.",VERIFY_ACTIVITY_THEN_SCAN,0
r/Turohosts,Side_Hustle_Gig,Turo hosts / car-rental side hustlers,MIXED / PROSUMER,NEW_WEB_RESEARCH,BRAUCHEN_TESTEN,B,EXPLORATION,JA,ACTIVE_VERIFIED_2026-09,HIGH,Reddit /new page checked via web research in September 2026.,MEDIUM,LOW,"Fleet, bookings, cleaning, pricing, damage, customer comms","Aktive, relevante Nischen-/Prosumer-Community; als Exploration sinnvoll.",250,,,,,https://www.reddit.com/r/Turohosts/,https://www.reddit.com/r/Turohosts/new/,2026-09-18,Zusätzlich nach der 314er-Erweiterung gefunden und gegen vorhandene Namen dedupliziert.,CORE,Direct operator/professional/business workflow source with strong recurring process and spending potential.,SCAN_PILOT_NOW,300
r/vending,Side_Hustle_Gig,Vending operators / side-hustlers,MIXED / PROSUMER,NEW_WEB_RESEARCH,BRAUCHEN_TESTEN,B,EXPLORATION,JA,ACTIVE_VERIFIED_2026-09,HIGH,Reddit /new page checked via web research in September 2026.,MEDIUM,LOW,"Inventory, route planning, cashless payments, machine monitoring, locations","Aktive, relevante Nischen-/Prosumer-Community; als Exploration sinnvoll.",250,,,,,https://www.reddit.com/r/vending/,https://www.reddit.com/r/vending/new/,2026-09-18,Zusätzlich nach der 314er-Erweiterung gefunden und gegen vorhandene Namen dedupliziert.,CORE,Direct operator/professional/business workflow source with strong recurring process and spending potential.,SCAN_PILOT_NOW,300
r/vendingmachines,Side_Hustle_Gig,Vending operators / machine owners,MIXED / PROSUMER,NEW_WEB_RESEARCH,BRAUCHEN_TESTEN,B,EXPLORATION,JA,ACTIVE_VERIFIED_2026-09,HIGH,Reddit /new page checked via web research in September 2026.,MEDIUM,LOW,"Machine management, restocking, payment hardware, repair","Aktive, relevante Nischen-/Prosumer-Community; als Exploration sinnvoll.",250,,,,,https://www.reddit.com/r/vendingmachines/,https://www.reddit.com/r/vendingmachines/new/,2026-09-18,Zusätzlich nach der 314er-Erweiterung gefunden und gegen vorhandene Namen dedupliziert.,CORE,Direct operator/professional/business workflow source with strong recurring process and spending potential.,SCAN_PILOT_NOW,300
r/homelab,Tech_Gadgets,"Tech-/Gadget-Fans, Maker",MIXED,LEGACY_647,HOBBY_PROSUMER,C,HOBBY_PROSUMER,NEIN_BIS_GEPRUEFT,PRUEFEN,LOW,Keine verwertbaren Aktivitätsmetriken in der gelieferten Legacy-Datei.,MEDIUM,LOW,,"Aktive Hobby-/Prosumer-Zielgruppe; interessant für Tools, Commerce, Organisation und Side-Hustles, aber geringere B2B-Priorität.",150,,,Streng - tw. Empfehlung,1.8,https://www.reddit.com/r/homelab/,https://www.reddit.com/r/homelab/new/,,Legacy-Seed: Entscheidung neu bewertet; Aktivität bei fehlendem Live-Check nur als Proxy markiert.,CORE,Direct operator/professional/business workflow source with strong recurring process and spending potential.,VERIFY_ACTIVITY_THEN_SCAN,0
r/travelagents,Travel_Professional,Travel agents/advisors,PRACTITIONER / OWNER / BUYER,NEW_WEB_RESEARCH,BRAUCHEN_CORE,A,PRIMARY_DISCOVERY,JA,ACTIVE_VERIFIED_2026-09,HIGH,Reddit /new page checked via web research in September 2026.,MEDIUM,LOW,"Itinerary building, booking, client comms, supplier systems, commissions",Aktive spezialisierte Berufs-/Business-Community mit konkreten operativen Workflows.,500,,,,,https://www.reddit.com/r/travelagents/,https://www.reddit.com/r/travelagents/new/,2026-09-18,Zusätzlich nach der 314er-Erweiterung gefunden und gegen vorhandene Namen dedupliziert.,CORE,"Profession/business/operator-oriented community with recurring workflows, software/process spend and identifiable buyers.",SCAN_PILOT_NOW,300
r/3Dprinting,3DPrinting,"3D-Druck, Blender/Modeling",MIXED,LEGACY_647,BRAUCHEN_TESTEN,B,EXPLORATION,JA,ACTIVE_VERIFIED_2026-09,HIGH,Reddit /new page checked via web research in September 2026.,HIGH,LOW,,"Beruf/Prosumer-Mix; sinnvoller Pilot, tatsächlicher Research-Yield muss gemessen werden.",250,3400000,235000,"Eingeschraenkt - Show ok, kein Verkauf",5.275,https://www.reddit.com/r/3Dprinting/,https://www.reddit.com/r/3Dprinting/new/,2026-09-18,Legacy-Seed: Entscheidung neu bewertet; Aktivität bei fehlendem Live-Check nur als Proxy markiert.,PILOT,"Relevant practitioner/prosumer source, but signal density and buyer quality should be measured before permanent scanning.",SCAN_SMALL_PILOT,150
r/3Dprintmything,3DPrinting,"3D-Druck, Blender/Modeling",MIXED,LEGACY_647,BRAUCHEN_TESTEN,B,EXPLORATION,JA,AKTIV_NISCHE_PROXY,MEDIUM,Kleinere/nischige Community laut Legacy-Daten; vor großem Scan live prüfen.,HIGH,LOW,,"Beruf/Prosumer-Mix; sinnvoller Pilot, tatsächlicher Research-Yield muss gemessen werden.",250,43000,,"Eingeschraenkt - Show ok, kein Verkauf",3.715,https://www.reddit.com/r/3Dprintmything/,https://www.reddit.com/r/3Dprintmything/new/,,Legacy-Seed: Entscheidung neu bewertet; Aktivität bei fehlendem Live-Check nur als Proxy markiert.,PILOT,"Relevant practitioner/prosumer source, but signal density and buyer quality should be measured before permanent scanning.",VERIFY_ACTIVITY_FIRST,0
r/FixMyPrint,3DPrinting,"3D-Druck, Blender/Modeling",MIXED,LEGACY_647,BRAUCHEN_TESTEN,B,EXPLORATION,JA,WAHRSCHEINLICH_AKTIV_PROXY,MEDIUM,Aktivität aus gelieferten Mitglieder-/Wachstumsdaten abgeleitet; nicht live verifiziert.,HIGH,LOW,,"Beruf/Prosumer-Mix; sinnvoller Pilot, tatsächlicher Research-Yield muss gemessen werden.",250,204000,33000,"Eingeschraenkt - Show ok, kein Verkauf",4.366,https://www.reddit.com/r/FixMyPrint/,https://www.reddit.com/r/FixMyPrint/new/,,Legacy-Seed: Entscheidung neu bewertet; Aktivität bei fehlendem Live-Check nur als Proxy markiert.,PILOT,"Relevant practitioner/prosumer source, but signal density and buyer quality should be measured before permanent scanning.",VERIFY_ACTIVITY_FIRST,0
r/functionalprint,3DPrinting,"3D-Druck, Blender/Modeling",MIXED,LEGACY_647,BRAUCHEN_TESTEN,B,EXPLORATION,JA,WAHRSCHEINLICH_AKTIV_PROXY,MEDIUM,Aktivität aus gelieferten Mitglieder-/Wachstumsdaten abgeleitet; nicht live verifiziert.,HIGH,LOW,,"Beruf/Prosumer-Mix; sinnvoller Pilot, tatsächlicher Research-Yield muss gemessen werden.",250,606000,91000,"Eingeschraenkt - Show ok, kein Verkauf",4.735,https://www.reddit.com/r/functionalprint/,https://www.reddit.com/r/functionalprint/new/,,Legacy-Seed: Entscheidung neu bewertet; Aktivität bei fehlendem Live-Check nur als Proxy markiert.,PILOT,"Relevant practitioner/prosumer source, but signal density and buyer quality should be measured before permanent scanning.",VERIFY_ACTIVITY_FIRST,0
r/Leathercraft,Crafts_Makers_Sellers,"Maker, Künstler, Handarbeits- und Craft-Seller",HOBBY_PROSUMER / SELLER / SIDE_HUSTLE,EXPANSION_314,BRAUCHEN_TESTEN,B,EXPLORATION,JA,ACTIVE_VERIFIED_2026-09,HIGH,Current /new feed checked via web in Sep 2026,HIGH,LOW,"Design, Material, Maschinen, Dateien, Kalkulation, Inventar, Verkauf, Personalisierung, Produktion",Sinnvoller Exploration-Pilot; Research-Yield messen.,250,,,,,https://www.reddit.com/r/Leathercraft/,https://www.reddit.com/r/Leathercraft/new/,2026-09-18,Current /new feed checked via web in Sep 2026,PILOT,Equipment/software-heavy prosumer niche with possible commercial workflows.,SCAN_SMALL_PILOT,150
r/Machine_Embroidery,Crafts_Makers_Sellers,"Maker, Künstler, Handarbeits- und Craft-Seller",HOBBY_PROSUMER / SELLER / SIDE_HUSTLE,EXPANSION_314,BRAUCHEN_TESTEN,B,EXPLORATION,JA,ACTIVE_VERIFIED_2026-09,HIGH,Current /new feed checked via web in Sep 2026,HIGH,LOW,"Design, Material, Maschinen, Dateien, Kalkulation, Inventar, Verkauf, Personalisierung, Produktion",Sinnvoller Exploration-Pilot; Research-Yield messen.,250,,,,,https://www.reddit.com/r/Machine_Embroidery/,https://www.reddit.com/r/Machine_Embroidery/new/,2026-09-18,Current /new feed checked via web in Sep 2026,PILOT,Equipment/software-heavy prosumer niche with possible commercial workflows.,SCAN_SMALL_PILOT,150
r/ResinCasting,Crafts_Makers_Sellers,"Maker, Künstler, Handarbeits- und Craft-Seller",HOBBY_PROSUMER / SELLER / SIDE_HUSTLE,EXPANSION_314,BRAUCHEN_TESTEN,B,EXPLORATION,JA,ACTIVE_VERIFIED_2026-09,HIGH,Current /new feed checked via web in Sep 2026,HIGH,LOW,"Design, Material, Maschinen, Dateien, Kalkulation, Inventar, Verkauf, Personalisierung, Produktion",Sinnvoller Exploration-Pilot; Research-Yield messen.,250,,,,,https://www.reddit.com/r/ResinCasting/,https://www.reddit.com/r/ResinCasting/new/,2026-09-18,Current /new feed checked via web in Sep 2026,PILOT,Equipment/software-heavy prosumer niche with possible commercial workflows.,SCAN_SMALL_PILOT,150
r/screenprinting,Crafts_Makers_Sellers,"Maker, Künstler, Handarbeits- und Craft-Seller",HOBBY_PROSUMER / SELLER / SIDE_HUSTLE,EXPANSION_314,BRAUCHEN_TESTEN,B,EXPLORATION,JA,ACTIVE_VERIFIED_2026-09,HIGH,Current /new feed checked via web in Sep 2026,HIGH,LOW,"Design, Material, Maschinen, Dateien, Kalkulation, Inventar, Verkauf, Personalisierung, Produktion",Sinnvoller Exploration-Pilot; Research-Yield messen.,250,,,,,https://www.reddit.com/r/screenprinting/,https://www.reddit.com/r/screenprinting/new/,2026-09-18,Current /new feed checked via web in Sep 2026,PILOT,Equipment/software-heavy prosumer niche with possible commercial workflows.,SCAN_SMALL_PILOT,150
r/Sublimation,Crafts_Makers_Sellers,"Maker, Künstler, Handarbeits- und Craft-Seller",HOBBY_PROSUMER / SELLER / SIDE_HUSTLE,EXPANSION_314,BRAUCHEN_TESTEN,B,EXPLORATION,JA,ACTIVE_NICHE_VERIFIED_2026-09,HIGH,Current /new feed checked via web in Sep 2026,HIGH,LOW,"Design, Material, Maschinen, Dateien, Kalkulation, Inventar, Verkauf, Personalisierung, Produktion",Sinnvoller Exploration-Pilot; Research-Yield messen.,250,,,,,https://www.reddit.com/r/Sublimation/,https://www.reddit.com/r/Sublimation/new/,2026-09-18,Current /new feed checked via web in Sep 2026,PILOT,Equipment/software-heavy prosumer niche with possible commercial workflows.,SCAN_SMALL_PILOT,150
r/watchmaking,Crafts_Makers_Sellers,Watchmakers / hobbyists,HOBBY / CONSUMER / PROSUMER,NEW_WEB_RESEARCH,HOBBY_PROSUMER,C,HOBBY_PROSUMER,JA_LIGHT,ACTIVE_VERIFIED_2026-09,HIGH,Reddit /new page checked via web research in September 2026.,MEDIUM,LOW,"Repair, tools, parts, documentation, sourcing","Aktive Hobby-/Prosumer-Community; niedrigeres Budget, aber potenziell gute Tool-/Commerce-Pains.",150,,,,,https://www.reddit.com/r/watchmaking/,https://www.reddit.com/r/watchmaking/new/,2026-09-18,Zusätzlich nach der 314er-Erweiterung gefunden und gegen vorhandene Namen dedupliziert.,PILOT,"Relevant practitioner/prosumer source, but signal density and buyer quality should be measured before permanent scanning.",SCAN_SMALL_PILOT,150
r/watchrepair,Crafts_Makers_Sellers,Watch repairers,HOBBY / CONSUMER / PROSUMER,NEW_WEB_RESEARCH,HOBBY_PROSUMER,C,HOBBY_PROSUMER,JA_LIGHT,ACTIVE_VERIFIED_2026-09,HIGH,Reddit /new page checked via web research in September 2026.,MEDIUM,LOW,"Repair workflow, parts, tools, diagnostics","Aktive Hobby-/Prosumer-Community; niedrigeres Budget, aber potenziell gute Tool-/Commerce-Pains.",150,,,,,https://www.reddit.com/r/watchrepair/,https://www.reddit.com/r/watchrepair/new/,2026-09-18,Zusätzlich nach der 314er-Erweiterung gefunden und gegen vorhandene Namen dedupliziert.,PILOT,"Relevant practitioner/prosumer source, but signal density and buyer quality should be measured before permanent scanning.",SCAN_SMALL_PILOT,150
r/podcasts,Creator_Economy,"Creator, UGC-Macher, Solo-Brands",MIXED,LEGACY_647,BRAUCHEN_TESTEN,B,EXPLORATION,NEIN_BIS_GEPRUEFT,PRUEFEN,LOW,Keine verwertbaren Aktivitätsmetriken in der gelieferten Legacy-Datei.,HIGH,LOW,,"Beruf/Prosumer-Mix; sinnvoller Pilot, tatsächlicher Research-Yield muss gemessen werden.",250,,,Eingeschraenkt - tw. Promo-Subs,2.4,https://www.reddit.com/r/podcasts/,https://www.reddit.com/r/podcasts/new/,,Legacy-Seed: Entscheidung neu bewertet; Aktivität bei fehlendem Live-Check nur als Proxy markiert.,PILOT,"Monetizing creator/professional workflow; useful for tools, client work, production and platform pain.",VERIFY_ACTIVITY_FIRST,0
r/ugc,Creator_Economy,"Creator, UGC-Macher, Solo-Brands",MIXED,LEGACY_647,BRAUCHEN_TESTEN,B,EXPLORATION,JA,AKTIV_NISCHE_PROXY,MEDIUM,Kleinere/nischige Community laut Legacy-Daten; vor großem Scan live prüfen.,HIGH,LOW,,"Beruf/Prosumer-Mix; sinnvoller Pilot, tatsächlicher Research-Yield muss gemessen werden.",250,9000,,Eingeschraenkt - tw. Promo-Subs,3.2,https://www.reddit.com/r/ugc/,https://www.reddit.com/r/ugc/new/,,Legacy-Seed: Entscheidung neu bewertet; Aktivität bei fehlendem Live-Check nur als Proxy markiert.,PILOT,"Monetizing creator/professional workflow; useful for tools, client work, production and platform pain.",VERIFY_ACTIVITY_FIRST,0
r/animationcareer,Creator_Freelance_Media,"Creator, Freelancer, Podcaster, Video-/VFX-/Voice- und Content-Profis",CREATOR / FREELANCER,EXPANSION_314,BRAUCHEN_CORE,A,PRIMARY_DISCOVERY,JA,ACTIVE_VERIFIED_2026-09,HIGH,Current /new feed checked via web in Sep 2026,HIGH,LOW,"Kundenakquise, Produktion, Freigaben, Dateien, Billing, Distribution, Analytics, Workflow-Tools",Sehr guter Practitioner-/Business-Kandidat für Pain-Point-Research.,500,,,,,https://www.reddit.com/r/animationcareer/,https://www.reddit.com/r/animationcareer/new/,2026-09-18,Current /new feed checked via web in Sep 2026,PILOT,"Relevant practitioner/prosumer source, but signal density and buyer quality should be measured before permanent scanning.",SCAN_SMALL_PILOT,150
r/PartneredYoutube,Creator_Freelance_Media,"Creator, Freelancer, Podcaster, Video-/VFX-/Voice- und Content-Profis",CREATOR / FREELANCER,EXPANSION_314,BRAUCHEN_CORE,A,PRIMARY_DISCOVERY,JA,ACTIVE_VERIFIED_2026-09,HIGH,Current /new feed checked via web in Sep 2026,HIGH,LOW,"Kundenakquise, Produktion, Freigaben, Dateien, Billing, Distribution, Analytics, Workflow-Tools",Sehr guter Practitioner-/Business-Kandidat für Pain-Point-Research.,500,,,,,https://www.reddit.com/r/PartneredYoutube/,https://www.reddit.com/r/PartneredYoutube/new/,2026-09-18,Current /new feed checked via web in Sep 2026,PILOT,"Relevant practitioner/prosumer source, but signal density and buyer quality should be measured before permanent scanning.",SCAN_SMALL_PILOT,150
r/podcasters,Creator_Freelance_Media,"Creator, Freelancer, Podcaster, Video-/VFX-/Voice- und Content-Profis",CREATOR / FREELANCER,EXPANSION_314,BRAUCHEN_CORE,A,PRIMARY_DISCOVERY,JA,ACTIVE_NICHE_VERIFIED_2026-09,HIGH,Current /new feed checked via web in Sep 2026,HIGH,LOW,"Kundenakquise, Produktion, Freigaben, Dateien, Billing, Distribution, Analytics, Workflow-Tools",Sehr guter Practitioner-/Business-Kandidat für Pain-Point-Research.,500,,,,,https://www.reddit.com/r/podcasters/,https://www.reddit.com/r/podcasters/new/,2026-09-18,Current /new feed checked via web in Sep 2026,PILOT,"Relevant practitioner/prosumer source, but signal density and buyer quality should be measured before permanent scanning.",SCAN_SMALL_PILOT,150
r/podcasting,Creator_Freelance_Media,"Creator, Freelancer, Podcaster, Video-/VFX-/Voice- und Content-Profis",CREATOR / FREELANCER,EXPANSION_314,BRAUCHEN_CORE,A,PRIMARY_DISCOVERY,JA,ACTIVE_VERIFIED_2026-09,HIGH,Current /new feed checked via web in Sep 2026,HIGH,LOW,"Kundenakquise, Produktion, Freigaben, Dateien, Billing, Distribution, Analytics, Workflow-Tools",Sehr guter Practitioner-/Business-Kandidat für Pain-Point-Research.,500,,,,,https://www.reddit.com/r/podcasting/,https://www.reddit.com/r/podcasting/new/,2026-09-18,Current /new feed checked via web in Sep 2026,PILOT,"Relevant practitioner/prosumer source, but signal density and buyer quality should be measured before permanent scanning.",SCAN_SMALL_PILOT,150
r/Twitch,Creator_Freelance_Media,"Creator, Freelancer, Podcaster, Video-/VFX-/Voice- und Content-Profis",CREATOR / FREELANCER,EXPANSION_314,BRAUCHEN_CORE,A,PRIMARY_DISCOVERY,JA,ACTIVE_VERIFIED_2026-09,HIGH,Current /new feed checked via web in Sep 2026,HIGH,LOW,"Kundenakquise, Produktion, Freigaben, Dateien, Billing, Distribution, Analytics, Workflow-Tools",Sehr guter Practitioner-/Business-Kandidat für Pain-Point-Research.,500,,,,,https://www.reddit.com/r/Twitch/,https://www.reddit.com/r/Twitch/new/,2026-09-18,Current /new feed checked via web in Sep 2026,PILOT,"Relevant practitioner/prosumer source, but signal density and buyer quality should be measured before permanent scanning.",SCAN_SMALL_PILOT,150
r/UGCcreators,Creator_Freelance_Media,"Creator, Freelancer, Podcaster, Video-/VFX-/Voice- und Content-Profis",CREATOR / FREELANCER,EXPANSION_314,BRAUCHEN_CORE,A,PRIMARY_DISCOVERY,JA,ACTIVE_VERIFIED_2026-09,HIGH,Current /new feed checked via web in Sep 2026,HIGH,LOW,"Kundenakquise, Produktion, Freigaben, Dateien, Billing, Distribution, Analytics, Workflow-Tools",Sehr guter Practitioner-/Business-Kandidat für Pain-Point-Research.,500,,,,,https://www.reddit.com/r/UGCcreators/,https://www.reddit.com/r/UGCcreators/new/,2026-09-18,Current /new feed checked via web in Sep 2026,PILOT,"Relevant practitioner/prosumer source, but signal density and buyer quality should be measured before permanent scanning.",SCAN_SMALL_PILOT,150
r/vfx,Creator_Freelance_Media,"Creator, Freelancer, Podcaster, Video-/VFX-/Voice- und Content-Profis",CREATOR / FREELANCER,EXPANSION_314,BRAUCHEN_CORE,A,PRIMARY_DISCOVERY,JA,ACTIVE_VERIFIED_2026-09,HIGH,Current /new feed checked via web in Sep 2026,HIGH,LOW,"Kundenakquise, Produktion, Freigaben, Dateien, Billing, Distribution, Analytics, Workflow-Tools",Sehr guter Practitioner-/Business-Kandidat für Pain-Point-Research.,500,,,,,https://www.reddit.com/r/vfx/,https://www.reddit.com/r/vfx/new/,2026-09-18,Current /new feed checked via web in Sep 2026,PILOT,"Relevant practitioner/prosumer source, but signal density and buyer quality should be measured before permanent scanning.",SCAN_SMALL_PILOT,150
r/virtualassistants,Creator_Freelance_Media,Virtual assistants,MIXED / PROSUMER,NEW_WEB_RESEARCH,BRAUCHEN_TESTEN,B,EXPLORATION,JA,ACTIVE_VERIFIED_2026-09,HIGH,Reddit /new page checked via web research in September 2026.,HIGH,LOW,"Client management, task systems, recurring admin, billing, tools","Aktive, relevante Nischen-/Prosumer-Community; als Exploration sinnvoll.",250,,,,,https://www.reddit.com/r/virtualassistants/,https://www.reddit.com/r/virtualassistants/new/,2026-09-18,Zusätzlich nach der 314er-Erweiterung gefunden und gegen vorhandene Namen dedupliziert.,PILOT,"Relevant practitioner/prosumer source, but signal density and buyer quality should be measured before permanent scanning.",SCAN_SMALL_PILOT,150
r/voiceacting,Creator_Freelance_Media,"Creator, Freelancer, Podcaster, Video-/VFX-/Voice- und Content-Profis",CREATOR / FREELANCER,EXPANSION_314,BRAUCHEN_CORE,A,PRIMARY_DISCOVERY,JA,ACTIVE_VERIFIED_2026-09,HIGH,Current /new feed checked via web in Sep 2026,HIGH,LOW,"Kundenakquise, Produktion, Freigaben, Dateien, Billing, Distribution, Analytics, Workflow-Tools",Sehr guter Practitioner-/Business-Kandidat für Pain-Point-Research.,500,,,,,https://www.reddit.com/r/voiceacting/,https://www.reddit.com/r/voiceacting/new/,2026-09-18,Current /new feed checked via web in Sep 2026,PILOT,"Relevant practitioner/prosumer source, but signal density and buyer quality should be measured before permanent scanning.",SCAN_SMALL_PILOT,150
r/VoiceWork,Creator_Freelance_Media,"Creator, Freelancer, Podcaster, Video-/VFX-/Voice- und Content-Profis",CREATOR / FREELANCER,EXPANSION_314,BRAUCHEN_CORE,A,PRIMARY_DISCOVERY,JA,ACTIVE_VERIFIED_2026-09,HIGH,Current /new feed checked via web in Sep 2026,HIGH,LOW,"Kundenakquise, Produktion, Freigaben, Dateien, Billing, Distribution, Analytics, Workflow-Tools",Sehr guter Practitioner-/Business-Kandidat für Pain-Point-Research.,500,,,,,https://www.reddit.com/r/VoiceWork/,https://www.reddit.com/r/VoiceWork/new/,2026-09-18,Current /new feed checked via web in Sep 2026,PILOT,"Relevant practitioner/prosumer source, but signal density and buyer quality should be measured before permanent scanning.",SCAN_SMALL_PILOT,150
r/analytics,DataScience,Data-Science/-Engineering,MIXED,LEGACY_647,BRAUCHEN_TESTEN,B,EXPLORATION,JA,WAHRSCHEINLICH_AKTIV_PROXY,MEDIUM,Aktivität aus gelieferten Mitglieder-/Wachstumsdaten abgeleitet; nicht live verifiziert.,HIGH,LOW,,"Beruf/Prosumer-Mix; sinnvoller Pilot, tatsächlicher Research-Yield muss gemessen werden.",250,268000,52000,Streng,3.363,https://www.reddit.com/r/analytics/,https://www.reddit.com/r/analytics/new/,,Legacy-Seed: Entscheidung neu bewertet; Aktivität bei fehlendem Live-Check nur als Proxy markiert.,PILOT,"Technical professional community with tooling/integration potential, but support and career noise expected.",VERIFY_ACTIVITY_FIRST,0
r/bigdata,DataScience,Data-Science/-Engineering,MIXED,LEGACY_647,BRAUCHEN_TESTEN,B,EXPLORATION,JA,WAHRSCHEINLICH_AKTIV_PROXY,MEDIUM,Aktivität aus gelieferten Mitglieder-/Wachstumsdaten abgeleitet; nicht live verifiziert.,HIGH,LOW,,"Beruf/Prosumer-Mix; sinnvoller Pilot, tatsächlicher Research-Yield muss gemessen werden.",250,75000,15000,Streng,3.036,https://www.reddit.com/r/bigdata/,https://www.reddit.com/r/bigdata/new/,,Legacy-Seed: Entscheidung neu bewertet; Aktivität bei fehlendem Live-Check nur als Proxy markiert.,PILOT,"Technical professional community with tooling/integration potential, but support and career noise expected.",VERIFY_ACTIVITY_FIRST,0
r/bigdata_analytics,DataScience,Data-Science/-Engineering,MIXED,LEGACY_647,BRAUCHEN_TESTEN,B,EXPLORATION,JA,AKTIV_NISCHE_PROXY,MEDIUM,Kleinere/nischige Community laut Legacy-Daten; vor großem Scan live prüfen.,HIGH,LOW,,"Beruf/Prosumer-Mix; sinnvoller Pilot, tatsächlicher Research-Yield muss gemessen werden.",250,11000,,Streng,2.448,https://www.reddit.com/r/bigdata_analytics/,https://www.reddit.com/r/bigdata_analytics/new/,,Legacy-Seed: Entscheidung neu bewertet; Aktivität bei fehlendem Live-Check nur als Proxy markiert.,PILOT,"Technical professional community with tooling/integration potential, but support and career noise expected.",VERIFY_ACTIVITY_FIRST,0
r/bioinformatics,DataScience,Data-Science/-Engineering,MIXED,LEGACY_647,BRAUCHEN_TESTEN,B,EXPLORATION,NEIN_BIS_GEPRUEFT,PRUEFEN,LOW,Keine verwertbaren Aktivitätsmetriken in der gelieferten Legacy-Datei.,HIGH,LOW,,"Beruf/Prosumer-Mix; sinnvoller Pilot, tatsächlicher Research-Yield muss gemessen werden.",250,,,Streng,1.8,https://www.reddit.com/r/bioinformatics/,https://www.reddit.com/r/bioinformatics/new/,,Legacy-Seed: Entscheidung neu bewertet; Aktivität bei fehlendem Live-Check nur als Proxy markiert.,PILOT,"Technical professional community with tooling/integration potential, but support and career noise expected.",VERIFY_ACTIVITY_FIRST,0
r/BusinessIntelligence,DataScience,Data-Science/-Engineering,MIXED,LEGACY_647,BRAUCHEN_CORE,A,PRIMARY_DISCOVERY,JA,WAHRSCHEINLICH_AKTIV_PROXY,MEDIUM,Aktivität aus gelieferten Mitglieder-/Wachstumsdaten abgeleitet; nicht live verifiziert.,HIGH,LOW,,"Berufs-/Business-Community mit hoher Chance auf konkrete Workflow-, Software- und Zahlungsprobleme.",500,233000,39000,Streng,3.312,https://www.reddit.com/r/BusinessIntelligence/,https://www.reddit.com/r/BusinessIntelligence/new/,,Legacy-Seed: Entscheidung neu bewertet; Aktivität bei fehlendem Live-Check nur als Proxy markiert.,PILOT,"Technical professional community with tooling/integration potential, but support and career noise expected.",VERIFY_ACTIVITY_FIRST,0
r/data,DataScience,Data-Science/-Engineering,MIXED,LEGACY_647,BRAUCHEN_TESTEN,B,EXPLORATION,JA,WAHRSCHEINLICH_AKTIV_PROXY,MEDIUM,Aktivität aus gelieferten Mitglieder-/Wachstumsdaten abgeleitet; nicht live verifiziert.,HIGH,LOW,,"Beruf/Prosumer-Mix; sinnvoller Pilot, tatsächlicher Research-Yield muss gemessen werden.",250,52000,7000,Streng,2.907,https://www.reddit.com/r/data/,https://www.reddit.com/r/data/new/,,Legacy-Seed: Entscheidung neu bewertet; Aktivität bei fehlendem Live-Check nur als Proxy markiert.,PILOT,"Technical professional community with tooling/integration potential, but support and career noise expected.",VERIFY_ACTIVITY_FIRST,0
r/dataanalysis,DataScience,Data-Science/-Engineering,MIXED,LEGACY_647,BRAUCHEN_TESTEN,B,EXPLORATION,JA,WAHRSCHEINLICH_AKTIV_PROXY,MEDIUM,Aktivität aus gelieferten Mitglieder-/Wachstumsdaten abgeleitet; nicht live verifiziert.,HIGH,LOW,,"Beruf/Prosumer-Mix; sinnvoller Pilot, tatsächlicher Research-Yield muss gemessen werden.",250,216000,51000,Streng,3.329,https://www.reddit.com/r/dataanalysis/,https://www.reddit.com/r/dataanalysis/new/,,Legacy-Seed: Entscheidung neu bewertet; Aktivität bei fehlendem Live-Check nur als Proxy markiert.,PILOT,"Technical professional community with tooling/integration potential, but support and career noise expected.",VERIFY_ACTIVITY_FIRST,0
r/dataanalytics,DataScience,Data-Science/-Engineering,MIXED,LEGACY_647,BRAUCHEN_TESTEN,B,EXPLORATION,JA,WAHRSCHEINLICH_AKTIV_PROXY,MEDIUM,Aktivität aus gelieferten Mitglieder-/Wachstumsdaten abgeleitet; nicht live verifiziert.,HIGH,LOW,,"Beruf/Prosumer-Mix; sinnvoller Pilot, tatsächlicher Research-Yield muss gemessen werden.",250,39000,15000,Streng,2.969,https://www.reddit.com/r/dataanalytics/,https://www.reddit.com/r/dataanalytics/new/,,Legacy-Seed: Entscheidung neu bewertet; Aktivität bei fehlendem Live-Check nur als Proxy markiert.,PILOT,"Technical professional community with tooling/integration potential, but support and career noise expected.",VERIFY_ACTIVITY_FIRST,0
r/Database,DataScience,Data-Science/-Engineering,MIXED,LEGACY_647,BRAUCHEN_TESTEN,B,EXPLORATION,NEIN_BIS_GEPRUEFT,PRUEFEN,LOW,Keine verwertbaren Aktivitätsmetriken in der gelieferten Legacy-Datei.,HIGH,LOW,,"Beruf/Prosumer-Mix; sinnvoller Pilot, tatsächlicher Research-Yield muss gemessen werden.",250,,,Streng,1.8,https://www.reddit.com/r/Database/,https://www.reddit.com/r/Database/new/,,Legacy-Seed: Entscheidung neu bewertet; Aktivität bei fehlendem Live-Check nur als Proxy markiert.,PILOT,"Technical professional community with tooling/integration potential, but support and career noise expected.",VERIFY_ACTIVITY_FIRST,0
r/dataengineering,DataScience,Data-Science/-Engineering,MIXED,LEGACY_647,BRAUCHEN_CORE,A,PRIMARY_DISCOVERY,JA,WAHRSCHEINLICH_AKTIV_PROXY,MEDIUM,Aktivität aus gelieferten Mitglieder-/Wachstumsdaten abgeleitet; nicht live verifiziert.,HIGH,LOW,,"Berufs-/Business-Community mit hoher Chance auf konkrete Workflow-, Software- und Zahlungsprobleme.",500,456000,124000,Streng,3.543,https://www.reddit.com/r/dataengineering/,https://www.reddit.com/r/dataengineering/new/,,Legacy-Seed: Entscheidung neu bewertet; Aktivität bei fehlendem Live-Check nur als Proxy markiert.,PILOT,"Technical professional community with tooling/integration potential, but support and career noise expected.",VERIFY_ACTIVITY_FIRST,0
r/dataisbeautiful,DataScience,Data-Science/-Engineering,MIXED,LEGACY_647,BRAUCHEN_TESTEN,B,EXPLORATION,NEIN_BIS_GEPRUEFT,PRUEFEN,LOW,Keine verwertbaren Aktivitätsmetriken in der gelieferten Legacy-Datei.,HIGH,LOW,,"Beruf/Prosumer-Mix; sinnvoller Pilot, tatsächlicher Research-Yield muss gemessen werden.",250,,,Streng,1.8,https://www.reddit.com/r/dataisbeautiful/,https://www.reddit.com/r/dataisbeautiful/new/,,Legacy-Seed: Entscheidung neu bewertet; Aktivität bei fehlendem Live-Check nur als Proxy markiert.,PILOT,"Technical professional community with tooling/integration potential, but support and career noise expected.",VERIFY_ACTIVITY_FIRST,0
r/datascience,DataScience,Data-Science/-Engineering,MIXED,LEGACY_647,BRAUCHEN_TESTEN,B,EXPLORATION,JA,WAHRSCHEINLICH_AKTIV_PROXY,MEDIUM,Aktivität aus gelieferten Mitglieder-/Wachstumsdaten abgeleitet; nicht live verifiziert.,HIGH,LOW,,"Beruf/Prosumer-Mix; sinnvoller Pilot, tatsächlicher Research-Yield muss gemessen werden.",250,2700000,73000,Streng,3.874,https://www.reddit.com/r/datascience/,https://www.reddit.com/r/datascience/new/,,Legacy-Seed: Entscheidung neu bewertet; Aktivität bei fehlendem Live-Check nur als Proxy markiert.,PILOT,"Technical professional community with tooling/integration potential, but support and career noise expected.",VERIFY_ACTIVITY_FIRST,0
r/datascientists,DataScience,Data-Science/-Engineering,MIXED,LEGACY_647,BRAUCHEN_TESTEN,B,EXPLORATION,NEIN_BIS_GEPRUEFT,PRUEFEN,LOW,Sehr kleine Community laut Legacy-Daten; vor Scan live prüfen.,HIGH,LOW,,"Beruf/Prosumer-Mix; sinnvoller Pilot, tatsächlicher Research-Yield muss gemessen werden.",250,2000,,Streng,2.086,https://www.reddit.com/r/datascientists/,https://www.reddit.com/r/datascientists/new/,,Legacy-Seed: Entscheidung neu bewertet; Aktivität bei fehlendem Live-Check nur als Proxy markiert.,PILOT,"Technical professional community with tooling/integration potential, but support and career noise expected.",VERIFY_ACTIVITY_FIRST,0
r/datasets,DataScience,Data-Science/-Engineering,MIXED,LEGACY_647,BRAUCHEN_TESTEN,B,EXPLORATION,JA,WAHRSCHEINLICH_AKTIV_PROXY,MEDIUM,Aktivität aus gelieferten Mitglieder-/Wachstumsdaten abgeleitet; nicht live verifiziert.,HIGH,LOW,,"Beruf/Prosumer-Mix; sinnvoller Pilot, tatsächlicher Research-Yield muss gemessen werden.",250,217000,13000,Streng,3.235,https://www.reddit.com/r/datasets/,https://www.reddit.com/r/datasets/new/,,Legacy-Seed: Entscheidung neu bewertet; Aktivität bei fehlendem Live-Check nur als Proxy markiert.,PILOT,"Technical professional community with tooling/integration potential, but support and career noise expected.",VERIFY_ACTIVITY_FIRST,0
r/gis,DataScience,Data-Science/-Engineering,MIXED,LEGACY_647,BRAUCHEN_TESTEN,B,EXPLORATION,NEIN_BIS_GEPRUEFT,PRUEFEN,LOW,Keine verwertbaren Aktivitätsmetriken in der gelieferten Legacy-Datei.,HIGH,LOW,,"Beruf/Prosumer-Mix; sinnvoller Pilot, tatsächlicher Research-Yield muss gemessen werden.",250,,,Streng,1.8,https://www.reddit.com/r/gis/,https://www.reddit.com/r/gis/new/,,Legacy-Seed: Entscheidung neu bewertet; Aktivität bei fehlendem Live-Check nur als Proxy markiert.,PILOT,"Technical professional community with tooling/integration potential, but support and career noise expected.",VERIFY_ACTIVITY_FIRST,0
r/MachineLearning,DataScience,Data-Science/-Engineering,MIXED,LEGACY_647,BRAUCHEN_TESTEN,B,EXPLORATION,JA,WAHRSCHEINLICH_AKTIV_PROXY,MEDIUM,Aktivität aus gelieferten Mitglieder-/Wachstumsdaten abgeleitet; nicht live verifiziert.,HIGH,LOW,,"Beruf/Prosumer-Mix; sinnvoller Pilot, tatsächlicher Research-Yield muss gemessen werden.",250,3000000,78000,Streng,3.9,https://www.reddit.com/r/MachineLearning/,https://www.reddit.com/r/MachineLearning/new/,,Legacy-Seed: Entscheidung neu bewertet; Aktivität bei fehlendem Live-Check nur als Proxy markiert.,PILOT,"Technical professional community with tooling/integration potential, but support and career noise expected.",VERIFY_ACTIVITY_FIRST,0
r/rstats,DataScience,Data-Science/-Engineering,MIXED,LEGACY_647,BRAUCHEN_TESTEN,B,EXPLORATION,NEIN_BIS_GEPRUEFT,PRUEFEN,LOW,Keine verwertbaren Aktivitätsmetriken in der gelieferten Legacy-Datei.,HIGH,LOW,,"Beruf/Prosumer-Mix; sinnvoller Pilot, tatsächlicher Research-Yield muss gemessen werden.",250,,,Streng,1.8,https://www.reddit.com/r/rstats/,https://www.reddit.com/r/rstats/new/,,Legacy-Seed: Entscheidung neu bewertet; Aktivität bei fehlendem Live-Check nur als Proxy markiert.,PILOT,"Technical professional community with tooling/integration potential, but support and career noise expected.",VERIFY_ACTIVITY_FIRST,0
r/SQL,DataScience,Data-Science/-Engineering,MIXED,LEGACY_647,BRAUCHEN_TESTEN,B,EXPLORATION,NEIN_BIS_GEPRUEFT,PRUEFEN,LOW,Keine verwertbaren Aktivitätsmetriken in der gelieferten Legacy-Datei.,HIGH,LOW,,"Beruf/Prosumer-Mix; sinnvoller Pilot, tatsächlicher Research-Yield muss gemessen werden.",250,,,Streng,1.8,https://www.reddit.com/r/SQL/,https://www.reddit.com/r/SQL/new/,,Legacy-Seed: Entscheidung neu bewertet; Aktivität bei fehlendem Live-Check nur als Proxy markiert.,PILOT,"Technical professional community with tooling/integration potential, but support and career noise expected.",VERIFY_ACTIVITY_FIRST,0
r/SQLServer,DataScience,Data-Science/-Engineering,MIXED,LEGACY_647,BRAUCHEN_TESTEN,B,EXPLORATION,NEIN_BIS_GEPRUEFT,PRUEFEN,LOW,Keine verwertbaren Aktivitätsmetriken in der gelieferten Legacy-Datei.,HIGH,LOW,,"Beruf/Prosumer-Mix; sinnvoller Pilot, tatsächlicher Research-Yield muss gemessen werden.",250,,,Streng,1.8,https://www.reddit.com/r/SQLServer/,https://www.reddit.com/r/SQLServer/new/,,Legacy-Seed: Entscheidung neu bewertet; Aktivität bei fehlendem Live-Check nur als Proxy markiert.,PILOT,"Technical professional community with tooling/integration potential, but support and career noise expected.",VERIFY_ACTIVITY_FIRST,0
r/statistics,DataScience,Data-Science/-Engineering,MIXED,LEGACY_647,BRAUCHEN_TESTEN,B,EXPLORATION,JA,WAHRSCHEINLICH_AKTIV_PROXY,MEDIUM,Aktivität aus gelieferten Mitglieder-/Wachstumsdaten abgeleitet; nicht live verifiziert.,HIGH,LOW,,"Beruf/Prosumer-Mix; sinnvoller Pilot, tatsächlicher Research-Yield muss gemessen werden.",250,625000,28000,Streng,3.502,https://www.reddit.com/r/statistics/,https://www.reddit.com/r/statistics/new/,,Legacy-Seed: Entscheidung neu bewertet; Aktivität bei fehlendem Live-Check nur als Proxy markiert.,PILOT,"Technical professional community with tooling/integration potential, but support and career noise expected.",VERIFY_ACTIVITY_FIRST,0
r/thewebscrapingclub,DataScience,Data-Science/-Engineering,MIXED,LEGACY_647,BRAUCHEN_TESTEN,B,EXPLORATION,NEIN_BIS_GEPRUEFT,PRUEFEN,LOW,Sehr kleine Community laut Legacy-Daten; vor Scan live prüfen.,HIGH,LOW,,"Beruf/Prosumer-Mix; sinnvoller Pilot, tatsächlicher Research-Yield muss gemessen werden.",250,1000,,Streng,1.981,https://www.reddit.com/r/thewebscrapingclub/,https://www.reddit.com/r/thewebscrapingclub/new/,,Legacy-Seed: Entscheidung neu bewertet; Aktivität bei fehlendem Live-Check nur als Proxy markiert.,PILOT,"Technical professional community with tooling/integration potential, but support and career noise expected.",VERIFY_ACTIVITY_FIRST,0
r/graphic_design,Design,Designer (Graphic/UX/UI),MIXED,LEGACY_647,BRAUCHEN_CORE,A,PRIMARY_DISCOVERY,JA,WAHRSCHEINLICH_AKTIV_PROXY,MEDIUM,Aktivität aus gelieferten Mitglieder-/Wachstumsdaten abgeleitet; nicht live verifiziert.,HIGH,LOW,,"Berufs-/Business-Community mit hoher Chance auf konkrete Workflow-, Software- und Zahlungsprobleme.",500,2900000,93000,Eingeschraenkt - Feedback ok,5.193,https://www.reddit.com/r/graphic_design/,https://www.reddit.com/r/graphic_design/new/,,Legacy-Seed: Entscheidung neu bewertet; Aktivität bei fehlendem Live-Check nur als Proxy markiert.,PILOT,"Relevant practitioner/prosumer source, but signal density and buyer quality should be measured before permanent scanning.",VERIFY_ACTIVITY_FIRST,0
r/aws,DevOps_Cloud,DevOps-/Cloud-Engineers,MIXED,LEGACY_647,BRAUCHEN_TESTEN,B,EXPLORATION,JA,WAHRSCHEINLICH_AKTIV_PROXY,MEDIUM,Aktivität aus gelieferten Mitglieder-/Wachstumsdaten abgeleitet; nicht live verifiziert.,HIGH,LOW,,"Beruf/Prosumer-Mix; sinnvoller Pilot, tatsächlicher Research-Yield muss gemessen werden.",250,384000,45000,Streng,3.415,https://www.reddit.com/r/aws/,https://www.reddit.com/r/aws/new/,,Legacy-Seed: Entscheidung neu bewertet; Aktivität bei fehlendem Live-Check nur als Proxy markiert.,PILOT,"Technical professional community with tooling/integration potential, but support and career noise expected.",VERIFY_ACTIVITY_FIRST,0
r/aws_cdk,DevOps_Cloud,DevOps-/Cloud-Engineers,MIXED,LEGACY_647,BRAUCHEN_TESTEN,B,EXPLORATION,NEIN_BIS_GEPRUEFT,PRUEFEN,LOW,Sehr kleine Community laut Legacy-Daten; vor Scan live prüfen.,HIGH,LOW,,"Beruf/Prosumer-Mix; sinnvoller Pilot, tatsächlicher Research-Yield muss gemessen werden.",250,2000,,Streng,2.086,https://www.reddit.com/r/aws_cdk/,https://www.reddit.com/r/aws_cdk/new/,,Legacy-Seed: Entscheidung neu bewertet; Aktivität bei fehlendem Live-Check nur als Proxy markiert.,PILOT,"Technical professional community with tooling/integration potential, but support and career noise expected.",VERIFY_ACTIVITY_FIRST,0
r/AWS_Certified_Experts,DevOps_Cloud,DevOps-/Cloud-Engineers,MIXED,LEGACY_647,BRAUCHEN_TESTEN,B,EXPLORATION,JA,AKTIV_NISCHE_PROXY,MEDIUM,Kleinere/nischige Community laut Legacy-Daten; vor großem Scan live prüfen.,HIGH,LOW,,"Beruf/Prosumer-Mix; sinnvoller Pilot, tatsächlicher Research-Yield muss gemessen werden.",250,20000,3000,Streng,2.674,https://www.reddit.com/r/AWS_Certified_Experts/,https://www.reddit.com/r/AWS_Certified_Experts/new/,,Legacy-Seed: Entscheidung neu bewertet; Aktivität bei fehlendem Live-Check nur als Proxy markiert.,PILOT,"Technical professional community with tooling/integration potential, but support and career noise expected.",VERIFY_ACTIVITY_FIRST,0
r/AWS_cloud,DevOps_Cloud,DevOps-/Cloud-Engineers,MIXED,LEGACY_647,BRAUCHEN_TESTEN,B,EXPLORATION,JA,WAHRSCHEINLICH_AKTIV_PROXY,MEDIUM,Aktivität aus gelieferten Mitglieder-/Wachstumsdaten abgeleitet; nicht live verifiziert.,HIGH,LOW,,"Beruf/Prosumer-Mix; sinnvoller Pilot, tatsächlicher Research-Yield muss gemessen werden.",250,15000,5000,Streng,2.702,https://www.reddit.com/r/AWS_cloud/,https://www.reddit.com/r/AWS_cloud/new/,,Legacy-Seed: Entscheidung neu bewertet; Aktivität bei fehlendem Live-Check nur als Proxy markiert.,PILOT,"Technical professional community with tooling/integration potential, but support and career noise expected.",VERIFY_ACTIVITY_FIRST,0
r/AWSCertificationsTalk,DevOps_Cloud,DevOps-/Cloud-Engineers,MIXED,LEGACY_647,BRAUCHEN_TESTEN,B,EXPLORATION,NEIN_BIS_GEPRUEFT,PRUEFEN,LOW,Sehr kleine Community laut Legacy-Daten; vor Scan live prüfen.,HIGH,LOW,,"Beruf/Prosumer-Mix; sinnvoller Pilot, tatsächlicher Research-Yield muss gemessen werden.",250,999,,Streng,1.98,https://www.reddit.com/r/AWSCertificationsTalk/,https://www.reddit.com/r/AWSCertificationsTalk/new/,,Legacy-Seed: Entscheidung neu bewertet; Aktivität bei fehlendem Live-Check nur als Proxy markiert.,PILOT,"Technical professional community with tooling/integration potential, but support and career noise expected.",VERIFY_ACTIVITY_FIRST,0
r/AZURE,DevOps_Cloud,DevOps-/Cloud-Engineers,MIXED,LEGACY_647,BRAUCHEN_TESTEN,B,EXPLORATION,JA,WAHRSCHEINLICH_AKTIV_PROXY,MEDIUM,Aktivität aus gelieferten Mitglieder-/Wachstumsdaten abgeleitet; nicht live verifiziert.,HIGH,LOW,,"Beruf/Prosumer-Mix; sinnvoller Pilot, tatsächlicher Research-Yield muss gemessen werden.",250,207000,29000,Streng,3.266,https://www.reddit.com/r/AZURE/,https://www.reddit.com/r/AZURE/new/,,Legacy-Seed: Entscheidung neu bewertet; Aktivität bei fehlendem Live-Check nur als Proxy markiert.,PILOT,"Technical professional community with tooling/integration potential, but support and career noise expected.",VERIFY_ACTIVITY_FIRST,0
r/azuredevops,DevOps_Cloud,DevOps-/Cloud-Engineers,MIXED,LEGACY_647,BRAUCHEN_TESTEN,B,EXPLORATION,JA,WAHRSCHEINLICH_AKTIV_PROXY,MEDIUM,Aktivität aus gelieferten Mitglieder-/Wachstumsdaten abgeleitet; nicht live verifiziert.,HIGH,LOW,,"Beruf/Prosumer-Mix; sinnvoller Pilot, tatsächlicher Research-Yield muss gemessen werden.",250,30000,6000,Streng,2.803,https://www.reddit.com/r/azuredevops/,https://www.reddit.com/r/azuredevops/new/,,Legacy-Seed: Entscheidung neu bewertet; Aktivität bei fehlendem Live-Check nur als Proxy markiert.,PILOT,"Technical professional community with tooling/integration potential, but support and career noise expected.",VERIFY_ACTIVITY_FIRST,0
r/Cloud,DevOps_Cloud,DevOps-/Cloud-Engineers,MIXED,LEGACY_647,BRAUCHEN_TESTEN,B,EXPLORATION,JA,WAHRSCHEINLICH_AKTIV_PROXY,MEDIUM,Aktivität aus gelieferten Mitglieder-/Wachstumsdaten abgeleitet; nicht live verifiziert.,HIGH,LOW,,"Beruf/Prosumer-Mix; sinnvoller Pilot, tatsächlicher Research-Yield muss gemessen werden.",250,44000,17000,Streng,3.001,https://www.reddit.com/r/Cloud/,https://www.reddit.com/r/Cloud/new/,,Legacy-Seed: Entscheidung neu bewertet; Aktivität bei fehlendem Live-Check nur als Proxy markiert.,PILOT,"Technical professional community with tooling/integration potential, but support and career noise expected.",VERIFY_ACTIVITY_FIRST,0
r/cloudcomputing,DevOps_Cloud,DevOps-/Cloud-Engineers,MIXED,LEGACY_647,BRAUCHEN_TESTEN,B,EXPLORATION,JA,WAHRSCHEINLICH_AKTIV_PROXY,MEDIUM,Aktivität aus gelieferten Mitglieder-/Wachstumsdaten abgeleitet; nicht live verifiziert.,HIGH,LOW,,"Beruf/Prosumer-Mix; sinnvoller Pilot, tatsächlicher Research-Yield muss gemessen werden.",250,42000,10000,Streng,2.909,https://www.reddit.com/r/cloudcomputing/,https://www.reddit.com/r/cloudcomputing/new/,,Legacy-Seed: Entscheidung neu bewertet; Aktivität bei fehlendem Live-Check nur als Proxy markiert.,PILOT,"Technical professional community with tooling/integration potential, but support and career noise expected.",VERIFY_ACTIVITY_FIRST,0
r/computing,DevOps_Cloud,DevOps-/Cloud-Engineers,MIXED,LEGACY_647,BRAUCHEN_TESTEN,B,EXPLORATION,JA,AKTIV_NISCHE_PROXY,MEDIUM,Kleinere/nischige Community laut Legacy-Daten; vor großem Scan live prüfen.,HIGH,LOW,,"Beruf/Prosumer-Mix; sinnvoller Pilot, tatsächlicher Research-Yield muss gemessen werden.",250,35000,4000,Streng,2.795,https://www.reddit.com/r/computing/,https://www.reddit.com/r/computing/new/,,Legacy-Seed: Entscheidung neu bewertet; Aktivität bei fehlendem Live-Check nur als Proxy markiert.,PILOT,"Technical professional community with tooling/integration potential, but support and career noise expected.",VERIFY_ACTIVITY_FIRST,0
r/devops,DevOps_Cloud,DevOps-/Cloud-Engineers,MIXED,LEGACY_647,BRAUCHEN_CORE,A,PRIMARY_DISCOVERY,JA,WAHRSCHEINLICH_AKTIV_PROXY,MEDIUM,Aktivität aus gelieferten Mitglieder-/Wachstumsdaten abgeleitet; nicht live verifiziert.,HIGH,LOW,,"Berufs-/Business-Community mit hoher Chance auf konkrete Workflow-, Software- und Zahlungsprobleme.",500,491000,92000,Streng,3.516,https://www.reddit.com/r/devops/,https://www.reddit.com/r/devops/new/,,Legacy-Seed: Entscheidung neu bewertet; Aktivität bei fehlendem Live-Check nur als Proxy markiert.,PILOT,"Technical professional community with tooling/integration potential, but support and career noise expected.",VERIFY_ACTIVITY_FIRST,0
r/devopsjobs,DevOps_Cloud,DevOps-/Cloud-Engineers,MIXED,LEGACY_647,SEKUNDAER,S,SECONDARY_SIGNAL,NUR_SEKUNDAER,WAHRSCHEINLICH_AKTIV_PROXY,MEDIUM,Aktivität aus gelieferten Mitglieder-/Wachstumsdaten abgeleitet; nicht live verifiziert.,HIGH,LOW,,"Founder-/Promo-/Job-Community: nicht primär scannen; höchstens für Nachfrage-, Tool-, Job- oder Zahlungs-Signale.",150,35000,14000,Streng,2.95,https://www.reddit.com/r/devopsjobs/,https://www.reddit.com/r/devopsjobs/new/,,Legacy-Seed: Entscheidung neu bewertet; Aktivität bei fehlendem Live-Check nur als Proxy markiert.,PILOT,"Technical professional community with tooling/integration potential, but support and career noise expected.",VERIFY_ACTIVITY_FIRST,0
r/DevOpsLinks,DevOps_Cloud,DevOps-/Cloud-Engineers,MIXED,LEGACY_647,BRAUCHEN_TESTEN,B,EXPLORATION,JA,AKTIV_NISCHE_PROXY,MEDIUM,Kleinere/nischige Community laut Legacy-Daten; vor großem Scan live prüfen.,HIGH,LOW,,"Beruf/Prosumer-Mix; sinnvoller Pilot, tatsächlicher Research-Yield muss gemessen werden.",250,6000,2000,Streng,2.487,https://www.reddit.com/r/DevOpsLinks/,https://www.reddit.com/r/DevOpsLinks/new/,,Legacy-Seed: Entscheidung neu bewertet; Aktivität bei fehlendem Live-Check nur als Proxy markiert.,PILOT,"Technical professional community with tooling/integration potential, but support and career noise expected.",VERIFY_ACTIVITY_FIRST,0
r/DevOpsSec,DevOps_Cloud,DevOps-/Cloud-Engineers,MIXED,LEGACY_647,BRAUCHEN_TESTEN,B,EXPLORATION,NEIN_BIS_GEPRUEFT,PRUEFEN,LOW,Sehr kleine Community laut Legacy-Daten; vor Scan live prüfen.,HIGH,LOW,,"Beruf/Prosumer-Mix; sinnvoller Pilot, tatsächlicher Research-Yield muss gemessen werden.",250,888,,Streng,1.966,https://www.reddit.com/r/DevOpsSec/,https://www.reddit.com/r/DevOpsSec/new/,,Legacy-Seed: Entscheidung neu bewertet; Aktivität bei fehlendem Live-Check nur als Proxy markiert.,PILOT,"Technical professional community with tooling/integration potential, but support and career noise expected.",VERIFY_ACTIVITY_FIRST,0
r/Docker_DevOps,DevOps_Cloud,DevOps-/Cloud-Engineers,MIXED,LEGACY_647,BRAUCHEN_TESTEN,B,EXPLORATION,JA,AKTIV_NISCHE_PROXY,MEDIUM,Kleinere/nischige Community laut Legacy-Daten; vor großem Scan live prüfen.,HIGH,LOW,,"Beruf/Prosumer-Mix; sinnvoller Pilot, tatsächlicher Research-Yield muss gemessen werden.",250,8000,,Streng,2.373,https://www.reddit.com/r/Docker_DevOps/,https://www.reddit.com/r/Docker_DevOps/new/,,Legacy-Seed: Entscheidung neu bewertet; Aktivität bei fehlendem Live-Check nur als Proxy markiert.,PILOT,"Technical professional community with tooling/integration potential, but support and career noise expected.",VERIFY_ACTIVITY_FIRST,0
r/ExperiencedDevOps,DevOps_Cloud,DevOps-/Cloud-Engineers,MIXED,LEGACY_647,BRAUCHEN_TESTEN,B,EXPLORATION,NEIN_BIS_GEPRUEFT,PRUEFEN,LOW,Sehr kleine Community laut Legacy-Daten; vor Scan live prüfen.,HIGH,LOW,,"Beruf/Prosumer-Mix; sinnvoller Pilot, tatsächlicher Research-Yield muss gemessen werden.",250,2000,,Streng,2.086,https://www.reddit.com/r/ExperiencedDevOps/,https://www.reddit.com/r/ExperiencedDevOps/new/,,Legacy-Seed: Entscheidung neu bewertet; Aktivität bei fehlendem Live-Check nur als Proxy markiert.,PILOT,"Technical professional community with tooling/integration potential, but support and career noise expected.",VERIFY_ACTIVITY_FIRST,0
r/ExperiencedDevs,DevOps_Cloud,DevOps-/Cloud-Engineers,MIXED,LEGACY_647,BRAUCHEN_TESTEN,B,EXPLORATION,JA,WAHRSCHEINLICH_AKTIV_PROXY,MEDIUM,Aktivität aus gelieferten Mitglieder-/Wachstumsdaten abgeleitet; nicht live verifiziert.,HIGH,LOW,,"Beruf/Prosumer-Mix; sinnvoller Pilot, tatsächlicher Research-Yield muss gemessen werden.",250,393000,103000,Streng,3.499,https://www.reddit.com/r/ExperiencedDevs/,https://www.reddit.com/r/ExperiencedDevs/new/,,Legacy-Seed: Entscheidung neu bewertet; Aktivität bei fehlendem Live-Check nur als Proxy markiert.,PILOT,"Technical professional community with tooling/integration potential, but support and career noise expected.",VERIFY_ACTIVITY_FIRST,0
r/googlecloud,DevOps_Cloud,DevOps-/Cloud-Engineers,MIXED,LEGACY_647,BRAUCHEN_TESTEN,B,EXPLORATION,JA,WAHRSCHEINLICH_AKTIV_PROXY,MEDIUM,Aktivität aus gelieferten Mitglieder-/Wachstumsdaten abgeleitet; nicht live verifiziert.,HIGH,LOW,,"Beruf/Prosumer-Mix; sinnvoller Pilot, tatsächlicher Research-Yield muss gemessen werden.",250,93000,23000,Streng,3.117,https://www.reddit.com/r/googlecloud/,https://www.reddit.com/r/googlecloud/new/,,Legacy-Seed: Entscheidung neu bewertet; Aktivität bei fehlendem Live-Check nur als Proxy markiert.,PILOT,"Technical professional community with tooling/integration potential, but support and career noise expected.",VERIFY_ACTIVITY_FIRST,0
r/KubernetesCerts,DevOps_Cloud,DevOps-/Cloud-Engineers,MIXED,LEGACY_647,BRAUCHEN_TESTEN,B,EXPLORATION,NEIN_BIS_GEPRUEFT,PRUEFEN,LOW,Sehr kleine Community laut Legacy-Daten; vor Scan live prüfen.,HIGH,LOW,,"Beruf/Prosumer-Mix; sinnvoller Pilot, tatsächlicher Research-Yield muss gemessen werden.",250,754,,Streng,1.946,https://www.reddit.com/r/KubernetesCerts/,https://www.reddit.com/r/KubernetesCerts/new/,,Legacy-Seed: Entscheidung neu bewertet; Aktivität bei fehlendem Live-Check nur als Proxy markiert.,PILOT,"Technical professional community with tooling/integration potential, but support and career noise expected.",VERIFY_ACTIVITY_FIRST,0
r/linuxadmin,DevOps_Cloud,DevOps-/Cloud-Engineers,MIXED,LEGACY_647,BRAUCHEN_TESTEN,B,EXPLORATION,NEIN_BIS_GEPRUEFT,PRUEFEN,LOW,Keine verwertbaren Aktivitätsmetriken in der gelieferten Legacy-Datei.,HIGH,LOW,,"Beruf/Prosumer-Mix; sinnvoller Pilot, tatsächlicher Research-Yield muss gemessen werden.",250,,,Streng,1.8,https://www.reddit.com/r/linuxadmin/,https://www.reddit.com/r/linuxadmin/new/,,Legacy-Seed: Entscheidung neu bewertet; Aktivität bei fehlendem Live-Check nur als Proxy markiert.,PILOT,"Technical professional community with tooling/integration potential, but support and career noise expected.",VERIFY_ACTIVITY_FIRST,0
r/networking,DevOps_Cloud,DevOps-/Cloud-Engineers,MIXED,LEGACY_647,BRAUCHEN_TESTEN,B,EXPLORATION,NEIN_BIS_GEPRUEFT,PRUEFEN,LOW,Keine verwertbaren Aktivitätsmetriken in der gelieferten Legacy-Datei.,HIGH,LOW,,"Beruf/Prosumer-Mix; sinnvoller Pilot, tatsächlicher Research-Yield muss gemessen werden.",250,,,Streng,1.8,https://www.reddit.com/r/networking/,https://www.reddit.com/r/networking/new/,,Legacy-Seed: Entscheidung neu bewertet; Aktivität bei fehlendem Live-Check nur als Proxy markiert.,PILOT,"Technical professional community with tooling/integration potential, but support and career noise expected.",VERIFY_ACTIVITY_FIRST,0
r/platformengineering,DevOps_Cloud,DevOps-/Cloud-Engineers,MIXED,LEGACY_647,BRAUCHEN_TESTEN,B,EXPLORATION,JA,WAHRSCHEINLICH_AKTIV_PROXY,MEDIUM,Aktivität aus gelieferten Mitglieder-/Wachstumsdaten abgeleitet; nicht live verifiziert.,HIGH,LOW,,"Beruf/Prosumer-Mix; sinnvoller Pilot, tatsächlicher Research-Yield muss gemessen werden.",250,7000,5000,Streng,2.728,https://www.reddit.com/r/platformengineering/,https://www.reddit.com/r/platformengineering/new/,,Legacy-Seed: Entscheidung neu bewertet; Aktivität bei fehlendem Live-Check nur als Proxy markiert.,PILOT,"Technical professional community with tooling/integration potential, but support and career noise expected.",VERIFY_ACTIVITY_FIRST,0
r/PlatformEngineers,DevOps_Cloud,DevOps-/Cloud-Engineers,MIXED,LEGACY_647,BRAUCHEN_TESTEN,B,EXPLORATION,NEIN_BIS_GEPRUEFT,PRUEFEN,LOW,Sehr kleine Community laut Legacy-Daten; vor Scan live prüfen.,HIGH,LOW,,"Beruf/Prosumer-Mix; sinnvoller Pilot, tatsächlicher Research-Yield muss gemessen werden.",250,521,,Streng,1.909,https://www.reddit.com/r/PlatformEngineers/,https://www.reddit.com/r/PlatformEngineers/new/,,Legacy-Seed: Entscheidung neu bewertet; Aktivität bei fehlendem Live-Check nur als Proxy markiert.,PILOT,"Technical professional community with tooling/integration potential, but support and career noise expected.",VERIFY_ACTIVITY_FIRST,0
r/sre,DevOps_Cloud,DevOps-/Cloud-Engineers,MIXED,LEGACY_647,BRAUCHEN_CORE,A,PRIMARY_DISCOVERY,JA,WAHRSCHEINLICH_AKTIV_PROXY,MEDIUM,Aktivität aus gelieferten Mitglieder-/Wachstumsdaten abgeleitet; nicht live verifiziert.,HIGH,LOW,,"Berufs-/Business-Community mit hoher Chance auf konkrete Workflow-, Software- und Zahlungsprobleme.",500,52000,16000,Streng,3.001,https://www.reddit.com/r/sre/,https://www.reddit.com/r/sre/new/,,Legacy-Seed: Entscheidung neu bewertet; Aktivität bei fehlendem Live-Check nur als Proxy markiert.,PILOT,"Technical professional community with tooling/integration potential, but support and career noise expected.",VERIFY_ACTIVITY_FIRST,0
r/sysadmin,DevOps_Cloud,DevOps-/Cloud-Engineers,MIXED,LEGACY_647,BRAUCHEN_CORE,A,PRIMARY_DISCOVERY,NEIN_BIS_GEPRUEFT,PRUEFEN,LOW,Keine verwertbaren Aktivitätsmetriken in der gelieferten Legacy-Datei.,HIGH,LOW,,"Berufs-/Business-Community mit hoher Chance auf konkrete Workflow-, Software- und Zahlungsprobleme.",500,,,Streng,1.8,https://www.reddit.com/r/sysadmin/,https://www.reddit.com/r/sysadmin/new/,,Legacy-Seed: Entscheidung neu bewertet; Aktivität bei fehlendem Live-Check nur als Proxy markiert.,PILOT,"Technical professional community with tooling/integration potential, but support and career noise expected.",VERIFY_ACTIVITY_FIRST,0
r/Terraform,DevOps_Cloud,DevOps-/Cloud-Engineers,MIXED,LEGACY_647,BRAUCHEN_TESTEN,B,EXPLORATION,JA,WAHRSCHEINLICH_AKTIV_PROXY,MEDIUM,Aktivität aus gelieferten Mitglieder-/Wachstumsdaten abgeleitet; nicht live verifiziert.,HIGH,LOW,,"Beruf/Prosumer-Mix; sinnvoller Pilot, tatsächlicher Research-Yield muss gemessen werden.",250,81000,15000,Streng,3.048,https://www.reddit.com/r/Terraform/,https://www.reddit.com/r/Terraform/new/,,Legacy-Seed: Entscheidung neu bewertet; Aktivität bei fehlendem Live-Check nur als Proxy markiert.,PILOT,"Technical professional community with tooling/integration potential, but support and career noise expected.",VERIFY_ACTIVITY_FIRST,0
r/academia,Education,"Lehrkräfte, Hochschulen, Beratung, Bibliotheken, Early Childhood und Instructional Design",PRACTITIONER / PROFESSIONAL,EXPANSION_314,BRAUCHEN_TESTEN,B,EXPLORATION,JA,ACTIVE_VERIFIED_2026-09,HIGH,Current /new feed checked via web in Sep 2026,HIGH,LOW,"Planung, Bewertung, Kommunikation, Dokumentation, Lernsysteme, Administration und Material",Sinnvoller Exploration-Pilot; Research-Yield messen.,250,,,,,https://www.reddit.com/r/academia/,https://www.reddit.com/r/academia/new/,2026-09-18,Current /new feed checked via web in Sep 2026,PILOT,Education professional community; test for admin/workflow/tool pain.,SCAN_SMALL_PILOT,150
r/Daycare,Education,Daycare operators/workers,PRACTITIONER / OWNER / BUYER,NEW_RECHECK_CANDIDATE,PRUEFEN,R,RECHECK,NEIN_BIS_GEPRUEFT,PRUEFEN,LOW,Web check returned unavailable/internal error; existence/activity not safely confirmed.,HIGH,LOW,,"Thematisch potenziell sehr wertvoll, aber vor automatischem Scan zuerst Existenz/Aktivität erneut prüfen.",0,,,,,https://www.reddit.com/r/Daycare/,https://www.reddit.com/r/Daycare/new/,,"Nicht automatisch scannen, bis der Source-Health-Check erfolgreich war.",PILOT,Education professional community; test for admin/workflow/tool pain.,VERIFY_ACTIVITY_FIRST,0
r/ECEProfessionals,Education,"Lehrkräfte, Hochschulen, Beratung, Bibliotheken, Early Childhood und Instructional Design",PRACTITIONER / PROFESSIONAL,EXPANSION_314,BRAUCHEN_TESTEN,B,EXPLORATION,JA,ACTIVE_VERIFIED_2026-09,HIGH,Current /new feed checked via web in Sep 2026,HIGH,LOW,"Planung, Bewertung, Kommunikation, Dokumentation, Lernsysteme, Administration und Material",Sinnvoller Exploration-Pilot; Research-Yield messen.,250,,,,,https://www.reddit.com/r/ECEProfessionals/,https://www.reddit.com/r/ECEProfessionals/new/,2026-09-18,Current /new feed checked via web in Sep 2026,PILOT,"Relevant practitioner/prosumer source, but signal density and buyer quality should be measured before permanent scanning.",SCAN_SMALL_PILOT,150
r/Professors,Education,"Lehrkräfte, Hochschulen, Beratung, Bibliotheken, Early Childhood und Instructional Design",PRACTITIONER / PROFESSIONAL,EXPANSION_314,BRAUCHEN_TESTEN,B,EXPLORATION,JA,ACTIVE_VERIFIED_2026-09,HIGH,Current /new feed checked via web in Sep 2026,HIGH,LOW,"Planung, Bewertung, Kommunikation, Dokumentation, Lernsysteme, Administration und Material",Sinnvoller Exploration-Pilot; Research-Yield messen.,250,,,,,https://www.reddit.com/r/Professors/,https://www.reddit.com/r/Professors/new/,2026-09-18,Current /new feed checked via web in Sep 2026,PILOT,"Relevant practitioner/prosumer source, but signal density and buyer quality should be measured before permanent scanning.",SCAN_SMALL_PILOT,150
r/schoolcounseling,Education,"Lehrkräfte, Hochschulen, Beratung, Bibliotheken, Early Childhood und Instructional Design",PRACTITIONER / PROFESSIONAL,EXPANSION_314,BRAUCHEN_TESTEN,B,EXPLORATION,JA,ACTIVE_VERIFIED_2026-09,HIGH,Current /new feed checked via web in Sep 2026,HIGH,LOW,"Planung, Bewertung, Kommunikation, Dokumentation, Lernsysteme, Administration und Material",Sinnvoller Exploration-Pilot; Research-Yield messen.,250,,,,,https://www.reddit.com/r/schoolcounseling/,https://www.reddit.com/r/schoolcounseling/new/,2026-09-18,Current /new feed checked via web in Sep 2026,PILOT,"Relevant practitioner/prosumer source, but signal density and buyer quality should be measured before permanent scanning.",SCAN_SMALL_PILOT,150
r/SchoolCounselors,Education,School counselors,PRACTITIONER / OWNER / BUYER,NEW_RECHECK_CANDIDATE,PRUEFEN,R,RECHECK,NEIN_BIS_GEPRUEFT,PRUEFEN,LOW,Web check returned unavailable/internal error; existence/activity not safely confirmed.,HIGH,LOW,,"Thematisch potenziell sehr wertvoll, aber vor automatischem Scan zuerst Existenz/Aktivität erneut prüfen.",0,,,,,https://www.reddit.com/r/SchoolCounselors/,https://www.reddit.com/r/SchoolCounselors/new/,,"Nicht automatisch scannen, bis der Source-Health-Check erfolgreich war.",PILOT,Education professional community; test for admin/workflow/tool pain.,VERIFY_ACTIVITY_FIRST,0
r/specialed,Education,"Lehrkräfte, Hochschulen, Beratung, Bibliotheken, Early Childhood und Instructional Design",PRACTITIONER / PROFESSIONAL,EXPANSION_314,BRAUCHEN_TESTEN,B,EXPLORATION,JA,ACTIVE_VERIFIED_2026-09,HIGH,Current /new feed checked via web in Sep 2026,HIGH,LOW,"Planung, Bewertung, Kommunikation, Dokumentation, Lernsysteme, Administration und Material",Sinnvoller Exploration-Pilot; Research-Yield messen.,250,,,,,https://www.reddit.com/r/specialed/,https://www.reddit.com/r/specialed/new/,2026-09-18,Current /new feed checked via web in Sep 2026,PILOT,"Relevant practitioner/prosumer source, but signal density and buyer quality should be measured before permanent scanning.",SCAN_SMALL_PILOT,150
r/Teachers,Education,"Lernende, Studenten, Lehrer",MIXED,LEGACY_647,BRAUCHEN_TESTEN,B,EXPLORATION,NEIN_BIS_GEPRUEFT,PRUEFEN,LOW,Keine verwertbaren Aktivitätsmetriken in der gelieferten Legacy-Datei.,MEDIUM,LOW,,"Beruf/Prosumer-Mix; sinnvoller Pilot, tatsächlicher Research-Yield muss gemessen werden.",250,,,Streng,1.8,https://www.reddit.com/r/Teachers/,https://www.reddit.com/r/Teachers/new/,,Legacy-Seed: Entscheidung neu bewertet; Aktivität bei fehlendem Live-Check nur als Proxy markiert.,PILOT,"Relevant practitioner/prosumer source, but signal density and buyer quality should be measured before permanent scanning.",VERIFY_ACTIVITY_FIRST,0
r/Tutors,Education,Tutors / tutoring businesses,MIXED / PROSUMER,NEW_WEB_RESEARCH,BRAUCHEN_TESTEN,B,EXPLORATION,JA,ACTIVE_VERIFIED_2026-09,HIGH,Reddit /new page checked via web research in September 2026.,HIGH,LOW,"Scheduling, lesson plans, billing, client acquisition, progress tracking","Aktive, relevante Nischen-/Prosumer-Community; als Exploration sinnvoll.",250,,,,,https://www.reddit.com/r/Tutors/,https://www.reddit.com/r/Tutors/new/,2026-09-18,Zusätzlich nach der 314er-Erweiterung gefunden und gegen vorhandene Namen dedupliziert.,PILOT,"Relevant practitioner/prosumer source, but signal density and buyer quality should be measured before permanent scanning.",SCAN_SMALL_PILOT,150
r/Newsletters,Email_Newsletter,Newsletter-/E-Mail-Marketer,MIXED,LEGACY_647,SEKUNDAER,S,SECONDARY_SIGNAL,NUR_SEKUNDAER,AKTIV_NISCHE_PROXY,MEDIUM,Kleinere/nischige Community laut Legacy-Daten; vor großem Scan live prüfen.,MEDIUM,LOW,,"Kann ergänzende Markt-, Tool-, Trend- oder Zahlungs-Signale liefern, aber nicht als Kernquelle priorisieren.",150,13000,,Eingeschraenkt - Mehrwert,3.317,https://www.reddit.com/r/Newsletters/,https://www.reddit.com/r/Newsletters/new/,,Legacy-Seed: Entscheidung neu bewertet; Aktivität bei fehlendem Live-Check nur als Proxy markiert.,PILOT,Professional/monetizable workflow source with variable buyer authority; suitable for measured pilot.,VERIFY_ACTIVITY_FIRST,0
r/Substack,Email_Newsletter,Newsletter-/E-Mail-Marketer,MIXED,LEGACY_647,SEKUNDAER,S,SECONDARY_SIGNAL,NUR_SEKUNDAER,WAHRSCHEINLICH_AKTIV_PROXY,MEDIUM,Aktivität aus gelieferten Mitglieder-/Wachstumsdaten abgeleitet; nicht live verifiziert.,MEDIUM,LOW,,"Kann ergänzende Markt-, Tool-, Trend- oder Zahlungs-Signale liefern, aber nicht als Kernquelle priorisieren.",150,50000,24000,Eingeschraenkt - Mehrwert,4.112,https://www.reddit.com/r/Substack/,https://www.reddit.com/r/Substack/new/,,Legacy-Seed: Entscheidung neu bewertet; Aktivität bei fehlendem Live-Check nur als Proxy markiert.,PILOT,Professional/monetizable workflow source with variable buyer authority; suitable for measured pilot.,VERIFY_ACTIVITY_FIRST,0
r/cad,Engineering,Ingenieure (Mechanik/Elektro/CAD),MIXED,LEGACY_647,BRAUCHEN_TESTEN,B,EXPLORATION,NEIN_BIS_GEPRUEFT,PRUEFEN,LOW,Keine verwertbaren Aktivitätsmetriken in der gelieferten Legacy-Datei.,HIGH,LOW,,"Beruf/Prosumer-Mix; sinnvoller Pilot, tatsächlicher Research-Yield muss gemessen werden.",250,,,Streng,1.8,https://www.reddit.com/r/cad/,https://www.reddit.com/r/cad/new/,,Legacy-Seed: Entscheidung neu bewertet; Aktivität bei fehlendem Live-Check nur als Proxy markiert.,PILOT,"Technical professional community with tooling/integration potential, but support and career noise expected.",VERIFY_ACTIVITY_FIRST,0
r/ECE,Engineering,Ingenieure (Mechanik/Elektro/CAD),MIXED,LEGACY_647,BRAUCHEN_TESTEN,B,EXPLORATION,NEIN_BIS_GEPRUEFT,PRUEFEN,LOW,Keine verwertbaren Aktivitätsmetriken in der gelieferten Legacy-Datei.,HIGH,LOW,,"Beruf/Prosumer-Mix; sinnvoller Pilot, tatsächlicher Research-Yield muss gemessen werden.",250,,,Streng,1.8,https://www.reddit.com/r/ECE/,https://www.reddit.com/r/ECE/new/,,Legacy-Seed: Entscheidung neu bewertet; Aktivität bei fehlendem Live-Check nur als Proxy markiert.,PILOT,"Technical professional community with tooling/integration potential, but support and career noise expected.",VERIFY_ACTIVITY_FIRST,0
r/electronics,Engineering,Ingenieure (Mechanik/Elektro/CAD),MIXED,LEGACY_647,BRAUCHEN_TESTEN,B,EXPLORATION,NEIN_BIS_GEPRUEFT,PRUEFEN,LOW,Keine verwertbaren Aktivitätsmetriken in der gelieferten Legacy-Datei.,HIGH,LOW,,"Beruf/Prosumer-Mix; sinnvoller Pilot, tatsächlicher Research-Yield muss gemessen werden.",250,,,Streng,1.8,https://www.reddit.com/r/electronics/,https://www.reddit.com/r/electronics/new/,,Legacy-Seed: Entscheidung neu bewertet; Aktivität bei fehlendem Live-Check nur als Proxy markiert.,PILOT,"Technical professional community with tooling/integration potential, but support and career noise expected.",VERIFY_ACTIVITY_FIRST,0
r/engineering,Engineering,Ingenieure (Mechanik/Elektro/CAD),MIXED,LEGACY_647,BRAUCHEN_TESTEN,B,EXPLORATION,NEIN_BIS_GEPRUEFT,PRUEFEN,LOW,Keine verwertbaren Aktivitätsmetriken in der gelieferten Legacy-Datei.,HIGH,LOW,,"Beruf/Prosumer-Mix; sinnvoller Pilot, tatsächlicher Research-Yield muss gemessen werden.",250,,,Streng,1.8,https://www.reddit.com/r/engineering/,https://www.reddit.com/r/engineering/new/,,Legacy-Seed: Entscheidung neu bewertet; Aktivität bei fehlendem Live-Check nur als Proxy markiert.,PILOT,"Technical professional community with tooling/integration potential, but support and career noise expected.",VERIFY_ACTIVITY_FIRST,0
r/MechanicalEngineering,Engineering,Ingenieure (Mechanik/Elektro/CAD),MIXED,LEGACY_647,BRAUCHEN_TESTEN,B,EXPLORATION,NEIN_BIS_GEPRUEFT,PRUEFEN,LOW,Keine verwertbaren Aktivitätsmetriken in der gelieferten Legacy-Datei.,HIGH,LOW,,"Beruf/Prosumer-Mix; sinnvoller Pilot, tatsächlicher Research-Yield muss gemessen werden.",250,,,Streng,1.8,https://www.reddit.com/r/MechanicalEngineering/,https://www.reddit.com/r/MechanicalEngineering/new/,,Legacy-Seed: Entscheidung neu bewertet; Aktivität bei fehlendem Live-Check nur als Proxy markiert.,PILOT,"Technical professional community with tooling/integration potential, but support and career noise expected.",VERIFY_ACTIVITY_FIRST,0
r/SolidWorks,Engineering,Ingenieure (Mechanik/Elektro/CAD),MIXED,LEGACY_647,BRAUCHEN_TESTEN,B,EXPLORATION,NEIN_BIS_GEPRUEFT,PRUEFEN,LOW,Keine verwertbaren Aktivitätsmetriken in der gelieferten Legacy-Datei.,HIGH,LOW,,"Beruf/Prosumer-Mix; sinnvoller Pilot, tatsächlicher Research-Yield muss gemessen werden.",250,,,Streng,1.8,https://www.reddit.com/r/SolidWorks/,https://www.reddit.com/r/SolidWorks/new/,,Legacy-Seed: Entscheidung neu bewertet; Aktivität bei fehlendem Live-Check nur als Proxy markiert.,PILOT,"Technical professional community with tooling/integration potential, but support and career noise expected.",VERIFY_ACTIVITY_FIRST,0
r/Homebrewing,Food_Cooking,"Hobbykoeche, Foodies",MIXED,LEGACY_647,HOBBY_PROSUMER,C,HOBBY_PROSUMER,NEIN_BIS_GEPRUEFT,PRUEFEN,LOW,Keine verwertbaren Aktivitätsmetriken in der gelieferten Legacy-Datei.,MEDIUM,LOW,,"Aktive Hobby-/Prosumer-Zielgruppe; interessant für Tools, Commerce, Organisation und Side-Hustles, aber geringere B2B-Priorität.",150,,,Streng - Mehrwert/Rezepte,1.8,https://www.reddit.com/r/Homebrewing/,https://www.reddit.com/r/Homebrewing/new/,,Legacy-Seed: Entscheidung neu bewertet; Aktivität bei fehlendem Live-Check nur als Proxy markiert.,PILOT,"Relevant practitioner/prosumer source, but signal density and buyer quality should be measured before permanent scanning.",VERIFY_ACTIVITY_FIRST,0
r/Coffee_Roasting,Food_Hobbies_Prosumers,Coffee roasters,PRACTITIONER / OWNER / BUYER,NEW_RECHECK_CANDIDATE,PRUEFEN,R,RECHECK,NEIN_BIS_GEPRUEFT,PRUEFEN,LOW,Web check returned unavailable/internal error; existence/activity not safely confirmed.,MEDIUM,LOW,,"Thematisch potenziell sehr wertvoll, aber vor automatischem Scan zuerst Existenz/Aktivität erneut prüfen.",0,,,,,https://www.reddit.com/r/Coffee_Roasting/,https://www.reddit.com/r/Coffee_Roasting/new/,,"Nicht automatisch scannen, bis der Source-Health-Check erfolgreich war.",PILOT,"Relevant practitioner/prosumer source, but signal density and buyer quality should be measured before permanent scanning.",VERIFY_ACTIVITY_FIRST,0
r/roasting,Food_Hobbies_Prosumers,Food- und Beverage-Prosumer,HOBBY_PROSUMER,EXPANSION_314,HOBBY_PROSUMER,C,HOBBY_PROSUMER,JA_LIGHT,ACTIVE_NICHE_VERIFIED_2026-09,HIGH,Current /new feed checked via web in Sep 2026,HIGH,LOW,"Rezepte, Chargen, Messwerte, Inventar, Geräte, Prozess-Tracking und Dokumentation",Hobby-/Prosumer-Quelle; nur leicht scannen und auf Tools/Commerce/Organisation fokussieren.,150,,,,,https://www.reddit.com/r/roasting/,https://www.reddit.com/r/roasting/new/,2026-09-18,Current /new feed checked via web in Sep 2026,PILOT,"Relevant practitioner/prosumer source, but signal density and buyer quality should be measured before permanent scanning.",SCAN_SMALL_PILOT,150
r/winemaking,Food_Hobbies_Prosumers,Food- und Beverage-Prosumer,HOBBY_PROSUMER,EXPANSION_314,HOBBY_PROSUMER,C,HOBBY_PROSUMER,JA_LIGHT,ACTIVE_VERIFIED_2026-09,HIGH,Current /new feed checked via web in Sep 2026,HIGH,LOW,"Rezepte, Chargen, Messwerte, Inventar, Geräte, Prozess-Tracking und Dokumentation",Hobby-/Prosumer-Quelle; nur leicht scannen und auf Tools/Commerce/Organisation fokussieren.,150,,,,,https://www.reddit.com/r/winemaking/,https://www.reddit.com/r/winemaking/new/,2026-09-18,Current /new feed checked via web in Sep 2026,PILOT,"Relevant practitioner/prosumer source, but signal density and buyer quality should be measured before permanent scanning.",SCAN_SMALL_PILOT,150
r/Fiverr,Freelance,"Freelancer, For-Hire",MIXED,LEGACY_647,SEKUNDAER,S,SECONDARY_SIGNAL,NUR_SEKUNDAER,WAHRSCHEINLICH_AKTIV_PROXY,MEDIUM,Aktivität aus gelieferten Mitglieder-/Wachstumsdaten abgeleitet; nicht live verifiziert.,MEDIUM,LOW,,"Kann ergänzende Markt-, Tool-, Trend- oder Zahlungs-Signale liefern, aber nicht als Kernquelle priorisieren.",150,76000,,Ja - aber feste For-Hire-Formate,4.886,https://www.reddit.com/r/Fiverr/,https://www.reddit.com/r/Fiverr/new/,,Legacy-Seed: Entscheidung neu bewertet; Aktivität bei fehlendem Live-Check nur als Proxy markiert.,PILOT,"Relevant practitioner/prosumer source, but signal density and buyer quality should be measured before permanent scanning.",VERIFY_ACTIVITY_FIRST,0
r/forhire,Freelance,"Freelancer, For-Hire",MIXED,LEGACY_647,SEKUNDAER,S,SECONDARY_SIGNAL,NUR_SEKUNDAER,WAHRSCHEINLICH_AKTIV_PROXY,MEDIUM,Aktivität aus gelieferten Mitglieder-/Wachstumsdaten abgeleitet; nicht live verifiziert.,MEDIUM,LOW,,"Founder-/Promo-/Job-Community: nicht primär scannen; höchstens für Nachfrage-, Tool-, Job- oder Zahlungs-Signale.",150,630000,151000,Ja - aber feste For-Hire-Formate,6.016,https://www.reddit.com/r/forhire/,https://www.reddit.com/r/forhire/new/,,Legacy-Seed: Entscheidung neu bewertet; Aktivität bei fehlendem Live-Check nur als Proxy markiert.,PILOT,Professional/monetizable workflow source with variable buyer authority; suitable for measured pilot.,VERIFY_ACTIVITY_FIRST,0
r/freelance,Freelance,"Freelancer, For-Hire",MIXED,LEGACY_647,SEKUNDAER,S,SECONDARY_SIGNAL,NUR_SEKUNDAER,WAHRSCHEINLICH_AKTIV_PROXY,MEDIUM,Aktivität aus gelieferten Mitglieder-/Wachstumsdaten abgeleitet; nicht live verifiziert.,MEDIUM,LOW,,"Kann ergänzende Markt-, Tool-, Trend- oder Zahlungs-Signale liefern, aber nicht als Kernquelle priorisieren.",150,675000,80000,Ja - aber feste For-Hire-Formate,5.937,https://www.reddit.com/r/freelance/,https://www.reddit.com/r/freelance/new/,,Legacy-Seed: Entscheidung neu bewertet; Aktivität bei fehlendem Live-Check nur als Proxy markiert.,PILOT,"Relevant practitioner/prosumer source, but signal density and buyer quality should be measured before permanent scanning.",VERIFY_ACTIVITY_FIRST,0
r/freelance_forhire,Freelance,"Freelancer, For-Hire",MIXED,LEGACY_647,SEKUNDAER,S,SECONDARY_SIGNAL,NUR_SEKUNDAER,WAHRSCHEINLICH_AKTIV_PROXY,MEDIUM,Aktivität aus gelieferten Mitglieder-/Wachstumsdaten abgeleitet; nicht live verifiziert.,MEDIUM,LOW,,"Founder-/Promo-/Job-Community: nicht primär scannen; höchstens für Nachfrage-, Tool-, Job- oder Zahlungs-Signale.",150,446000,325000,Ja - aber feste For-Hire-Formate,6.306,https://www.reddit.com/r/freelance_forhire/,https://www.reddit.com/r/freelance_forhire/new/,,Legacy-Seed: Entscheidung neu bewertet; Aktivität bei fehlendem Live-Check nur als Proxy markiert.,PILOT,Professional/monetizable workflow source with variable buyer authority; suitable for measured pilot.,VERIFY_ACTIVITY_FIRST,0
r/Freelancers,Freelance,"Freelancer, For-Hire",MIXED,LEGACY_647,SEKUNDAER,S,SECONDARY_SIGNAL,NUR_SEKUNDAER,WAHRSCHEINLICH_AKTIV_PROXY,MEDIUM,Aktivität aus gelieferten Mitglieder-/Wachstumsdaten abgeleitet; nicht live verifiziert.,MEDIUM,LOW,,"Kann ergänzende Markt-, Tool-, Trend- oder Zahlungs-Signale liefern, aber nicht als Kernquelle priorisieren.",150,55000,32000,Ja - aber feste For-Hire-Formate,5.272,https://www.reddit.com/r/Freelancers/,https://www.reddit.com/r/Freelancers/new/,,Legacy-Seed: Entscheidung neu bewertet; Aktivität bei fehlendem Live-Check nur als Proxy markiert.,PILOT,"Relevant practitioner/prosumer source, but signal density and buyer quality should be measured before permanent scanning.",VERIFY_ACTIVITY_FIRST,0
r/freelanceWriters,Freelance,"Freelancer, For-Hire",MIXED,LEGACY_647,SEKUNDAER,S,SECONDARY_SIGNAL,NUR_SEKUNDAER,WAHRSCHEINLICH_AKTIV_PROXY,MEDIUM,Aktivität aus gelieferten Mitglieder-/Wachstumsdaten abgeleitet; nicht live verifiziert.,MEDIUM,LOW,,"Kann ergänzende Markt-, Tool-, Trend- oder Zahlungs-Signale liefern, aber nicht als Kernquelle priorisieren.",150,194000,24000,Ja - aber feste For-Hire-Formate,5.401,https://www.reddit.com/r/freelanceWriters/,https://www.reddit.com/r/freelanceWriters/new/,,Legacy-Seed: Entscheidung neu bewertet; Aktivität bei fehlendem Live-Check nur als Proxy markiert.,PILOT,"Relevant practitioner/prosumer source, but signal density and buyer quality should be measured before permanent scanning.",VERIFY_ACTIVITY_FIRST,0
r/Upwork,Freelance,"Freelancer, For-Hire",MIXED,LEGACY_647,SEKUNDAER,S,SECONDARY_SIGNAL,NUR_SEKUNDAER,WAHRSCHEINLICH_AKTIV_PROXY,MEDIUM,Aktivität aus gelieferten Mitglieder-/Wachstumsdaten abgeleitet; nicht live verifiziert.,MEDIUM,LOW,,"Kann ergänzende Markt-, Tool-, Trend- oder Zahlungs-Signale liefern, aber nicht als Kernquelle priorisieren.",150,181000,63000,Ja - aber feste For-Hire-Formate,5.573,https://www.reddit.com/r/Upwork/,https://www.reddit.com/r/Upwork/new/,,Legacy-Seed: Entscheidung neu bewertet; Aktivität bei fehlendem Live-Check nur als Proxy markiert.,PILOT,"Relevant practitioner/prosumer source, but signal density and buyer quality should be measured before permanent scanning.",VERIFY_ACTIVITY_FIRST,0
r/WorkOnline,Freelance,"Freelancer, For-Hire",MIXED,LEGACY_647,SEKUNDAER,S,SECONDARY_SIGNAL,NUR_SEKUNDAER,WAHRSCHEINLICH_AKTIV_PROXY,MEDIUM,Aktivität aus gelieferten Mitglieder-/Wachstumsdaten abgeleitet; nicht live verifiziert.,MEDIUM,LOW,,"Founder-/Promo-/Job-Community: nicht primär scannen; höchstens für Nachfrage-, Tool-, Job- oder Zahlungs-Signale.",150,744000,88000,Ja - aber feste For-Hire-Formate,5.979,https://www.reddit.com/r/WorkOnline/,https://www.reddit.com/r/WorkOnline/new/,,Legacy-Seed: Entscheidung neu bewertet; Aktivität bei fehlendem Live-Check nur als Proxy markiert.,PILOT,Professional/monetizable workflow source with variable buyer authority; suitable for measured pilot.,VERIFY_ACTIVITY_FIRST,0
r/Beekeeping,Gardening,"Gaertner, Pflanzen-Fans",MIXED,LEGACY_647,HOBBY_PROSUMER,C,HOBBY_PROSUMER,NEIN_BIS_GEPRUEFT,PRUEFEN,LOW,Keine verwertbaren Aktivitätsmetriken in der gelieferten Legacy-Datei.,MEDIUM,LOW,,"Aktive Hobby-/Prosumer-Zielgruppe; interessant für Tools, Commerce, Organisation und Side-Hustles, aber geringere B2B-Priorität.",150,,,Streng - nur ueber Mehrwert,1.8,https://www.reddit.com/r/Beekeeping/,https://www.reddit.com/r/Beekeeping/new/,,Legacy-Seed: Entscheidung neu bewertet; Aktivität bei fehlendem Live-Check nur als Proxy markiert.,PILOT,"Relevant practitioner/prosumer source, but signal density and buyer quality should be measured before permanent scanning.",VERIFY_ACTIVITY_FIRST,0
r/DentalAssistant,Healthcare_Clinical,"Gesundheitsberufe, Praxen, Labore und klinische Fachkräfte",PRACTITIONER / PROFESSIONAL,EXPANSION_314,BRAUCHEN_TESTEN,B,EXPLORATION,JA,ACTIVE_NICHE_VERIFIED_2026-09,HIGH,Current /new feed checked via web in Sep 2026,MEDIUM,HIGH,"Dokumentation, Terminierung, Abrechnung, Übergaben, Software, Verwaltung, wiederkehrende klinische Workflows",Sinnvoller Exploration-Pilot; Research-Yield messen.,250,,,,,https://www.reddit.com/r/DentalAssistant/,https://www.reddit.com/r/DentalAssistant/new/,2026-09-18,Current /new feed checked via web in Sep 2026,PILOT,Professional healthcare source; potentially useful operational pain but requires workflow-only extraction and sensitive-data safeguards.,SCAN_SMALL_PILOT,150
r/DentalHygiene,Healthcare_Clinical,"Gesundheitsberufe, Praxen, Labore und klinische Fachkräfte",PRACTITIONER / PROFESSIONAL,EXPANSION_314,BRAUCHEN_TESTEN,B,EXPLORATION,JA,ACTIVE_VERIFIED_2026-09,HIGH,Current /new feed checked via web in Sep 2026,MEDIUM,HIGH,"Dokumentation, Terminierung, Abrechnung, Übergaben, Software, Verwaltung, wiederkehrende klinische Workflows",Sinnvoller Exploration-Pilot; Research-Yield messen.,250,,,,,https://www.reddit.com/r/DentalHygiene/,https://www.reddit.com/r/DentalHygiene/new/,2026-09-18,Current /new feed checked via web in Sep 2026,PILOT,"Relevant practitioner/prosumer source, but signal density and buyer quality should be measured before permanent scanning.",SCAN_SMALL_PILOT,150
r/Dentistry,Healthcare_Clinical,"Gesundheitsberufe, Praxen, Labore und klinische Fachkräfte",PRACTITIONER / PROFESSIONAL,EXPANSION_314,BRAUCHEN_CORE,A,PRIMARY_DISCOVERY,JA,ACTIVE_VERIFIED_2026-09,HIGH,Current /new feed checked via web in Sep 2026,MEDIUM,HIGH,"Dokumentation, Terminierung, Abrechnung, Übergaben, Software, Verwaltung, wiederkehrende klinische Workflows",Sehr guter Practitioner-/Business-Kandidat für Pain-Point-Research.,500,,,,,https://www.reddit.com/r/Dentistry/,https://www.reddit.com/r/Dentistry/new/,2026-09-18,Current /new feed checked via web in Sep 2026,PILOT,"Relevant practitioner/prosumer source, but signal density and buyer quality should be measured before permanent scanning.",SCAN_SMALL_PILOT,150
r/ems,Healthcare_Clinical,"Gesundheitsberufe, Praxen, Labore und klinische Fachkräfte",PRACTITIONER / PROFESSIONAL,EXPANSION_314,BRAUCHEN_TESTEN,B,EXPLORATION,JA,ACTIVE_VERIFIED_2026-09,HIGH,Current /new feed checked via web in Sep 2026,MEDIUM,HIGH,"Dokumentation, Terminierung, Abrechnung, Übergaben, Software, Verwaltung, wiederkehrende klinische Workflows",Sinnvoller Exploration-Pilot; Research-Yield messen.,250,,,,,https://www.reddit.com/r/ems/,https://www.reddit.com/r/ems/new/,2026-09-18,Current /new feed checked via web in Sep 2026,PILOT,Professional healthcare source; potentially useful operational pain but requires workflow-only extraction and sensitive-data safeguards.,SCAN_SMALL_PILOT,150
r/MedicalAssistants,Healthcare_Clinical,Medical assistants,PRACTITIONER / OWNER / BUYER,NEW_RECHECK_CANDIDATE,PRUEFEN,R,RECHECK,NEIN_BIS_GEPRUEFT,PRUEFEN,LOW,Web check returned unavailable/internal error; existence/activity not safely confirmed.,MEDIUM,HIGH,,"Thematisch potenziell sehr wertvoll, aber vor automatischem Scan zuerst Existenz/Aktivität erneut prüfen.",0,,,,,https://www.reddit.com/r/MedicalAssistants/,https://www.reddit.com/r/MedicalAssistants/new/,,"Nicht automatisch scannen, bis der Source-Health-Check erfolgreich war.",PILOT,"Relevant practitioner/prosumer source, but signal density and buyer quality should be measured before permanent scanning.",VERIFY_ACTIVITY_FIRST,0
r/medicine,Healthcare_Clinical,"Gesundheitsberufe, Praxen, Labore und klinische Fachkräfte",PRACTITIONER / PROFESSIONAL,EXPANSION_314,BRAUCHEN_TESTEN,B,EXPLORATION,JA,ACTIVE_VERIFIED_2026-09,HIGH,Current /new feed checked via web in Sep 2026,MEDIUM,HIGH,"Dokumentation, Terminierung, Abrechnung, Übergaben, Software, Verwaltung, wiederkehrende klinische Workflows",Sinnvoller Exploration-Pilot; Research-Yield messen.,250,,,,,https://www.reddit.com/r/medicine/,https://www.reddit.com/r/medicine/new/,2026-09-18,Current /new feed checked via web in Sep 2026,PILOT,Professional healthcare source; potentially useful operational pain but requires workflow-only extraction and sensitive-data safeguards.,SCAN_SMALL_PILOT,150
r/medlabprofessionals,Healthcare_Clinical,"Gesundheitsberufe, Praxen, Labore und klinische Fachkräfte",PRACTITIONER / PROFESSIONAL,EXPANSION_314,BRAUCHEN_TESTEN,B,EXPLORATION,JA,ACTIVE_VERIFIED_2026-09,HIGH,Current /new feed checked via web in Sep 2026,MEDIUM,HIGH,"Dokumentation, Terminierung, Abrechnung, Übergaben, Software, Verwaltung, wiederkehrende klinische Workflows",Sinnvoller Exploration-Pilot; Research-Yield messen.,250,,,,,https://www.reddit.com/r/medlabprofessionals/,https://www.reddit.com/r/medlabprofessionals/new/,2026-09-18,Current /new feed checked via web in Sep 2026,PILOT,"Relevant practitioner/prosumer source, but signal density and buyer quality should be measured before permanent scanning.",SCAN_SMALL_PILOT,150
r/NursePractitioner,Healthcare_Clinical,"Gesundheitsberufe, Praxen, Labore und klinische Fachkräfte",PRACTITIONER / PROFESSIONAL,EXPANSION_314,BRAUCHEN_TESTEN,B,EXPLORATION,JA,ACTIVE_VERIFIED_2026-09,HIGH,Current /new feed checked via web in Sep 2026,MEDIUM,HIGH,"Dokumentation, Terminierung, Abrechnung, Übergaben, Software, Verwaltung, wiederkehrende klinische Workflows",Sinnvoller Exploration-Pilot; Research-Yield messen.,250,,,,,https://www.reddit.com/r/NursePractitioner/,https://www.reddit.com/r/NursePractitioner/new/,2026-09-18,Current /new feed checked via web in Sep 2026,PILOT,"Relevant practitioner/prosumer source, but signal density and buyer quality should be measured before permanent scanning.",SCAN_SMALL_PILOT,150
r/nursing,Healthcare_Clinical,"Gesundheitsberufe, Praxen, Labore und klinische Fachkräfte",PRACTITIONER / PROFESSIONAL,EXPANSION_314,BRAUCHEN_TESTEN,B,EXPLORATION,JA,ACTIVE_VERIFIED_2026-09,HIGH,Current /new feed checked via web in Sep 2026,MEDIUM,HIGH,"Dokumentation, Terminierung, Abrechnung, Übergaben, Software, Verwaltung, wiederkehrende klinische Workflows",Sinnvoller Exploration-Pilot; Research-Yield messen.,250,,,,,https://www.reddit.com/r/nursing/,https://www.reddit.com/r/nursing/new/,2026-09-18,Current /new feed checked via web in Sep 2026,PILOT,"Relevant practitioner/prosumer source, but signal density and buyer quality should be measured before permanent scanning.",SCAN_SMALL_PILOT,150
r/OccupationalTherapists,Healthcare_Clinical,Occupational therapists,PRACTITIONER / OWNER / BUYER,NEW_RECHECK_CANDIDATE,PRUEFEN,R,RECHECK,NEIN_BIS_GEPRUEFT,PRUEFEN,LOW,Web check returned unavailable/internal error; existence/activity not safely confirmed.,MEDIUM,HIGH,,"Thematisch potenziell sehr wertvoll, aber vor automatischem Scan zuerst Existenz/Aktivität erneut prüfen.",0,,,,,https://www.reddit.com/r/OccupationalTherapists/,https://www.reddit.com/r/OccupationalTherapists/new/,,"Nicht automatisch scannen, bis der Source-Health-Check erfolgreich war.",PILOT,"Relevant practitioner/prosumer source, but signal density and buyer quality should be measured before permanent scanning.",VERIFY_ACTIVITY_FIRST,0
r/occupationaltherapy,Healthcare_Clinical,"Gesundheitsberufe, Praxen, Labore und klinische Fachkräfte",PRACTITIONER / PROFESSIONAL,EXPANSION_314,BRAUCHEN_TESTEN,B,EXPLORATION,JA,ACTIVE_VERIFIED_2026-09,HIGH,Current /new feed checked via web in Sep 2026,MEDIUM,HIGH,"Dokumentation, Terminierung, Abrechnung, Übergaben, Software, Verwaltung, wiederkehrende klinische Workflows",Sinnvoller Exploration-Pilot; Research-Yield messen.,250,,,,,https://www.reddit.com/r/occupationaltherapy/,https://www.reddit.com/r/occupationaltherapy/new/,2026-09-18,Current /new feed checked via web in Sep 2026,PILOT,Professional healthcare source; potentially useful operational pain but requires workflow-only extraction and sensitive-data safeguards.,SCAN_SMALL_PILOT,150
r/optometry,Healthcare_Clinical,"Gesundheitsberufe, Praxen, Labore und klinische Fachkräfte",PRACTITIONER / PROFESSIONAL,EXPANSION_314,BRAUCHEN_TESTEN,B,EXPLORATION,JA,ACTIVE_VERIFIED_2026-09,HIGH,Current /new feed checked via web in Sep 2026,MEDIUM,HIGH,"Dokumentation, Terminierung, Abrechnung, Übergaben, Software, Verwaltung, wiederkehrende klinische Workflows",Sinnvoller Exploration-Pilot; Research-Yield messen.,250,,,,,https://www.reddit.com/r/optometry/,https://www.reddit.com/r/optometry/new/,2026-09-18,Current /new feed checked via web in Sep 2026,PILOT,"Relevant practitioner/prosumer source, but signal density and buyer quality should be measured before permanent scanning.",SCAN_SMALL_PILOT,150
r/Paramedics,Healthcare_Clinical,"Gesundheitsberufe, Praxen, Labore und klinische Fachkräfte",PRACTITIONER / PROFESSIONAL,EXPANSION_314,BRAUCHEN_TESTEN,B,EXPLORATION,JA,ACTIVE_VERIFIED_2026-09,HIGH,Current /new feed checked via web in Sep 2026,MEDIUM,HIGH,"Dokumentation, Terminierung, Abrechnung, Übergaben, Software, Verwaltung, wiederkehrende klinische Workflows",Sinnvoller Exploration-Pilot; Research-Yield messen.,250,,,,,https://www.reddit.com/r/Paramedics/,https://www.reddit.com/r/Paramedics/new/,2026-09-18,Current /new feed checked via web in Sep 2026,PILOT,"Relevant practitioner/prosumer source, but signal density and buyer quality should be measured before permanent scanning.",SCAN_SMALL_PILOT,150
r/pharmacy,Healthcare_Clinical,"Gesundheitsberufe, Praxen, Labore und klinische Fachkräfte",PRACTITIONER / PROFESSIONAL,EXPANSION_314,BRAUCHEN_TESTEN,B,EXPLORATION,JA,ACTIVE_VERIFIED_2026-09,HIGH,Current /new feed checked via web in Sep 2026,MEDIUM,HIGH,"Dokumentation, Terminierung, Abrechnung, Übergaben, Software, Verwaltung, wiederkehrende klinische Workflows",Sinnvoller Exploration-Pilot; Research-Yield messen.,250,,,,,https://www.reddit.com/r/pharmacy/,https://www.reddit.com/r/pharmacy/new/,2026-09-18,Current /new feed checked via web in Sep 2026,PILOT,"Relevant practitioner/prosumer source, but signal density and buyer quality should be measured before permanent scanning.",SCAN_SMALL_PILOT,150
r/PharmacyTechnicians,Healthcare_Clinical,Pharmacy technicians,PRACTITIONER / OWNER / BUYER,NEW_RECHECK_CANDIDATE,PRUEFEN,R,RECHECK,NEIN_BIS_GEPRUEFT,PRUEFEN,LOW,Web check returned unavailable/internal error; existence/activity not safely confirmed.,MEDIUM,HIGH,,"Thematisch potenziell sehr wertvoll, aber vor automatischem Scan zuerst Existenz/Aktivität erneut prüfen.",0,,,,,https://www.reddit.com/r/PharmacyTechnicians/,https://www.reddit.com/r/PharmacyTechnicians/new/,,"Nicht automatisch scannen, bis der Source-Health-Check erfolgreich war.",PILOT,"Relevant practitioner/prosumer source, but signal density and buyer quality should be measured before permanent scanning.",VERIFY_ACTIVITY_FIRST,0
r/PhysicalTherapists,Healthcare_Clinical,Physical therapists,MIXED / PROSUMER,NEW_WEB_RESEARCH,BRAUCHEN_TESTEN,B,EXPLORATION,JA,ACTIVE_NICHE_VERIFIED_2026-09,HIGH,Reddit /new page checked via web research in September 2026.,MEDIUM,HIGH,"Scheduling, documentation, exercises, billing, patient admin","Aktive, relevante Nischen-/Prosumer-Community; als Exploration sinnvoll.",250,,,,,https://www.reddit.com/r/PhysicalTherapists/,https://www.reddit.com/r/PhysicalTherapists/new/,2026-09-18,Zusätzlich nach der 314er-Erweiterung gefunden und gegen vorhandene Namen dedupliziert.,PILOT,"Relevant practitioner/prosumer source, but signal density and buyer quality should be measured before permanent scanning.",SCAN_SMALL_PILOT,150
r/physicianassistant,Healthcare_Clinical,"Gesundheitsberufe, Praxen, Labore und klinische Fachkräfte",PRACTITIONER / PROFESSIONAL,EXPANSION_314,BRAUCHEN_TESTEN,B,EXPLORATION,JA,ACTIVE_VERIFIED_2026-09,HIGH,Current /new feed checked via web in Sep 2026,MEDIUM,HIGH,"Dokumentation, Terminierung, Abrechnung, Übergaben, Software, Verwaltung, wiederkehrende klinische Workflows",Sinnvoller Exploration-Pilot; Research-Yield messen.,250,,,,,https://www.reddit.com/r/physicianassistant/,https://www.reddit.com/r/physicianassistant/new/,2026-09-18,Current /new feed checked via web in Sep 2026,PILOT,"Relevant practitioner/prosumer source, but signal density and buyer quality should be measured before permanent scanning.",SCAN_SMALL_PILOT,150
r/Radiology,Healthcare_Clinical,"Gesundheitsberufe, Praxen, Labore und klinische Fachkräfte",PRACTITIONER / PROFESSIONAL,EXPANSION_314,BRAUCHEN_TESTEN,B,EXPLORATION,JA,ACTIVE_VERIFIED_2026-09,HIGH,Current /new feed checked via web in Sep 2026,MEDIUM,HIGH,"Dokumentation, Terminierung, Abrechnung, Übergaben, Software, Verwaltung, wiederkehrende klinische Workflows",Sinnvoller Exploration-Pilot; Research-Yield messen.,250,,,,,https://www.reddit.com/r/Radiology/,https://www.reddit.com/r/Radiology/new/,2026-09-18,Current /new feed checked via web in Sep 2026,PILOT,Professional healthcare source; potentially useful operational pain but requires workflow-only extraction and sensitive-data safeguards.,SCAN_SMALL_PILOT,150
r/RadiologyTech,Healthcare_Clinical,Radiology technologists,MIXED / PROSUMER,NEW_WEB_RESEARCH,BRAUCHEN_TESTEN,B,EXPLORATION,JA,ACTIVE_VERIFIED_2026-09,HIGH,Reddit /new page checked via web research in September 2026.,MEDIUM,HIGH,"Shift/workflow, imaging ops, documentation, equipment, staffing","Aktive, relevante Nischen-/Prosumer-Community; als Exploration sinnvoll.",250,,,,,https://www.reddit.com/r/RadiologyTech/,https://www.reddit.com/r/RadiologyTech/new/,2026-09-18,Zusätzlich nach der 314er-Erweiterung gefunden und gegen vorhandene Namen dedupliziert.,PILOT,"Relevant practitioner/prosumer source, but signal density and buyer quality should be measured before permanent scanning.",SCAN_SMALL_PILOT,150
r/respiratorytherapy,Healthcare_Clinical,"Gesundheitsberufe, Praxen, Labore und klinische Fachkräfte",PRACTITIONER / PROFESSIONAL,EXPANSION_314,BRAUCHEN_TESTEN,B,EXPLORATION,JA,ACTIVE_VERIFIED_2026-09,HIGH,Current /new feed checked via web in Sep 2026,MEDIUM,HIGH,"Dokumentation, Terminierung, Abrechnung, Übergaben, Software, Verwaltung, wiederkehrende klinische Workflows",Sinnvoller Exploration-Pilot; Research-Yield messen.,250,,,,,https://www.reddit.com/r/respiratorytherapy/,https://www.reddit.com/r/respiratorytherapy/new/,2026-09-18,Current /new feed checked via web in Sep 2026,PILOT,"Relevant practitioner/prosumer source, but signal density and buyer quality should be measured before permanent scanning.",SCAN_SMALL_PILOT,150
r/slp,Healthcare_Clinical,"Gesundheitsberufe, Praxen, Labore und klinische Fachkräfte",PRACTITIONER / PROFESSIONAL,EXPANSION_314,BRAUCHEN_TESTEN,B,EXPLORATION,JA,ACTIVE_VERIFIED_2026-09,HIGH,Current /new feed checked via web in Sep 2026,MEDIUM,HIGH,"Dokumentation, Terminierung, Abrechnung, Übergaben, Software, Verwaltung, wiederkehrende klinische Workflows",Sinnvoller Exploration-Pilot; Research-Yield messen.,250,,,,,https://www.reddit.com/r/slp/,https://www.reddit.com/r/slp/new/,2026-09-18,Current /new feed checked via web in Sep 2026,PILOT,Professional healthcare source; potentially useful operational pain but requires workflow-only extraction and sensitive-data safeguards.,SCAN_SMALL_PILOT,150
r/Sonographers,Healthcare_Clinical,"Gesundheitsberufe, Praxen, Labore und klinische Fachkräfte",PRACTITIONER / PROFESSIONAL,EXPANSION_314,BRAUCHEN_TESTEN,B,EXPLORATION,JA,ACTIVE_NICHE_VERIFIED_2026-09,HIGH,Current /new feed checked via web in Sep 2026,MEDIUM,HIGH,"Dokumentation, Terminierung, Abrechnung, Übergaben, Software, Verwaltung, wiederkehrende klinische Workflows",Sinnvoller Exploration-Pilot; Research-Yield messen.,250,,,,,https://www.reddit.com/r/Sonographers/,https://www.reddit.com/r/Sonographers/new/,2026-09-18,Current /new feed checked via web in Sep 2026,PILOT,"Relevant practitioner/prosumer source, but signal density and buyer quality should be measured before permanent scanning.",SCAN_SMALL_PILOT,150
r/speechpathology,Healthcare_Clinical,Speech-language pathologists,MIXED / PROSUMER,NEW_WEB_RESEARCH,BRAUCHEN_TESTEN,B,EXPLORATION,JA,ACTIVE_NICHE_VERIFIED_2026-09,HIGH,Reddit /new page checked via web research in September 2026.,MEDIUM,HIGH,"Caseload, documentation, scheduling, therapy materials, billing","Aktive, relevante Nischen-/Prosumer-Community; als Exploration sinnvoll.",250,,,,,https://www.reddit.com/r/speechpathology/,https://www.reddit.com/r/speechpathology/new/,2026-09-18,Zusätzlich nach der 314er-Erweiterung gefunden und gegen vorhandene Namen dedupliziert.,PILOT,"Relevant practitioner/prosumer source, but signal density and buyer quality should be measured before permanent scanning.",SCAN_SMALL_PILOT,150
r/Ultrasound,Healthcare_Clinical,Ultrasound / sonography community,MIXED / PROSUMER,NEW_WEB_RESEARCH,BRAUCHEN_TESTEN,B,EXPLORATION,JA,ACTIVE_VERIFIED_2026-09,HIGH,Reddit /new page checked via web research in September 2026.,MEDIUM,HIGH,"Imaging workflow, training, reporting, equipment","Aktive, relevante Nischen-/Prosumer-Community; als Exploration sinnvoll.",250,,,,,https://www.reddit.com/r/Ultrasound/,https://www.reddit.com/r/Ultrasound/new/,2026-09-18,Zusätzlich nach der 314er-Erweiterung gefunden und gegen vorhandene Namen dedupliziert.,PILOT,Professional healthcare source; potentially useful operational pain but requires workflow-only extraction and sensitive-data safeguards.,SCAN_SMALL_PILOT,150
r/Veterinary,Healthcare_Clinical,"Gesundheitsberufe, Praxen, Labore und klinische Fachkräfte",PRACTITIONER / PROFESSIONAL,EXPANSION_314,BRAUCHEN_TESTEN,B,EXPLORATION,JA,ACTIVE_VERIFIED_2026-09,HIGH,Current /new feed checked via web in Sep 2026,MEDIUM,HIGH,"Dokumentation, Terminierung, Abrechnung, Übergaben, Software, Verwaltung, wiederkehrende klinische Workflows",Sinnvoller Exploration-Pilot; Research-Yield messen.,250,,,,,https://www.reddit.com/r/Veterinary/,https://www.reddit.com/r/Veterinary/new/,2026-09-18,Current /new feed checked via web in Sep 2026,PILOT,"Relevant practitioner/prosumer source, but signal density and buyer quality should be measured before permanent scanning.",SCAN_SMALL_PILOT,150
r/VetTech,Healthcare_Clinical,"Gesundheitsberufe, Praxen, Labore und klinische Fachkräfte",PRACTITIONER / PROFESSIONAL,EXPANSION_314,BRAUCHEN_TESTEN,B,EXPLORATION,JA,ACTIVE_VERIFIED_2026-09,HIGH,Current /new feed checked via web in Sep 2026,MEDIUM,HIGH,"Dokumentation, Terminierung, Abrechnung, Übergaben, Software, Verwaltung, wiederkehrende klinische Workflows",Sinnvoller Exploration-Pilot; Research-Yield messen.,250,,,,,https://www.reddit.com/r/VetTech/,https://www.reddit.com/r/VetTech/new/,2026-09-18,Current /new feed checked via web in Sep 2026,PILOT,"Relevant practitioner/prosumer source, but signal density and buyer quality should be measured before permanent scanning.",SCAN_SMALL_PILOT,150
r/firefighting,Nonprofit_PublicService,"Nonprofits, Grant Writer, Fundraising sowie öffentliche/Community-Berufe",PRACTITIONER / ORGANIZATION,EXPANSION_314,BRAUCHEN_CORE,A,PRIMARY_DISCOVERY,JA,ACTIVE_VERIFIED_2026-09,HIGH,Current /new feed checked via web in Sep 2026,MEDIUM,LOW,"Fördermittel, Spender, Dokumentation, Reporting, Einsatzplanung, Verwaltung",Sehr guter Practitioner-/Business-Kandidat für Pain-Point-Research.,500,,,,,https://www.reddit.com/r/firefighting/,https://www.reddit.com/r/firefighting/new/,2026-09-18,Current /new feed checked via web in Sep 2026,PILOT,Professional/monetizable workflow source with variable buyer authority; suitable for measured pilot.,SCAN_SMALL_PILOT,150
r/fundraising,Nonprofit_PublicService,"Nonprofits, Grant Writer, Fundraising sowie öffentliche/Community-Berufe",PRACTITIONER / ORGANIZATION,EXPANSION_314,BRAUCHEN_CORE,A,PRIMARY_DISCOVERY,NEIN_BIS_GEPRUEFT,PRUEFEN,LOW,Web check returned unavailable/error; verify before use,MEDIUM,LOW,"Fördermittel, Spender, Dokumentation, Reporting, Einsatzplanung, Verwaltung",Sehr guter Practitioner-/Business-Kandidat für Pain-Point-Research.,500,,,,,https://www.reddit.com/r/fundraising/,https://www.reddit.com/r/fundraising/new/,,Web check returned unavailable/error; verify before use,PILOT,"Relevant practitioner/prosumer source, but signal density and buyer quality should be measured before permanent scanning.",VERIFY_ACTIVITY_FIRST,0
r/grantwriting,Nonprofit_PublicService,"Nonprofits, Grant Writer, Fundraising sowie öffentliche/Community-Berufe",PRACTITIONER / ORGANIZATION,EXPANSION_314,BRAUCHEN_CORE,A,PRIMARY_DISCOVERY,JA,ACTIVE_VERIFIED_2026-09,HIGH,Current /new feed checked via web in Sep 2026,MEDIUM,LOW,"Fördermittel, Spender, Dokumentation, Reporting, Einsatzplanung, Verwaltung",Sehr guter Practitioner-/Business-Kandidat für Pain-Point-Research.,500,,,,,https://www.reddit.com/r/grantwriting/,https://www.reddit.com/r/grantwriting/new/,2026-09-18,Current /new feed checked via web in Sep 2026,PILOT,"Relevant practitioner/prosumer source, but signal density and buyer quality should be measured before permanent scanning.",SCAN_SMALL_PILOT,150
r/nonprofit,Nonprofit_PublicService,"Nonprofits, Grant Writer, Fundraising sowie öffentliche/Community-Berufe",PRACTITIONER / ORGANIZATION,EXPANSION_314,BRAUCHEN_CORE,A,PRIMARY_DISCOVERY,JA,ACTIVE_VERIFIED_2026-09,HIGH,Current /new feed checked via web in Sep 2026,MEDIUM,LOW,"Fördermittel, Spender, Dokumentation, Reporting, Einsatzplanung, Verwaltung",Sehr guter Practitioner-/Business-Kandidat für Pain-Point-Research.,500,,,,,https://www.reddit.com/r/nonprofit/,https://www.reddit.com/r/nonprofit/new/,2026-09-18,Current /new feed checked via web in Sep 2026,PILOT,"Relevant practitioner/prosumer source, but signal density and buyer quality should be measured before permanent scanning.",SCAN_SMALL_PILOT,150
r/ProtectAndServe,Nonprofit_PublicService,"Nonprofits, Grant Writer, Fundraising sowie öffentliche/Community-Berufe",PRACTITIONER / ORGANIZATION,EXPANSION_314,BRAUCHEN_CORE,A,PRIMARY_DISCOVERY,JA,ACTIVE_VERIFIED_2026-09,HIGH,Current /new feed checked via web in Sep 2026,MEDIUM,LOW,"Fördermittel, Spender, Dokumentation, Reporting, Einsatzplanung, Verwaltung",Sehr guter Practitioner-/Business-Kandidat für Pain-Point-Research.,500,,,,,https://www.reddit.com/r/ProtectAndServe/,https://www.reddit.com/r/ProtectAndServe/new/,2026-09-18,Current /new feed checked via web in Sep 2026,PILOT,Professional/monetizable workflow source with variable buyer authority; suitable for measured pilot.,SCAN_SMALL_PILOT,150
r/WeddingPhotography,Photography,Fotografen,MIXED,LEGACY_647,BRAUCHEN_CORE,A,PRIMARY_DISCOVERY,JA,WAHRSCHEINLICH_AKTIV_PROXY,MEDIUM,Aktivität aus gelieferten Mitglieder-/Wachstumsdaten abgeleitet; nicht live verifiziert.,HIGH,LOW,,"Berufs-/Business-Community mit hoher Chance auf konkrete Workflow-, Software- und Zahlungsprobleme.",500,78000,13000,Streng,3.029,https://www.reddit.com/r/WeddingPhotography/,https://www.reddit.com/r/WeddingPhotography/new/,,Legacy-Seed: Entscheidung neu bewertet; Aktivität bei fehlendem Live-Check nur als Proxy markiert.,PILOT,"Relevant practitioner/prosumer source, but signal density and buyer quality should be measured before permanent scanning.",VERIFY_ACTIVITY_FIRST,0
r/AmazonFlexDrivers,Side_Hustle_Gig,"Side-Hustler, Gig Worker, Fahrer, Shopper und lokale Plattformarbeiter",SIDE_HUSTLE / GIG_WORKER,EXPANSION_314,BRAUCHEN_TESTEN,B,EXPLORATION,JA,ACTIVE_VERIFIED_2026-09,HIGH,Current /new feed checked via web in Sep 2026,MEDIUM,LOW,"Einnahmen, Plattformprobleme, Routen, Aufträge, Ausgaben, Tracking, Kundenkommunikation, Automatisierung",Sinnvoller Exploration-Pilot; Research-Yield messen.,250,,,,,https://www.reddit.com/r/AmazonFlexDrivers/,https://www.reddit.com/r/AmazonFlexDrivers/new/,2026-09-18,Current /new feed checked via web in Sep 2026,PILOT,"Relevant practitioner/prosumer source, but signal density and buyer quality should be measured before permanent scanning.",SCAN_SMALL_PILOT,150
r/GigEconomy,Side_Hustle_Gig,Gig workers / platform workers,MIXED / PROSUMER,NEW_WEB_RESEARCH,BRAUCHEN_TESTEN,B,EXPLORATION,JA,ACTIVE_VERIFIED_2026-09,HIGH,Reddit /new page checked via web research in September 2026.,MEDIUM,LOW,"Platform workflows, payments, scheduling, disputes, expenses","Aktive, relevante Nischen-/Prosumer-Community; als Exploration sinnvoll.",250,,,,,https://www.reddit.com/r/GigEconomy/,https://www.reddit.com/r/GigEconomy/new/,2026-09-18,Zusätzlich nach der 314er-Erweiterung gefunden und gegen vorhandene Namen dedupliziert.,PILOT,"Relevant practitioner/prosumer source, but signal density and buyer quality should be measured before permanent scanning.",SCAN_SMALL_PILOT,150
r/GigWork,Side_Hustle_Gig,Gig workers,MIXED / PROSUMER,NEW_WEB_RESEARCH,BRAUCHEN_TESTEN,B,EXPLORATION,JA,ACTIVE_VERIFIED_2026-09,HIGH,Reddit /new page checked via web research in September 2026.,MEDIUM,LOW,"Multi-app work, earnings, scheduling, expenses, workflow","Aktive, relevante Nischen-/Prosumer-Community; als Exploration sinnvoll.",250,,,,,https://www.reddit.com/r/GigWork/,https://www.reddit.com/r/GigWork/new/,2026-09-18,Zusätzlich nach der 314er-Erweiterung gefunden und gegen vorhandene Namen dedupliziert.,PILOT,"Relevant practitioner/prosumer source, but signal density and buyer quality should be measured before permanent scanning.",SCAN_SMALL_PILOT,150
r/InstacartShoppers,Side_Hustle_Gig,"Side-Hustler, Gig Worker, Fahrer, Shopper und lokale Plattformarbeiter",SIDE_HUSTLE / GIG_WORKER,EXPANSION_314,BRAUCHEN_TESTEN,B,EXPLORATION,JA,ACTIVE_VERIFIED_2026-09,HIGH,Current /new feed checked via web in Sep 2026,MEDIUM,LOW,"Einnahmen, Plattformprobleme, Routen, Aufträge, Ausgaben, Tracking, Kundenkommunikation, Automatisierung",Sinnvoller Exploration-Pilot; Research-Yield messen.,250,,,,,https://www.reddit.com/r/InstacartShoppers/,https://www.reddit.com/r/InstacartShoppers/new/,2026-09-18,Current /new feed checked via web in Sep 2026,PILOT,"Relevant practitioner/prosumer source, but signal density and buyer quality should be measured before permanent scanning.",SCAN_SMALL_PILOT,150
r/RoverPetSitting,Side_Hustle_Gig,"Side-Hustler, Gig Worker, Fahrer, Shopper und lokale Plattformarbeiter",SIDE_HUSTLE / GIG_WORKER,EXPANSION_314,BRAUCHEN_CORE,A,PRIMARY_DISCOVERY,JA,ACTIVE_VERIFIED_2026-09,HIGH,Current /new feed checked via web in Sep 2026,MEDIUM,LOW,"Einnahmen, Plattformprobleme, Routen, Aufträge, Ausgaben, Tracking, Kundenkommunikation, Automatisierung",Sehr guter Practitioner-/Business-Kandidat für Pain-Point-Research.,500,,,,,https://www.reddit.com/r/RoverPetSitting/,https://www.reddit.com/r/RoverPetSitting/new/,2026-09-18,Current /new feed checked via web in Sep 2026,PILOT,"Relevant practitioner/prosumer source, but signal density and buyer quality should be measured before permanent scanning.",SCAN_SMALL_PILOT,150
r/ShiptShoppers,Side_Hustle_Gig,"Side-Hustler, Gig Worker, Fahrer, Shopper und lokale Plattformarbeiter",SIDE_HUSTLE / GIG_WORKER,EXPANSION_314,BRAUCHEN_TESTEN,B,EXPLORATION,JA,ACTIVE_VERIFIED_2026-09,HIGH,Current /new feed checked via web in Sep 2026,MEDIUM,LOW,"Einnahmen, Plattformprobleme, Routen, Aufträge, Ausgaben, Tracking, Kundenkommunikation, Automatisierung",Sinnvoller Exploration-Pilot; Research-Yield messen.,250,,,,,https://www.reddit.com/r/ShiptShoppers/,https://www.reddit.com/r/ShiptShoppers/new/,2026-09-18,Current /new feed checked via web in Sep 2026,PILOT,"Relevant practitioner/prosumer source, but signal density and buyer quality should be measured before permanent scanning.",SCAN_SMALL_PILOT,150
r/sweatystartup,Side_Hustle_Gig,"Side-Hustler, Gig Worker, Fahrer, Shopper und lokale Plattformarbeiter",SIDE_HUSTLE / GIG_WORKER,EXPANSION_314,BRAUCHEN_TESTEN,B,EXPLORATION,JA,ACTIVE_VERIFIED_2026-09,HIGH,Current /new feed checked via web in Sep 2026,MEDIUM,LOW,"Einnahmen, Plattformprobleme, Routen, Aufträge, Ausgaben, Tracking, Kundenkommunikation, Automatisierung",Sinnvoller Exploration-Pilot; Research-Yield messen.,250,,,,,https://www.reddit.com/r/sweatystartup/,https://www.reddit.com/r/sweatystartup/new/,2026-09-18,Current /new feed checked via web in Sep 2026,PILOT,"Relevant practitioner/prosumer source, but signal density and buyer quality should be measured before permanent scanning.",SCAN_SMALL_PILOT,150
r/TaskRabbit,Side_Hustle_Gig,"Side-Hustler, Gig Worker, Fahrer, Shopper und lokale Plattformarbeiter",SIDE_HUSTLE / GIG_WORKER,EXPANSION_314,BRAUCHEN_CORE,A,PRIMARY_DISCOVERY,JA,ACTIVE_VERIFIED_2026-09,HIGH,Current /new feed checked via web in Sep 2026,MEDIUM,LOW,"Einnahmen, Plattformprobleme, Routen, Aufträge, Ausgaben, Tracking, Kundenkommunikation, Automatisierung",Sehr guter Practitioner-/Business-Kandidat für Pain-Point-Research.,500,,,,,https://www.reddit.com/r/TaskRabbit/,https://www.reddit.com/r/TaskRabbit/new/,2026-09-18,Current /new feed checked via web in Sep 2026,PILOT,"Relevant practitioner/prosumer source, but signal density and buyer quality should be measured before permanent scanning.",SCAN_SMALL_PILOT,150
r/TaskRabbiters,Side_Hustle_Gig,TaskRabbit workers,PRACTITIONER / OWNER / BUYER,NEW_RECHECK_CANDIDATE,PRUEFEN,R,RECHECK,NEIN_BIS_GEPRUEFT,PRUEFEN,LOW,Web check returned unavailable/internal error; existence/activity not safely confirmed.,MEDIUM,LOW,,"Thematisch potenziell sehr wertvoll, aber vor automatischem Scan zuerst Existenz/Aktivität erneut prüfen.",0,,,,,https://www.reddit.com/r/TaskRabbiters/,https://www.reddit.com/r/TaskRabbiters/new/,,"Nicht automatisch scannen, bis der Source-Health-Check erfolgreich war.",PILOT,"Concrete operator/gig workflow with payments, scheduling and platform processes.",VERIFY_ACTIVITY_FIRST,0
r/AskElectronics,Tech_Hobbies_Makers,"Elektronik-, Netzwerk-, FPV- und Maker-Hobbyisten",HOBBY_PROSUMER / TECHNICAL,EXPANSION_314,BRAUCHEN_TESTEN,B,EXPLORATION,JA,ACTIVE_VERIFIED_2026-09,HIGH,Current /new feed checked via web in Sep 2026,HIGH,LOW,"Setup, Kompatibilität, Konfiguration, Automatisierung, Hardware/Software-Friktion",Sinnvoller Exploration-Pilot; Research-Yield messen.,250,,,,,https://www.reddit.com/r/AskElectronics/,https://www.reddit.com/r/AskElectronics/new/,2026-09-18,Current /new feed checked via web in Sep 2026,PILOT,"Relevant practitioner/prosumer source, but signal density and buyer quality should be measured before permanent scanning.",SCAN_SMALL_PILOT,150
r/diyelectronics,Tech_Hobbies_Makers,"Elektronik-, Netzwerk-, FPV- und Maker-Hobbyisten",HOBBY_PROSUMER / TECHNICAL,EXPANSION_314,BRAUCHEN_TESTEN,B,EXPLORATION,JA,ACTIVE_VERIFIED_2026-09,HIGH,Current /new feed checked via web in Sep 2026,HIGH,LOW,"Setup, Kompatibilität, Konfiguration, Automatisierung, Hardware/Software-Friktion",Sinnvoller Exploration-Pilot; Research-Yield messen.,250,,,,,https://www.reddit.com/r/diyelectronics/,https://www.reddit.com/r/diyelectronics/new/,2026-09-18,Current /new feed checked via web in Sep 2026,PILOT,"Relevant practitioner/prosumer source, but signal density and buyer quality should be measured before permanent scanning.",SCAN_SMALL_PILOT,150
r/HomeNetworking,Tech_Hobbies_Makers,"Elektronik-, Netzwerk-, FPV- und Maker-Hobbyisten",HOBBY_PROSUMER / TECHNICAL,EXPANSION_314,BRAUCHEN_TESTEN,B,EXPLORATION,JA,ACTIVE_VERIFIED_2026-09,HIGH,Current /new feed checked via web in Sep 2026,HIGH,LOW,"Setup, Kompatibilität, Konfiguration, Automatisierung, Hardware/Software-Friktion",Sinnvoller Exploration-Pilot; Research-Yield messen.,250,,,,,https://www.reddit.com/r/HomeNetworking/,https://www.reddit.com/r/HomeNetworking/new/,2026-09-18,Current /new feed checked via web in Sep 2026,PILOT,"Relevant practitioner/prosumer source, but signal density and buyer quality should be measured before permanent scanning.",SCAN_SMALL_PILOT,150
r/buildapcvideoediting,Video_YouTube,"YouTuber, Video-Editoren",MIXED,LEGACY_647,BRAUCHEN_TESTEN,B,EXPLORATION,JA,AKTIV_NISCHE_PROXY,MEDIUM,Kleinere/nischige Community laut Legacy-Daten; vor großem Scan live prüfen.,HIGH,LOW,,"Beruf/Prosumer-Mix; sinnvoller Pilot, tatsächlicher Research-Yield muss gemessen werden.",250,4000,,Eingeschraenkt - tw. Promo-Subs,2.959,https://www.reddit.com/r/buildapcvideoediting/,https://www.reddit.com/r/buildapcvideoediting/new/,,Legacy-Seed: Entscheidung neu bewertet; Aktivität bei fehlendem Live-Check nur als Proxy markiert.,PILOT,"Monetizing creator/professional workflow; useful for tools, client work, production and platform pain.",VERIFY_ACTIVITY_FIRST,0
r/VideoEditing,Video_YouTube,"YouTuber, Video-Editoren",MIXED,LEGACY_647,BRAUCHEN_CORE,A,PRIMARY_DISCOVERY,JA,WAHRSCHEINLICH_AKTIV_PROXY,MEDIUM,Aktivität aus gelieferten Mitglieder-/Wachstumsdaten abgeleitet; nicht live verifiziert.,HIGH,LOW,,"Berufs-/Business-Community mit hoher Chance auf konkrete Workflow-, Software- und Zahlungsprobleme.",500,512000,59000,Eingeschraenkt - tw. Promo-Subs,4.651,https://www.reddit.com/r/VideoEditing/,https://www.reddit.com/r/VideoEditing/new/,,Legacy-Seed: Entscheidung neu bewertet; Aktivität bei fehlendem Live-Check nur als Proxy markiert.,PILOT,"Relevant practitioner/prosumer source, but signal density and buyer quality should be measured before permanent scanning.",VERIFY_ACTIVITY_FIRST,0
r/videography,Video_YouTube,"YouTuber, Video-Editoren",MIXED,LEGACY_647,BRAUCHEN_CORE,A,PRIMARY_DISCOVERY,JA,WAHRSCHEINLICH_AKTIV_PROXY,MEDIUM,Aktivität aus gelieferten Mitglieder-/Wachstumsdaten abgeleitet; nicht live verifiziert.,HIGH,LOW,,"Berufs-/Business-Community mit hoher Chance auf konkrete Workflow-, Software- und Zahlungsprobleme.",500,442000,69000,Eingeschraenkt - tw. Promo-Subs,4.63,https://www.reddit.com/r/videography/,https://www.reddit.com/r/videography/new/,,Legacy-Seed: Entscheidung neu bewertet; Aktivität bei fehlendem Live-Check nur als Proxy markiert.,PILOT,"Relevant practitioner/prosumer source, but signal density and buyer quality should be measured before permanent scanning.",VERIFY_ACTIVITY_FIRST,0
r/ContentHacks,Writing_Content,"Autoren, Content-Writer",MIXED,LEGACY_647,BRAUCHEN_TESTEN,B,EXPLORATION,NEIN_BIS_GEPRUEFT,PRUEFEN,LOW,Sehr kleine Community laut Legacy-Daten; vor Scan live prüfen.,HIGH,LOW,,"Beruf/Prosumer-Mix; sinnvoller Pilot, tatsächlicher Research-Yield muss gemessen werden.",250,1000,,Eingeschraenkt,2.641,https://www.reddit.com/r/ContentHacks/,https://www.reddit.com/r/ContentHacks/new/,,Legacy-Seed: Entscheidung neu bewertet; Aktivität bei fehlendem Live-Check nur als Proxy markiert.,PILOT,Professional/monetizable workflow source with variable buyer authority; suitable for measured pilot.,VERIFY_ACTIVITY_FIRST,0
r/ghost_writings,Writing_Content,"Autoren, Content-Writer",MIXED,LEGACY_647,BRAUCHEN_TESTEN,B,EXPLORATION,NEIN_BIS_GEPRUEFT,PRUEFEN,LOW,Sehr kleine Community laut Legacy-Daten; vor Scan live prüfen.,HIGH,LOW,,"Beruf/Prosumer-Mix; sinnvoller Pilot, tatsächlicher Research-Yield muss gemessen werden.",250,355,,Eingeschraenkt,2.506,https://www.reddit.com/r/ghost_writings/,https://www.reddit.com/r/ghost_writings/new/,,Legacy-Seed: Entscheidung neu bewertet; Aktivität bei fehlendem Live-Check nur als Proxy markiert.,PILOT,Professional/monetizable workflow source with variable buyer authority; suitable for measured pilot.,VERIFY_ACTIVITY_FIRST,0
r/KeepWriting,Writing_Content,"Autoren, Content-Writer",MIXED,LEGACY_647,BRAUCHEN_TESTEN,B,EXPLORATION,JA,WAHRSCHEINLICH_AKTIV_PROXY,MEDIUM,Aktivität aus gelieferten Mitglieder-/Wachstumsdaten abgeleitet; nicht live verifiziert.,HIGH,LOW,,"Beruf/Prosumer-Mix; sinnvoller Pilot, tatsächlicher Research-Yield muss gemessen werden.",250,259000,19000,Eingeschraenkt,4.385,https://www.reddit.com/r/KeepWriting/,https://www.reddit.com/r/KeepWriting/new/,,Legacy-Seed: Entscheidung neu bewertet; Aktivität bei fehlendem Live-Check nur als Proxy markiert.,PILOT,Professional/monetizable workflow source with variable buyer authority; suitable for measured pilot.,VERIFY_ACTIVITY_FIRST,0
r/selfpublish,Writing_Content,"Autoren, Content-Writer",MIXED,LEGACY_647,BRAUCHEN_TESTEN,B,EXPLORATION,NEIN_BIS_GEPRUEFT,PRUEFEN,LOW,Keine verwertbaren Aktivitätsmetriken in der gelieferten Legacy-Datei.,HIGH,LOW,,"Beruf/Prosumer-Mix; sinnvoller Pilot, tatsächlicher Research-Yield muss gemessen werden.",250,,,Eingeschraenkt,2.4,https://www.reddit.com/r/selfpublish/,https://www.reddit.com/r/selfpublish/new/,,Legacy-Seed: Entscheidung neu bewertet; Aktivität bei fehlendem Live-Check nur als Proxy markiert.,PILOT,Professional/monetizable workflow source with variable buyer authority; suitable for measured pilot.,VERIFY_ACTIVITY_FIRST,0
r/Write2Publish,Writing_Content,"Autoren, Content-Writer",MIXED,LEGACY_647,BRAUCHEN_TESTEN,B,EXPLORATION,JA,AKTIV_NISCHE_PROXY,MEDIUM,Kleinere/nischige Community laut Legacy-Daten; vor großem Scan live prüfen.,HIGH,LOW,,"Beruf/Prosumer-Mix; sinnvoller Pilot, tatsächlicher Research-Yield muss gemessen werden.",250,4000,,Eingeschraenkt,2.959,https://www.reddit.com/r/Write2Publish/,https://www.reddit.com/r/Write2Publish/new/,,Legacy-Seed: Entscheidung neu bewertet; Aktivität bei fehlendem Live-Check nur als Proxy markiert.,PILOT,Professional/monetizable workflow source with variable buyer authority; suitable for measured pilot.,VERIFY_ACTIVITY_FIRST,0
r/writers,Writing_Content,"Autoren, Content-Writer",MIXED,LEGACY_647,BRAUCHEN_TESTEN,B,EXPLORATION,JA,WAHRSCHEINLICH_AKTIV_PROXY,MEDIUM,Aktivität aus gelieferten Mitglieder-/Wachstumsdaten abgeleitet; nicht live verifiziert.,HIGH,LOW,,"Beruf/Prosumer-Mix; sinnvoller Pilot, tatsächlicher Research-Yield muss gemessen werden.",250,400000,104000,Eingeschraenkt,4.67,https://www.reddit.com/r/writers/,https://www.reddit.com/r/writers/new/,,Legacy-Seed: Entscheidung neu bewertet; Aktivität bei fehlendem Live-Check nur als Proxy markiert.,PILOT,Professional/monetizable workflow source with variable buyer authority; suitable for measured pilot.,VERIFY_ACTIVITY_FIRST,0
r/writing,Writing_Content,"Autoren, Content-Writer",MIXED,LEGACY_647,BRAUCHEN_TESTEN,B,EXPLORATION,NEIN_BIS_GEPRUEFT,PRUEFEN,LOW,Keine verwertbaren Aktivitätsmetriken in der gelieferten Legacy-Datei.,HIGH,LOW,,"Beruf/Prosumer-Mix; sinnvoller Pilot, tatsächlicher Research-Yield muss gemessen werden.",250,,,Eingeschraenkt,2.4,https://www.reddit.com/r/writing/,https://www.reddit.com/r/writing/new/,,Legacy-Seed: Entscheidung neu bewertet; Aktivität bei fehlendem Live-Check nur als Proxy markiert.,PILOT,Professional/monetizable workflow source with variable buyer authority; suitable for measured pilot.,VERIFY_ACTIVITY_FIRST,0
r/3Dmodeling,3DPrinting,"3D-Druck, Blender/Modeling",MIXED,LEGACY_647,BRAUCHEN_TESTEN,B,EXPLORATION,JA,WAHRSCHEINLICH_AKTIV_PROXY,MEDIUM,Aktivität aus gelieferten Mitglieder-/Wachstumsdaten abgeleitet; nicht live verifiziert.,HIGH,LOW,,"Beruf/Prosumer-Mix; sinnvoller Pilot, tatsächlicher Research-Yield muss gemessen werden.",250,1500000,32000,"Eingeschraenkt - Show ok, kein Verkauf",4.956,https://www.reddit.com/r/3Dmodeling/,https://www.reddit.com/r/3Dmodeling/new/,,Legacy-Seed: Entscheidung neu bewertet; Aktivität bei fehlendem Live-Check nur als Proxy markiert.,SECONDARY,"Mostly hobby and troubleshooting; useful as a prosumer signal, not a core business source.",DO_NOT_CONTINUOUSLY_SCAN,0
r/3dprinter,3DPrinting,"3D-Druck, Blender/Modeling",MIXED,LEGACY_647,BRAUCHEN_TESTEN,B,EXPLORATION,JA,WAHRSCHEINLICH_AKTIV_PROXY,MEDIUM,Aktivität aus gelieferten Mitglieder-/Wachstumsdaten abgeleitet; nicht live verifiziert.,HIGH,LOW,,"Beruf/Prosumer-Mix; sinnvoller Pilot, tatsächlicher Research-Yield muss gemessen werden.",250,71000,29000,"Eingeschraenkt - Show ok, kein Verkauf",4.18,https://www.reddit.com/r/3dprinter/,https://www.reddit.com/r/3dprinter/new/,,Legacy-Seed: Entscheidung neu bewertet; Aktivität bei fehlendem Live-Check nur als Proxy markiert.,SECONDARY,"Mostly hobby and troubleshooting; useful as a prosumer signal, not a core business source.",DO_NOT_CONTINUOUSLY_SCAN,0
r/3dsmax,3DPrinting,"3D-Druck, Blender/Modeling",MIXED,LEGACY_647,BRAUCHEN_TESTEN,B,EXPLORATION,NEIN_BIS_GEPRUEFT,PRUEFEN,LOW,Keine verwertbaren Aktivitätsmetriken in der gelieferten Legacy-Datei.,HIGH,LOW,,"Beruf/Prosumer-Mix; sinnvoller Pilot, tatsächlicher Research-Yield muss gemessen werden.",250,,,"Eingeschraenkt - Show ok, kein Verkauf",2.4,https://www.reddit.com/r/3dsmax/,https://www.reddit.com/r/3dsmax/new/,,Legacy-Seed: Entscheidung neu bewertet; Aktivität bei fehlendem Live-Check nur als Proxy markiert.,SECONDARY,"Mostly hobby and troubleshooting; useful as a prosumer signal, not a core business source.",DO_NOT_CONTINUOUSLY_SCAN,0
r/blender,3DPrinting,"3D-Druck, Blender/Modeling",MIXED,LEGACY_647,BRAUCHEN_TESTEN,B,EXPLORATION,JA,WAHRSCHEINLICH_AKTIV_PROXY,MEDIUM,Aktivität aus gelieferten Mitglieder-/Wachstumsdaten abgeleitet; nicht live verifiziert.,HIGH,LOW,,"Beruf/Prosumer-Mix; sinnvoller Pilot, tatsächlicher Research-Yield muss gemessen werden.",250,1400000,108000,"Eingeschraenkt - Show ok, kein Verkauf",4.973,https://www.reddit.com/r/blender/,https://www.reddit.com/r/blender/new/,,Legacy-Seed: Entscheidung neu bewertet; Aktivität bei fehlendem Live-Check nur als Proxy markiert.,SECONDARY,"Mostly hobby and troubleshooting; useful as a prosumer signal, not a core business source.",DO_NOT_CONTINUOUSLY_SCAN,0
r/ender3,3DPrinting,"3D-Druck, Blender/Modeling",MIXED,LEGACY_647,BRAUCHEN_TESTEN,B,EXPLORATION,JA,WAHRSCHEINLICH_AKTIV_PROXY,MEDIUM,Aktivität aus gelieferten Mitglieder-/Wachstumsdaten abgeleitet; nicht live verifiziert.,HIGH,LOW,,"Beruf/Prosumer-Mix; sinnvoller Pilot, tatsächlicher Research-Yield muss gemessen werden.",250,252000,13000,"Eingeschraenkt - Show ok, kein Verkauf",4.36,https://www.reddit.com/r/ender3/,https://www.reddit.com/r/ender3/new/,,Legacy-Seed: Entscheidung neu bewertet; Aktivität bei fehlendem Live-Check nur als Proxy markiert.,SECONDARY,"Mostly hobby and troubleshooting; useful as a prosumer signal, not a core business source.",DO_NOT_CONTINUOUSLY_SCAN,0
r/Maya,3DPrinting,"3D-Druck, Blender/Modeling",MIXED,LEGACY_647,BRAUCHEN_TESTEN,B,EXPLORATION,NEIN_BIS_GEPRUEFT,PRUEFEN,LOW,Keine verwertbaren Aktivitätsmetriken in der gelieferten Legacy-Datei.,HIGH,LOW,,"Beruf/Prosumer-Mix; sinnvoller Pilot, tatsächlicher Research-Yield muss gemessen werden.",250,,,"Eingeschraenkt - Show ok, kein Verkauf",2.4,https://www.reddit.com/r/Maya/,https://www.reddit.com/r/Maya/new/,,Legacy-Seed: Entscheidung neu bewertet; Aktivität bei fehlendem Live-Check nur als Proxy markiert.,SECONDARY,"Mostly hobby and troubleshooting; useful as a prosumer signal, not a core business source.",DO_NOT_CONTINUOUSLY_SCAN,0
r/AIDiscussion,AI_Consumer,"AI-Power-User, Prompt-Leute",MIXED,LEGACY_647,SEKUNDAER,S,SECONDARY_SIGNAL,NUR_SEKUNDAER,AKTIV_NISCHE_PROXY,MEDIUM,Kleinere/nischige Community laut Legacy-Daten; vor großem Scan live prüfen.,LOW_TO_MEDIUM,LOW,,"Kann ergänzende Markt-, Tool-, Trend- oder Zahlungs-Signale liefern, aber nicht als Kernquelle priorisieren.",150,13000,,Streng - Promo wird oft entfernt,2.488,https://www.reddit.com/r/AIDiscussion/,https://www.reddit.com/r/AIDiscussion/new/,,Legacy-Seed: Entscheidung neu bewertet; Aktivität bei fehlendem Live-Check nur als Proxy markiert.,SECONDARY,"Potential adjacent signal source, but not efficient enough for primary recurring problem discovery.",DO_NOT_CONTINUOUSLY_SCAN,0
r/aipromptprogramming,AI_Consumer,"AI-Power-User, Prompt-Leute",MIXED,LEGACY_647,SEKUNDAER,S,SECONDARY_SIGNAL,NUR_SEKUNDAER,WAHRSCHEINLICH_AKTIV_PROXY,MEDIUM,Aktivität aus gelieferten Mitglieder-/Wachstumsdaten abgeleitet; nicht live verifiziert.,LOW_TO_MEDIUM,LOW,,"Kann ergänzende Markt-, Tool-, Trend- oder Zahlungs-Signale liefern, aber nicht als Kernquelle priorisieren.",150,229000,150000,Streng - Promo wird oft entfernt,3.571,https://www.reddit.com/r/aipromptprogramming/,https://www.reddit.com/r/aipromptprogramming/new/,,Legacy-Seed: Entscheidung neu bewertet; Aktivität bei fehlendem Live-Check nur als Proxy markiert.,SECONDARY,"Potential adjacent signal source, but not efficient enough for primary recurring problem discovery.",DO_NOT_CONTINUOUSLY_SCAN,0
r/ArtificalIntelligence,AI_Consumer,"AI-Power-User, Prompt-Leute",MIXED,LEGACY_647,SEKUNDAER,S,SECONDARY_SIGNAL,NUR_SEKUNDAER,WAHRSCHEINLICH_AKTIV_PROXY,MEDIUM,Aktivität aus gelieferten Mitglieder-/Wachstumsdaten abgeleitet; nicht live verifiziert.,LOW_TO_MEDIUM,LOW,,"Kann ergänzende Markt-, Tool-, Trend- oder Zahlungs-Signale liefern, aber nicht als Kernquelle priorisieren.",150,12000,6000,Streng - Promo wird oft entfernt,2.738,https://www.reddit.com/r/ArtificalIntelligence/,https://www.reddit.com/r/ArtificalIntelligence/new/,,Legacy-Seed: Entscheidung neu bewertet; Aktivität bei fehlendem Live-Check nur als Proxy markiert.,SECONDARY,"Potential adjacent signal source, but not efficient enough for primary recurring problem discovery.",DO_NOT_CONTINUOUSLY_SCAN,0
r/artificial,AI_Consumer,"AI-Power-User, Prompt-Leute",MIXED,LEGACY_647,SEKUNDAER,S,SECONDARY_SIGNAL,NUR_SEKUNDAER,WAHRSCHEINLICH_AKTIV_PROXY,MEDIUM,Aktivität aus gelieferten Mitglieder-/Wachstumsdaten abgeleitet; nicht live verifiziert.,LOW_TO_MEDIUM,LOW,,"Kann ergänzende Markt-, Tool-, Trend- oder Zahlungs-Signale liefern, aber nicht als Kernquelle priorisieren.",150,1300000,190000,Streng - Promo wird oft entfernt,3.747,https://www.reddit.com/r/artificial/,https://www.reddit.com/r/artificial/new/,,Legacy-Seed: Entscheidung neu bewertet; Aktivität bei fehlendem Live-Check nur als Proxy markiert.,SECONDARY,"Useful for adjacent trend/tool/market signals, but too broad, hobby-heavy, builder-heavy or promotional for primary pain discovery.",DO_NOT_CONTINUOUSLY_SCAN,0
r/ArtificialInteligence,AI_Consumer,"AI-Power-User, Prompt-Leute",MIXED,LEGACY_647,SEKUNDAER,S,SECONDARY_SIGNAL,NUR_SEKUNDAER,WAHRSCHEINLICH_AKTIV_PROXY,MEDIUM,Aktivität aus gelieferten Mitglieder-/Wachstumsdaten abgeleitet; nicht live verifiziert.,LOW_TO_MEDIUM,LOW,,"Kann ergänzende Markt-, Tool-, Trend- oder Zahlungs-Signale liefern, aber nicht als Kernquelle priorisieren.",150,1800000,345000,Streng - Promo wird oft entfernt,3.857,https://www.reddit.com/r/ArtificialInteligence/,https://www.reddit.com/r/ArtificialInteligence/new/,,Legacy-Seed: Entscheidung neu bewertet; Aktivität bei fehlendem Live-Check nur als Proxy markiert.,SECONDARY,"Potential adjacent signal source, but not efficient enough for primary recurring problem discovery.",DO_NOT_CONTINUOUSLY_SCAN,0
r/automation,AI_Consumer,"AI-Power-User, Prompt-Leute",MIXED,LEGACY_647,SEKUNDAER,S,SECONDARY_SIGNAL,NUR_SEKUNDAER,WAHRSCHEINLICH_AKTIV_PROXY,MEDIUM,Aktivität aus gelieferten Mitglieder-/Wachstumsdaten abgeleitet; nicht live verifiziert.,LOW_TO_MEDIUM,LOW,,"Kann ergänzende Markt-, Tool-, Trend- oder Zahlungs-Signale liefern, aber nicht als Kernquelle priorisieren.",150,213000,136000,Streng - Promo wird oft entfernt,3.543,https://www.reddit.com/r/automation/,https://www.reddit.com/r/automation/new/,,Legacy-Seed: Entscheidung neu bewertet; Aktivität bei fehlendem Live-Check nur als Proxy markiert.,SECONDARY,"Useful for adjacent trend/tool/market signals, but too broad, hobby-heavy, builder-heavy or promotional for primary pain discovery.",DO_NOT_CONTINUOUSLY_SCAN,0
r/Bard,AI_Consumer,"AI-Power-User, Prompt-Leute",MIXED,LEGACY_647,SEKUNDAER,S,SECONDARY_SIGNAL,NUR_SEKUNDAER,WAHRSCHEINLICH_AKTIV_PROXY,MEDIUM,Aktivität aus gelieferten Mitglieder-/Wachstumsdaten abgeleitet; nicht live verifiziert.,LOW_TO_MEDIUM,LOW,,"Kann ergänzende Markt-, Tool-, Trend- oder Zahlungs-Signale liefern, aber nicht als Kernquelle priorisieren.",150,145000,65000,Streng - Promo wird oft entfernt,3.341,https://www.reddit.com/r/Bard/,https://www.reddit.com/r/Bard/new/,,Legacy-Seed: Entscheidung neu bewertet; Aktivität bei fehlendem Live-Check nur als Proxy markiert.,SECONDARY,"Potential adjacent signal source, but not efficient enough for primary recurring problem discovery.",DO_NOT_CONTINUOUSLY_SCAN,0
r/ChatGPT,AI_Consumer,"AI-Power-User, Prompt-Leute",MIXED,LEGACY_647,SEKUNDAER,S,SECONDARY_SIGNAL,NUR_SEKUNDAER,WAHRSCHEINLICH_AKTIV_PROXY,MEDIUM,Aktivität aus gelieferten Mitglieder-/Wachstumsdaten abgeleitet; nicht live verifiziert.,LOW_TO_MEDIUM,LOW,,"Kann ergänzende Markt-, Tool-, Trend- oder Zahlungs-Signale liefern, aber nicht als Kernquelle priorisieren.",150,11500000,1000000,Streng - Promo wird oft entfernt,4.283,https://www.reddit.com/r/ChatGPT/,https://www.reddit.com/r/ChatGPT/new/,,Legacy-Seed: Entscheidung neu bewertet; Aktivität bei fehlendem Live-Check nur als Proxy markiert.,SECONDARY,"Useful for adjacent trend/tool/market signals, but too broad, hobby-heavy, builder-heavy or promotional for primary pain discovery.",DO_NOT_CONTINUOUSLY_SCAN,0
r/chatgpt_promptDesign,AI_Consumer,"AI-Power-User, Prompt-Leute",MIXED,LEGACY_647,SEKUNDAER,S,SECONDARY_SIGNAL,NUR_SEKUNDAER,WAHRSCHEINLICH_AKTIV_PROXY,MEDIUM,Aktivität aus gelieferten Mitglieder-/Wachstumsdaten abgeleitet; nicht live verifiziert.,LOW_TO_MEDIUM,LOW,,"Kann ergänzende Markt-, Tool-, Trend- oder Zahlungs-Signale liefern, aber nicht als Kernquelle priorisieren.",150,41000,12000,Streng - Promo wird oft entfernt,2.932,https://www.reddit.com/r/chatgpt_promptDesign/,https://www.reddit.com/r/chatgpt_promptDesign/new/,,Legacy-Seed: Entscheidung neu bewertet; Aktivität bei fehlendem Live-Check nur als Proxy markiert.,SECONDARY,"Potential adjacent signal source, but not efficient enough for primary recurring problem discovery.",DO_NOT_CONTINUOUSLY_SCAN,0
r/chatgpt_prompts_,AI_Consumer,"AI-Power-User, Prompt-Leute",MIXED,LEGACY_647,SEKUNDAER,S,SECONDARY_SIGNAL,NUR_SEKUNDAER,AKTIV_NISCHE_PROXY,MEDIUM,Kleinere/nischige Community laut Legacy-Daten; vor großem Scan live prüfen.,LOW_TO_MEDIUM,LOW,,"Kann ergänzende Markt-, Tool-, Trend- oder Zahlungs-Signale liefern, aber nicht als Kernquelle priorisieren.",150,12000,3000,Streng - Promo wird oft entfernt,2.603,https://www.reddit.com/r/chatgpt_prompts_/,https://www.reddit.com/r/chatgpt_prompts_/new/,,Legacy-Seed: Entscheidung neu bewertet; Aktivität bei fehlendem Live-Check nur als Proxy markiert.,SECONDARY,"Potential adjacent signal source, but not efficient enough for primary recurring problem discovery.",DO_NOT_CONTINUOUSLY_SCAN,0
r/ChatGPTPro,AI_Consumer,"AI-Power-User, Prompt-Leute",MIXED,LEGACY_647,SEKUNDAER,S,SECONDARY_SIGNAL,NUR_SEKUNDAER,WAHRSCHEINLICH_AKTIV_PROXY,MEDIUM,Aktivität aus gelieferten Mitglieder-/Wachstumsdaten abgeleitet; nicht live verifiziert.,LOW_TO_MEDIUM,LOW,,"Kann ergänzende Markt-, Tool-, Trend- oder Zahlungs-Signale liefern, aber nicht als Kernquelle priorisieren.",150,586000,165000,Streng - Promo wird oft entfernt,3.613,https://www.reddit.com/r/ChatGPTPro/,https://www.reddit.com/r/ChatGPTPro/new/,,Legacy-Seed: Entscheidung neu bewertet; Aktivität bei fehlendem Live-Check nur als Proxy markiert.,SECONDARY,"Potential adjacent signal source, but not efficient enough for primary recurring problem discovery.",DO_NOT_CONTINUOUSLY_SCAN,0
r/ChatGPTPromptGenius,AI_Consumer,"AI-Power-User, Prompt-Leute",MIXED,LEGACY_647,SEKUNDAER,S,SECONDARY_SIGNAL,NUR_SEKUNDAER,WAHRSCHEINLICH_AKTIV_PROXY,MEDIUM,Aktivität aus gelieferten Mitglieder-/Wachstumsdaten abgeleitet; nicht live verifiziert.,LOW_TO_MEDIUM,LOW,,"Kann ergänzende Markt-, Tool-, Trend- oder Zahlungs-Signale liefern, aber nicht als Kernquelle priorisieren.",150,791000,307000,Streng - Promo wird oft entfernt,3.749,https://www.reddit.com/r/ChatGPTPromptGenius/,https://www.reddit.com/r/ChatGPTPromptGenius/new/,,Legacy-Seed: Entscheidung neu bewertet; Aktivität bei fehlendem Live-Check nur als Proxy markiert.,SECONDARY,"Potential adjacent signal source, but not efficient enough for primary recurring problem discovery.",DO_NOT_CONTINUOUSLY_SCAN,0
r/ClaudeAI,AI_Consumer,"AI-Power-User, Prompt-Leute",MIXED,LEGACY_647,SEKUNDAER,S,SECONDARY_SIGNAL,NUR_SEKUNDAER,WAHRSCHEINLICH_AKTIV_PROXY,MEDIUM,Aktivität aus gelieferten Mitglieder-/Wachstumsdaten abgeleitet; nicht live verifiziert.,LOW_TO_MEDIUM,LOW,,"Kann ergänzende Markt-, Tool-, Trend- oder Zahlungs-Signale liefern, aber nicht als Kernquelle priorisieren.",150,881000,658000,Streng - Promo wird oft entfernt,3.971,https://www.reddit.com/r/ClaudeAI/,https://www.reddit.com/r/ClaudeAI/new/,,Legacy-Seed: Entscheidung neu bewertet; Aktivität bei fehlendem Live-Check nur als Proxy markiert.,SECONDARY,"Useful for adjacent trend/tool/market signals, but too broad, hobby-heavy, builder-heavy or promotional for primary pain discovery.",DO_NOT_CONTINUOUSLY_SCAN,0
r/ClaudeCowork,AI_Consumer,"AI-Power-User, Prompt-Leute",MIXED,LEGACY_647,SEKUNDAER,S,SECONDARY_SIGNAL,NUR_SEKUNDAER,AKTIV_NISCHE_PROXY,MEDIUM,Kleinere/nischige Community laut Legacy-Daten; vor großem Scan live prüfen.,LOW_TO_MEDIUM,LOW,,"Kann ergänzende Markt-, Tool-, Trend- oder Zahlungs-Signale liefern, aber nicht als Kernquelle priorisieren.",150,26000,,Streng - Promo wird oft entfernt,2.659,https://www.reddit.com/r/ClaudeCowork/,https://www.reddit.com/r/ClaudeCowork/new/,,Legacy-Seed: Entscheidung neu bewertet; Aktivität bei fehlendem Live-Check nur als Proxy markiert.,SECONDARY,"Potential adjacent signal source, but not efficient enough for primary recurring problem discovery.",DO_NOT_CONTINUOUSLY_SCAN,0
r/cursor,AI_Consumer,"AI-Power-User, Prompt-Leute",MIXED,LEGACY_647,SEKUNDAER,S,SECONDARY_SIGNAL,NUR_SEKUNDAER,WAHRSCHEINLICH_AKTIV_PROXY,MEDIUM,Aktivität aus gelieferten Mitglieder-/Wachstumsdaten abgeleitet; nicht live verifiziert.,LOW_TO_MEDIUM,LOW,,"Kann ergänzende Markt-, Tool-, Trend- oder Zahlungs-Signale liefern, aber nicht als Kernquelle priorisieren.",150,138000,75000,Streng - Promo wird oft entfernt,3.379,https://www.reddit.com/r/cursor/,https://www.reddit.com/r/cursor/new/,,Legacy-Seed: Entscheidung neu bewertet; Aktivität bei fehlendem Live-Check nur als Proxy markiert.,SECONDARY,"Useful for adjacent trend/tool/market signals, but too broad, hobby-heavy, builder-heavy or promotional for primary pain discovery.",DO_NOT_CONTINUOUSLY_SCAN,0
r/GeminiAI,AI_Consumer,"AI-Power-User, Prompt-Leute",MIXED,LEGACY_647,SEKUNDAER,S,SECONDARY_SIGNAL,NUR_SEKUNDAER,WAHRSCHEINLICH_AKTIV_PROXY,MEDIUM,Aktivität aus gelieferten Mitglieder-/Wachstumsdaten abgeleitet; nicht live verifiziert.,LOW_TO_MEDIUM,LOW,,"Kann ergänzende Markt-, Tool-, Trend- oder Zahlungs-Signale liefern, aber nicht als Kernquelle priorisieren.",150,318000,255000,Streng - Promo wird oft entfernt,3.735,https://www.reddit.com/r/GeminiAI/,https://www.reddit.com/r/GeminiAI/new/,,Legacy-Seed: Entscheidung neu bewertet; Aktivität bei fehlendem Live-Check nur als Proxy markiert.,SECONDARY,"Potential adjacent signal source, but not efficient enough for primary recurring problem discovery.",DO_NOT_CONTINUOUSLY_SCAN,0
r/GoogleGeminiAI,AI_Consumer,"AI-Power-User, Prompt-Leute",MIXED,LEGACY_647,SEKUNDAER,S,SECONDARY_SIGNAL,NUR_SEKUNDAER,WAHRSCHEINLICH_AKTIV_PROXY,MEDIUM,Aktivität aus gelieferten Mitglieder-/Wachstumsdaten abgeleitet; nicht live verifiziert.,LOW_TO_MEDIUM,LOW,,"Kann ergänzende Markt-, Tool-, Trend- oder Zahlungs-Signale liefern, aber nicht als Kernquelle priorisieren.",150,143000,85000,Streng - Promo wird oft entfernt,3.416,https://www.reddit.com/r/GoogleGeminiAI/,https://www.reddit.com/r/GoogleGeminiAI/new/,,Legacy-Seed: Entscheidung neu bewertet; Aktivität bei fehlendem Live-Check nur als Proxy markiert.,SECONDARY,"Potential adjacent signal source, but not efficient enough for primary recurring problem discovery.",DO_NOT_CONTINUOUSLY_SCAN,0
r/Perplexity,AI_Consumer,"AI-Power-User, Prompt-Leute",MIXED,LEGACY_647,SEKUNDAER,S,SECONDARY_SIGNAL,NUR_SEKUNDAER,WAHRSCHEINLICH_AKTIV_PROXY,MEDIUM,Aktivität aus gelieferten Mitglieder-/Wachstumsdaten abgeleitet; nicht live verifiziert.,LOW_TO_MEDIUM,LOW,,"Kann ergänzende Markt-, Tool-, Trend- oder Zahlungs-Signale liefern, aber nicht als Kernquelle priorisieren.",150,9000,9000,Streng - Promo wird oft entfernt,2.94,https://www.reddit.com/r/Perplexity/,https://www.reddit.com/r/Perplexity/new/,,Legacy-Seed: Entscheidung neu bewertet; Aktivität bei fehlendem Live-Check nur als Proxy markiert.,SECONDARY,"Potential adjacent signal source, but not efficient enough for primary recurring problem discovery.",DO_NOT_CONTINUOUSLY_SCAN,0
r/perplexity_ai,AI_Consumer,"AI-Power-User, Prompt-Leute",MIXED,LEGACY_647,SEKUNDAER,S,SECONDARY_SIGNAL,NUR_SEKUNDAER,WAHRSCHEINLICH_AKTIV_PROXY,MEDIUM,Aktivität aus gelieferten Mitglieder-/Wachstumsdaten abgeleitet; nicht live verifiziert.,LOW_TO_MEDIUM,LOW,,"Kann ergänzende Markt-, Tool-, Trend- oder Zahlungs-Signale liefern, aber nicht als Kernquelle priorisieren.",150,197000,122000,Streng - Promo wird oft entfernt,3.512,https://www.reddit.com/r/perplexity_ai/,https://www.reddit.com/r/perplexity_ai/new/,,Legacy-Seed: Entscheidung neu bewertet; Aktivität bei fehlendem Live-Check nur als Proxy markiert.,SECONDARY,"Potential adjacent signal source, but not efficient enough for primary recurring problem discovery.",DO_NOT_CONTINUOUSLY_SCAN,0
r/PromptEngineering,AI_Consumer,"AI-Power-User, Prompt-Leute",MIXED,LEGACY_647,SEKUNDAER,S,SECONDARY_SIGNAL,NUR_SEKUNDAER,WAHRSCHEINLICH_AKTIV_PROXY,MEDIUM,Aktivität aus gelieferten Mitglieder-/Wachstumsdaten abgeleitet; nicht live verifiziert.,LOW_TO_MEDIUM,LOW,,"Kann ergänzende Markt-, Tool-, Trend- oder Zahlungs-Signale liefern, aber nicht als Kernquelle priorisieren.",150,380000,221000,Streng - Promo wird oft entfernt,3.663,https://www.reddit.com/r/PromptEngineering/,https://www.reddit.com/r/PromptEngineering/new/,,Legacy-Seed: Entscheidung neu bewertet; Aktivität bei fehlendem Live-Check nur als Proxy markiert.,SECONDARY,"Potential adjacent signal source, but not efficient enough for primary recurring problem discovery.",DO_NOT_CONTINUOUSLY_SCAN,0
r/AI_Agent_Host,AI_Dev,LLM-/AI-Entwickler,MIXED,LEGACY_647,SEKUNDAER,S,SECONDARY_SIGNAL,NEIN_BIS_GEPRUEFT,PRUEFEN,LOW,Sehr kleine Community laut Legacy-Daten; vor Scan live prüfen.,LOW_TO_MEDIUM,LOW,,"Kann ergänzende Markt-, Tool-, Trend- oder Zahlungs-Signale liefern, aber nicht als Kernquelle priorisieren.",150,226,,Streng - meist nur Diskussion/Show-Threads,1.853,https://www.reddit.com/r/AI_Agent_Host/,https://www.reddit.com/r/AI_Agent_Host/new/,,Legacy-Seed: Entscheidung neu bewertet; Aktivität bei fehlendem Live-Check nur als Proxy markiert.,SECONDARY,"Potential adjacent signal source, but not efficient enough for primary recurring problem discovery.",DO_NOT_CONTINUOUSLY_SCAN,0
r/AI_Agents,AI_Dev,LLM-/AI-Entwickler,MIXED,LEGACY_647,SEKUNDAER,S,SECONDARY_SIGNAL,NUR_SEKUNDAER,WAHRSCHEINLICH_AKTIV_PROXY,MEDIUM,Aktivität aus gelieferten Mitglieder-/Wachstumsdaten abgeleitet; nicht live verifiziert.,LOW_TO_MEDIUM,LOW,,"Kann ergänzende Markt-, Tool-, Trend- oder Zahlungs-Signale liefern, aber nicht als Kernquelle priorisieren.",150,371000,225000,Streng - meist nur Diskussion/Show-Threads,3.67,https://www.reddit.com/r/AI_Agents/,https://www.reddit.com/r/AI_Agents/new/,,Legacy-Seed: Entscheidung neu bewertet; Aktivität bei fehlendem Live-Check nur als Proxy markiert.,SECONDARY,"Potential adjacent signal source, but not efficient enough for primary recurring problem discovery.",DO_NOT_CONTINUOUSLY_SCAN,0
r/AIDevelopersSociety,AI_Dev,LLM-/AI-Entwickler,MIXED,LEGACY_647,SEKUNDAER,S,SECONDARY_SIGNAL,NEIN_BIS_GEPRUEFT,PRUEFEN,LOW,Sehr kleine Community laut Legacy-Daten; vor Scan live prüfen.,LOW_TO_MEDIUM,LOW,,"Kann ergänzende Markt-, Tool-, Trend- oder Zahlungs-Signale liefern, aber nicht als Kernquelle priorisieren.",150,2000,,Streng - meist nur Diskussion/Show-Threads,2.086,https://www.reddit.com/r/AIDevelopersSociety/,https://www.reddit.com/r/AIDevelopersSociety/new/,,Legacy-Seed: Entscheidung neu bewertet; Aktivität bei fehlendem Live-Check nur als Proxy markiert.,SECONDARY,"Potential adjacent signal source, but not efficient enough for primary recurring problem discovery.",DO_NOT_CONTINUOUSLY_SCAN,0
r/ChatGPTCoding,AI_Dev,LLM-/AI-Entwickler,MIXED,LEGACY_647,SEKUNDAER,S,SECONDARY_SIGNAL,NUR_SEKUNDAER,WAHRSCHEINLICH_AKTIV_PROXY,MEDIUM,Aktivität aus gelieferten Mitglieder-/Wachstumsdaten abgeleitet; nicht live verifiziert.,LOW_TO_MEDIUM,LOW,,"Kann ergänzende Markt-, Tool-, Trend- oder Zahlungs-Signale liefern, aber nicht als Kernquelle priorisieren.",150,381000,105000,Streng - meist nur Diskussion/Show-Threads,3.498,https://www.reddit.com/r/ChatGPTCoding/,https://www.reddit.com/r/ChatGPTCoding/new/,,Legacy-Seed: Entscheidung neu bewertet; Aktivität bei fehlendem Live-Check nur als Proxy markiert.,SECONDARY,"Potential adjacent signal source, but not efficient enough for primary recurring problem discovery.",DO_NOT_CONTINUOUSLY_SCAN,0
r/ClaudeCode,AI_Dev,LLM-/AI-Entwickler,MIXED,LEGACY_647,SEKUNDAER,S,SECONDARY_SIGNAL,NUR_SEKUNDAER,WAHRSCHEINLICH_AKTIV_PROXY,MEDIUM,Aktivität aus gelieferten Mitglieder-/Wachstumsdaten abgeleitet; nicht live verifiziert.,LOW_TO_MEDIUM,LOW,,"Kann ergänzende Markt-, Tool-, Trend- oder Zahlungs-Signale liefern, aber nicht als Kernquelle priorisieren.",150,292000,,Streng - meist nur Diskussion/Show-Threads,3.28,https://www.reddit.com/r/ClaudeCode/,https://www.reddit.com/r/ClaudeCode/new/,,Legacy-Seed: Entscheidung neu bewertet; Aktivität bei fehlendem Live-Check nur als Proxy markiert.,SECONDARY,"Potential adjacent signal source, but not efficient enough for primary recurring problem discovery.",DO_NOT_CONTINUOUSLY_SCAN,0
r/DeepSeek,AI_Dev,LLM-/AI-Entwickler,MIXED,LEGACY_647,SEKUNDAER,S,SECONDARY_SIGNAL,NUR_SEKUNDAER,WAHRSCHEINLICH_AKTIV_PROXY,MEDIUM,Aktivität aus gelieferten Mitglieder-/Wachstumsdaten abgeleitet; nicht live verifiziert.,LOW_TO_MEDIUM,LOW,,"Kann ergänzende Markt-, Tool-, Trend- oder Zahlungs-Signale liefern, aber nicht als Kernquelle priorisieren.",150,108000,47000,Streng - meist nur Diskussion/Show-Threads,3.257,https://www.reddit.com/r/DeepSeek/,https://www.reddit.com/r/DeepSeek/new/,,Legacy-Seed: Entscheidung neu bewertet; Aktivität bei fehlendem Live-Check nur als Proxy markiert.,SECONDARY,"Potential adjacent signal source, but not efficient enough for primary recurring problem discovery.",DO_NOT_CONTINUOUSLY_SCAN,0
r/LangChain,AI_Dev,LLM-/AI-Entwickler,MIXED,LEGACY_647,SEKUNDAER,S,SECONDARY_SIGNAL,NUR_SEKUNDAER,WAHRSCHEINLICH_AKTIV_PROXY,MEDIUM,Aktivität aus gelieferten Mitglieder-/Wachstumsdaten abgeleitet; nicht live verifiziert.,LOW_TO_MEDIUM,LOW,,"Kann ergänzende Markt-, Tool-, Trend- oder Zahlungs-Signale liefern, aber nicht als Kernquelle priorisieren.",150,99000,39000,Streng - meist nur Diskussion/Show-Threads,3.213,https://www.reddit.com/r/LangChain/,https://www.reddit.com/r/LangChain/new/,,Legacy-Seed: Entscheidung neu bewertet; Aktivität bei fehlendem Live-Check nur als Proxy markiert.,SECONDARY,"Potential adjacent signal source, but not efficient enough for primary recurring problem discovery.",DO_NOT_CONTINUOUSLY_SCAN,0
r/LanguageTechnology,AI_Dev,LLM-/AI-Entwickler,MIXED,LEGACY_647,SEKUNDAER,S,SECONDARY_SIGNAL,NUR_SEKUNDAER,WAHRSCHEINLICH_AKTIV_PROXY,MEDIUM,Aktivität aus gelieferten Mitglieder-/Wachstumsdaten abgeleitet; nicht live verifiziert.,LOW_TO_MEDIUM,LOW,,"Kann ergänzende Markt-, Tool-, Trend- oder Zahlungs-Signale liefern, aber nicht als Kernquelle priorisieren.",150,64000,8000,Streng - meist nur Diskussion/Show-Threads,2.955,https://www.reddit.com/r/LanguageTechnology/,https://www.reddit.com/r/LanguageTechnology/new/,,Legacy-Seed: Entscheidung neu bewertet; Aktivität bei fehlendem Live-Check nur als Proxy markiert.,SECONDARY,"Potential adjacent signal source, but not efficient enough for primary recurring problem discovery.",DO_NOT_CONTINUOUSLY_SCAN,0
r/LLMDevs,AI_Dev,LLM-/AI-Entwickler,MIXED,LEGACY_647,SEKUNDAER,S,SECONDARY_SIGNAL,NUR_SEKUNDAER,WAHRSCHEINLICH_AKTIV_PROXY,MEDIUM,Aktivität aus gelieferten Mitglieder-/Wachstumsdaten abgeleitet; nicht live verifiziert.,LOW_TO_MEDIUM,LOW,,"Kann ergänzende Markt-, Tool-, Trend- oder Zahlungs-Signale liefern, aber nicht als Kernquelle priorisieren.",150,150000,63000,Streng - meist nur Diskussion/Show-Threads,3.334,https://www.reddit.com/r/LLMDevs/,https://www.reddit.com/r/LLMDevs/new/,,Legacy-Seed: Entscheidung neu bewertet; Aktivität bei fehlendem Live-Check nur als Proxy markiert.,SECONDARY,"Potential adjacent signal source, but not efficient enough for primary recurring problem discovery.",DO_NOT_CONTINUOUSLY_SCAN,0
r/llmops,AI_Dev,LLM-/AI-Entwickler,MIXED,LEGACY_647,SEKUNDAER,S,SECONDARY_SIGNAL,NUR_SEKUNDAER,AKTIV_NISCHE_PROXY,MEDIUM,Kleinere/nischige Community laut Legacy-Daten; vor großem Scan live prüfen.,LOW_TO_MEDIUM,LOW,,"Kann ergänzende Markt-, Tool-, Trend- oder Zahlungs-Signale liefern, aber nicht als Kernquelle priorisieren.",150,3000,,Streng - meist nur Diskussion/Show-Threads,2.161,https://www.reddit.com/r/llmops/,https://www.reddit.com/r/llmops/new/,,Legacy-Seed: Entscheidung neu bewertet; Aktivität bei fehlendem Live-Check nur als Proxy markiert.,SECONDARY,"Potential adjacent signal source, but not efficient enough for primary recurring problem discovery.",DO_NOT_CONTINUOUSLY_SCAN,0
r/LocalLLaMA,AI_Dev,LLM-/AI-Entwickler,MIXED,LEGACY_647,SEKUNDAER,S,SECONDARY_SIGNAL,NUR_SEKUNDAER,WAHRSCHEINLICH_AKTIV_PROXY,MEDIUM,Aktivität aus gelieferten Mitglieder-/Wachstumsdaten abgeleitet; nicht live verifiziert.,LOW_TO_MEDIUM,LOW,,"Kann ergänzende Markt-, Tool-, Trend- oder Zahlungs-Signale liefern, aber nicht als Kernquelle priorisieren.",150,733000,256000,Streng - meist nur Diskussion/Show-Threads,3.708,https://www.reddit.com/r/LocalLLaMA/,https://www.reddit.com/r/LocalLLaMA/new/,,Legacy-Seed: Entscheidung neu bewertet; Aktivität bei fehlendem Live-Check nur als Proxy markiert.,SECONDARY,"Potential adjacent signal source, but not efficient enough for primary recurring problem discovery.",DO_NOT_CONTINUOUSLY_SCAN,0
r/LocalLLM,AI_Dev,LLM-/AI-Entwickler,MIXED,LEGACY_647,SEKUNDAER,S,SECONDARY_SIGNAL,NUR_SEKUNDAER,WAHRSCHEINLICH_AKTIV_PROXY,MEDIUM,Aktivität aus gelieferten Mitglieder-/Wachstumsdaten abgeleitet; nicht live verifiziert.,LOW_TO_MEDIUM,LOW,,"Kann ergänzende Markt-, Tool-, Trend- oder Zahlungs-Signale liefern, aber nicht als Kernquelle priorisieren.",150,163000,96000,Streng - meist nur Diskussion/Show-Threads,3.447,https://www.reddit.com/r/LocalLLM/,https://www.reddit.com/r/LocalLLM/new/,,Legacy-Seed: Entscheidung neu bewertet; Aktivität bei fehlendem Live-Check nur als Proxy markiert.,SECONDARY,"Potential adjacent signal source, but not efficient enough for primary recurring problem discovery.",DO_NOT_CONTINUOUSLY_SCAN,0
r/MistralAI,AI_Dev,LLM-/AI-Entwickler,MIXED,LEGACY_647,SEKUNDAER,S,SECONDARY_SIGNAL,NUR_SEKUNDAER,WAHRSCHEINLICH_AKTIV_PROXY,MEDIUM,Aktivität aus gelieferten Mitglieder-/Wachstumsdaten abgeleitet; nicht live verifiziert.,LOW_TO_MEDIUM,LOW,,"Kann ergänzende Markt-, Tool-, Trend- oder Zahlungs-Signale liefern, aber nicht als Kernquelle priorisieren.",150,41000,20000,Streng - meist nur Diskussion/Show-Threads,3.037,https://www.reddit.com/r/MistralAI/,https://www.reddit.com/r/MistralAI/new/,,Legacy-Seed: Entscheidung neu bewertet; Aktivität bei fehlendem Live-Check nur als Proxy markiert.,SECONDARY,"Potential adjacent signal source, but not efficient enough for primary recurring problem discovery.",DO_NOT_CONTINUOUSLY_SCAN,0
r/ollama,AI_Dev,LLM-/AI-Entwickler,MIXED,LEGACY_647,SEKUNDAER,S,SECONDARY_SIGNAL,NUR_SEKUNDAER,WAHRSCHEINLICH_AKTIV_PROXY,MEDIUM,Aktivität aus gelieferten Mitglieder-/Wachstumsdaten abgeleitet; nicht live verifiziert.,LOW_TO_MEDIUM,LOW,,"Kann ergänzende Markt-, Tool-, Trend- oder Zahlungs-Signale liefern, aber nicht als Kernquelle priorisieren.",150,121000,52000,Streng - meist nur Diskussion/Show-Threads,3.284,https://www.reddit.com/r/ollama/,https://www.reddit.com/r/ollama/new/,,Legacy-Seed: Entscheidung neu bewertet; Aktivität bei fehlendem Live-Check nur als Proxy markiert.,SECONDARY,"Potential adjacent signal source, but not efficient enough for primary recurring problem discovery.",DO_NOT_CONTINUOUSLY_SCAN,0
r/OpenAI,AI_Dev,LLM-/AI-Entwickler,MIXED,LEGACY_647,SEKUNDAER,S,SECONDARY_SIGNAL,NUR_SEKUNDAER,WAHRSCHEINLICH_AKTIV_PROXY,MEDIUM,Aktivität aus gelieferten Mitglieder-/Wachstumsdaten abgeleitet; nicht live verifiziert.,LOW_TO_MEDIUM,LOW,,"Kann ergänzende Markt-, Tool-, Trend- oder Zahlungs-Signale liefern, aber nicht als Kernquelle priorisieren.",150,2800000,404000,Streng - meist nur Diskussion/Show-Threads,3.946,https://www.reddit.com/r/OpenAI/,https://www.reddit.com/r/OpenAI/new/,,Legacy-Seed: Entscheidung neu bewertet; Aktivität bei fehlendem Live-Check nur als Proxy markiert.,SECONDARY,"Potential adjacent signal source, but not efficient enough for primary recurring problem discovery.",DO_NOT_CONTINUOUSLY_SCAN,0
r/OpenAIDev,AI_Dev,LLM-/AI-Entwickler,MIXED,LEGACY_647,SEKUNDAER,S,SECONDARY_SIGNAL,NUR_SEKUNDAER,WAHRSCHEINLICH_AKTIV_PROXY,MEDIUM,Aktivität aus gelieferten Mitglieder-/Wachstumsdaten abgeleitet; nicht live verifiziert.,LOW_TO_MEDIUM,LOW,,"Kann ergänzende Markt-, Tool-, Trend- oder Zahlungs-Signale liefern, aber nicht als Kernquelle priorisieren.",150,15000,6000,Streng - meist nur Diskussion/Show-Threads,2.738,https://www.reddit.com/r/OpenAIDev/,https://www.reddit.com/r/OpenAIDev/new/,,Legacy-Seed: Entscheidung neu bewertet; Aktivität bei fehlendem Live-Check nur als Proxy markiert.,SECONDARY,"Potential adjacent signal source, but not efficient enough for primary recurring problem discovery.",DO_NOT_CONTINUOUSLY_SCAN,0
r/OpenSourceAI,AI_Dev,LLM-/AI-Entwickler,MIXED,LEGACY_647,SEKUNDAER,S,SECONDARY_SIGNAL,NUR_SEKUNDAER,WAHRSCHEINLICH_AKTIV_PROXY,MEDIUM,Aktivität aus gelieferten Mitglieder-/Wachstumsdaten abgeleitet; nicht live verifiziert.,LOW_TO_MEDIUM,LOW,,"Kann ergänzende Markt-, Tool-, Trend- oder Zahlungs-Signale liefern, aber nicht als Kernquelle priorisieren.",150,20000,17000,Streng - meist nur Diskussion/Show-Threads,3.052,https://www.reddit.com/r/OpenSourceAI/,https://www.reddit.com/r/OpenSourceAI/new/,,Legacy-Seed: Entscheidung neu bewertet; Aktivität bei fehlendem Live-Check nur als Proxy markiert.,SECONDARY,"Potential adjacent signal source, but not efficient enough for primary recurring problem discovery.",DO_NOT_CONTINUOUSLY_SCAN,0
r/Rag,AI_Dev,LLM-/AI-Entwickler,MIXED,LEGACY_647,SEKUNDAER,S,SECONDARY_SIGNAL,NUR_SEKUNDAER,WAHRSCHEINLICH_AKTIV_PROXY,MEDIUM,Aktivität aus gelieferten Mitglieder-/Wachstumsdaten abgeleitet; nicht live verifiziert.,LOW_TO_MEDIUM,LOW,,"Kann ergänzende Markt-, Tool-, Trend- oder Zahlungs-Signale liefern, aber nicht als Kernquelle priorisieren.",150,70000,45000,Streng - meist nur Diskussion/Show-Threads,3.258,https://www.reddit.com/r/Rag/,https://www.reddit.com/r/Rag/new/,,Legacy-Seed: Entscheidung neu bewertet; Aktivität bei fehlendem Live-Check nur als Proxy markiert.,SECONDARY,"Potential adjacent signal source, but not efficient enough for primary recurring problem discovery.",DO_NOT_CONTINUOUSLY_SCAN,0
r/aiArt,AI_Image,AI-Bild/Video-Generierer,MIXED,LEGACY_647,SEKUNDAER,S,SECONDARY_SIGNAL,NUR_SEKUNDAER,WAHRSCHEINLICH_AKTIV_PROXY,MEDIUM,Aktivität aus gelieferten Mitglieder-/Wachstumsdaten abgeleitet; nicht live verifiziert.,LOW_TO_MEDIUM,LOW,,"Kann ergänzende Markt-, Tool-, Trend- oder Zahlungs-Signale liefern, aber nicht als Kernquelle priorisieren.",150,671000,50000,Streng - Show-Threads,3.537,https://www.reddit.com/r/aiArt/,https://www.reddit.com/r/aiArt/new/,,Legacy-Seed: Entscheidung neu bewertet; Aktivität bei fehlendem Live-Check nur als Proxy markiert.,SECONDARY,"Potential adjacent signal source, but not efficient enough for primary recurring problem discovery.",DO_NOT_CONTINUOUSLY_SCAN,0
r/aivideo,AI_Image,AI-Bild/Video-Generierer,MIXED,LEGACY_647,SEKUNDAER,S,SECONDARY_SIGNAL,NUR_SEKUNDAER,WAHRSCHEINLICH_AKTIV_PROXY,MEDIUM,Aktivität aus gelieferten Mitglieder-/Wachstumsdaten abgeleitet; nicht live verifiziert.,LOW_TO_MEDIUM,LOW,,"Kann ergänzende Markt-, Tool-, Trend- oder Zahlungs-Signale liefern, aber nicht als Kernquelle priorisieren.",150,364000,131000,Streng - Show-Threads,3.532,https://www.reddit.com/r/aivideo/,https://www.reddit.com/r/aivideo/new/,,Legacy-Seed: Entscheidung neu bewertet; Aktivität bei fehlendem Live-Check nur als Proxy markiert.,SECONDARY,"Potential adjacent signal source, but not efficient enough for primary recurring problem discovery.",DO_NOT_CONTINUOUSLY_SCAN,0
r/dalle2,AI_Image,AI-Bild/Video-Generierer,MIXED,LEGACY_647,SEKUNDAER,S,SECONDARY_SIGNAL,NEIN_BIS_GEPRUEFT,PRUEFEN,LOW,Legacy-Wachstum nicht positiv; vor Scan live prüfen.,LOW_TO_MEDIUM,LOW,,"Kann ergänzende Markt-, Tool-, Trend- oder Zahlungs-Signale liefern, aber nicht als Kernquelle priorisieren.",150,206000,-1913,Streng - Show-Threads,3.185,https://www.reddit.com/r/dalle2/,https://www.reddit.com/r/dalle2/new/,,Legacy-Seed: Entscheidung neu bewertet; Aktivität bei fehlendem Live-Check nur als Proxy markiert.,SECONDARY,"Potential adjacent signal source, but not efficient enough for primary recurring problem discovery.",DO_NOT_CONTINUOUSLY_SCAN,0
r/deepdream,AI_Image,AI-Bild/Video-Generierer,MIXED,LEGACY_647,SEKUNDAER,S,SECONDARY_SIGNAL,NUR_SEKUNDAER,WAHRSCHEINLICH_AKTIV_PROXY,MEDIUM,Aktivität aus gelieferten Mitglieder-/Wachstumsdaten abgeleitet; nicht live verifiziert.,LOW_TO_MEDIUM,LOW,,"Kann ergänzende Markt-, Tool-, Trend- oder Zahlungs-Signale liefern, aber nicht als Kernquelle priorisieren.",150,110000,5000,Streng - Show-Threads,3.052,https://www.reddit.com/r/deepdream/,https://www.reddit.com/r/deepdream/new/,,Legacy-Seed: Entscheidung neu bewertet; Aktivität bei fehlendem Live-Check nur als Proxy markiert.,SECONDARY,"Potential adjacent signal source, but not efficient enough for primary recurring problem discovery.",DO_NOT_CONTINUOUSLY_SCAN,0
r/DreamBooth,AI_Image,AI-Bild/Video-Generierer,MIXED,LEGACY_647,SEKUNDAER,S,SECONDARY_SIGNAL,NUR_SEKUNDAER,AKTIV_NISCHE_PROXY,MEDIUM,Kleinere/nischige Community laut Legacy-Daten; vor großem Scan live prüfen.,LOW_TO_MEDIUM,LOW,,"Kann ergänzende Markt-, Tool-, Trend- oder Zahlungs-Signale liefern, aber nicht als Kernquelle priorisieren.",150,7000,,Streng - Show-Threads,2.342,https://www.reddit.com/r/DreamBooth/,https://www.reddit.com/r/DreamBooth/new/,,Legacy-Seed: Entscheidung neu bewertet; Aktivität bei fehlendem Live-Check nur als Proxy markiert.,SECONDARY,"Potential adjacent signal source, but not efficient enough for primary recurring problem discovery.",DO_NOT_CONTINUOUSLY_SCAN,0
r/FluxAI,AI_Image,AI-Bild/Video-Generierer,MIXED,LEGACY_647,SEKUNDAER,S,SECONDARY_SIGNAL,NUR_SEKUNDAER,WAHRSCHEINLICH_AKTIV_PROXY,MEDIUM,Aktivität aus gelieferten Mitglieder-/Wachstumsdaten abgeleitet; nicht live verifiziert.,LOW_TO_MEDIUM,LOW,,"Kann ergänzende Markt-, Tool-, Trend- oder Zahlungs-Signale liefern, aber nicht als Kernquelle priorisieren.",150,28000,6000,Streng - Show-Threads,2.793,https://www.reddit.com/r/FluxAI/,https://www.reddit.com/r/FluxAI/new/,,Legacy-Seed: Entscheidung neu bewertet; Aktivität bei fehlendem Live-Check nur als Proxy markiert.,SECONDARY,"Potential adjacent signal source, but not efficient enough for primary recurring problem discovery.",DO_NOT_CONTINUOUSLY_SCAN,0
r/GPT3,AI_Image,AI-Bild/Video-Generierer,MIXED,LEGACY_647,SEKUNDAER,S,SECONDARY_SIGNAL,NUR_SEKUNDAER,WAHRSCHEINLICH_AKTIV_PROXY,MEDIUM,Aktivität aus gelieferten Mitglieder-/Wachstumsdaten abgeleitet; nicht live verifiziert.,LOW_TO_MEDIUM,LOW,,"Kann ergänzende Markt-, Tool-, Trend- oder Zahlungs-Signale liefern, aber nicht als Kernquelle priorisieren.",150,1400000,3000,Streng - Show-Threads,3.689,https://www.reddit.com/r/GPT3/,https://www.reddit.com/r/GPT3/new/,,Legacy-Seed: Entscheidung neu bewertet; Aktivität bei fehlendem Live-Check nur als Proxy markiert.,SECONDARY,"Potential adjacent signal source, but not efficient enough for primary recurring problem discovery.",DO_NOT_CONTINUOUSLY_SCAN,0
r/midjourney,AI_Image,AI-Bild/Video-Generierer,MIXED,LEGACY_647,SEKUNDAER,S,SECONDARY_SIGNAL,NUR_SEKUNDAER,WAHRSCHEINLICH_AKTIV_PROXY,MEDIUM,Aktivität aus gelieferten Mitglieder-/Wachstumsdaten abgeleitet; nicht live verifiziert.,LOW_TO_MEDIUM,LOW,,"Kann ergänzende Markt-, Tool-, Trend- oder Zahlungs-Signale liefern, aber nicht als Kernquelle priorisieren.",150,1800000,28000,Streng - Show-Threads,3.762,https://www.reddit.com/r/midjourney/,https://www.reddit.com/r/midjourney/new/,,Legacy-Seed: Entscheidung neu bewertet; Aktivität bei fehlendem Live-Check nur als Proxy markiert.,SECONDARY,"Potential adjacent signal source, but not efficient enough for primary recurring problem discovery.",DO_NOT_CONTINUOUSLY_SCAN,0
r/sdforall,AI_Image,AI-Bild/Video-Generierer,MIXED,LEGACY_647,SEKUNDAER,S,SECONDARY_SIGNAL,NUR_SEKUNDAER,AKTIV_NISCHE_PROXY,MEDIUM,Kleinere/nischige Community laut Legacy-Daten; vor großem Scan live prüfen.,LOW_TO_MEDIUM,LOW,,"Kann ergänzende Markt-, Tool-, Trend- oder Zahlungs-Signale liefern, aber nicht als Kernquelle priorisieren.",150,33000,4000,Streng - Show-Threads,2.784,https://www.reddit.com/r/sdforall/,https://www.reddit.com/r/sdforall/new/,,Legacy-Seed: Entscheidung neu bewertet; Aktivität bei fehlendem Live-Check nur als Proxy markiert.,SECONDARY,"Potential adjacent signal source, but not efficient enough for primary recurring problem discovery.",DO_NOT_CONTINUOUSLY_SCAN,0
r/StableDiffusion,AI_Image,AI-Bild/Video-Generierer,MIXED,LEGACY_647,SEKUNDAER,S,SECONDARY_SIGNAL,NUR_SEKUNDAER,WAHRSCHEINLICH_AKTIV_PROXY,MEDIUM,Aktivität aus gelieferten Mitglieder-/Wachstumsdaten abgeleitet; nicht live verifiziert.,LOW_TO_MEDIUM,LOW,,"Kann ergänzende Markt-, Tool-, Trend- oder Zahlungs-Signale liefern, aber nicht als Kernquelle priorisieren.",150,943000,219000,Streng - Show-Threads,3.71,https://www.reddit.com/r/StableDiffusion/,https://www.reddit.com/r/StableDiffusion/new/,,Legacy-Seed: Entscheidung neu bewertet; Aktivität bei fehlendem Live-Check nur als Proxy markiert.,SECONDARY,"Potential adjacent signal source, but not efficient enough for primary recurring problem discovery.",DO_NOT_CONTINUOUSLY_SCAN,0
r/starryai,AI_Image,AI-Bild/Video-Generierer,MIXED,LEGACY_647,SEKUNDAER,S,SECONDARY_SIGNAL,NUR_SEKUNDAER,WAHRSCHEINLICH_AKTIV_PROXY,MEDIUM,Aktivität aus gelieferten Mitglieder-/Wachstumsdaten abgeleitet; nicht live verifiziert.,LOW_TO_MEDIUM,LOW,,"Kann ergänzende Markt-, Tool-, Trend- oder Zahlungs-Signale liefern, aber nicht als Kernquelle priorisieren.",150,32000,17000,Streng - Show-Threads,2.998,https://www.reddit.com/r/starryai/,https://www.reddit.com/r/starryai/new/,,Legacy-Seed: Entscheidung neu bewertet; Aktivität bei fehlendem Live-Check nur als Proxy markiert.,SECONDARY,"Potential adjacent signal source, but not efficient enough for primary recurring problem discovery.",DO_NOT_CONTINUOUSLY_SCAN,0
r/weirddalle,AI_Image,AI-Bild/Video-Generierer,MIXED,LEGACY_647,SEKUNDAER,S,SECONDARY_SIGNAL,NUR_SEKUNDAER,WAHRSCHEINLICH_AKTIV_PROXY,MEDIUM,Aktivität aus gelieferten Mitglieder-/Wachstumsdaten abgeleitet; nicht live verifiziert.,LOW_TO_MEDIUM,LOW,,"Kann ergänzende Markt-, Tool-, Trend- oder Zahlungs-Signale liefern, aber nicht als Kernquelle priorisieren.",150,1200000,,Streng - Show-Threads,3.648,https://www.reddit.com/r/weirddalle/,https://www.reddit.com/r/weirddalle/new/,,Legacy-Seed: Entscheidung neu bewertet; Aktivität bei fehlendem Live-Check nur als Proxy markiert.,SECONDARY,"Potential adjacent signal source, but not efficient enough for primary recurring problem discovery.",DO_NOT_CONTINUOUSLY_SCAN,0
r/AI_ART,AI_Tools_Content,AI-Tool-/Content-Automation-Nutzer,MIXED,LEGACY_647,SEKUNDAER,S,SECONDARY_SIGNAL,NUR_SEKUNDAER,AKTIV_NISCHE_PROXY,MEDIUM,Kleinere/nischige Community laut Legacy-Daten; vor großem Scan live prüfen.,LOW_TO_MEDIUM,LOW,,"Kann ergänzende Markt-, Tool-, Trend- oder Zahlungs-Signale liefern, aber nicht als Kernquelle priorisieren.",150,7000,,"Eingeschraenkt - tw. promo-affin, oft spammy",3.122,https://www.reddit.com/r/AI_ART/,https://www.reddit.com/r/AI_ART/new/,,Legacy-Seed: Entscheidung neu bewertet; Aktivität bei fehlendem Live-Check nur als Proxy markiert.,SECONDARY,"Potential adjacent signal source, but not efficient enough for primary recurring problem discovery.",DO_NOT_CONTINUOUSLY_SCAN,0
r/AI_UGC_Marketing,AI_Tools_Content,AI-Tool-/Content-Automation-Nutzer,MIXED,LEGACY_647,SEKUNDAER,S,SECONDARY_SIGNAL,NUR_SEKUNDAER,AKTIV_NISCHE_PROXY,MEDIUM,Kleinere/nischige Community laut Legacy-Daten; vor großem Scan live prüfen.,LOW_TO_MEDIUM,LOW,,"Kann ergänzende Markt-, Tool-, Trend- oder Zahlungs-Signale liefern, aber nicht als Kernquelle priorisieren.",150,18000,,"Eingeschraenkt - tw. promo-affin, oft spammy",3.423,https://www.reddit.com/r/AI_UGC_Marketing/,https://www.reddit.com/r/AI_UGC_Marketing/new/,,Legacy-Seed: Entscheidung neu bewertet; Aktivität bei fehlendem Live-Check nur als Proxy markiert.,SECONDARY,"Potential adjacent signal source, but not efficient enough for primary recurring problem discovery.",DO_NOT_CONTINUOUSLY_SCAN,0
r/AIContentAutomators,AI_Tools_Content,AI-Tool-/Content-Automation-Nutzer,MIXED,LEGACY_647,SEKUNDAER,S,SECONDARY_SIGNAL,NUR_SEKUNDAER,AKTIV_NISCHE_PROXY,MEDIUM,Kleinere/nischige Community laut Legacy-Daten; vor großem Scan live prüfen.,LOW_TO_MEDIUM,LOW,,"Kann ergänzende Markt-, Tool-, Trend- oder Zahlungs-Signale liefern, aber nicht als Kernquelle priorisieren.",150,9000,,"Eingeschraenkt - tw. promo-affin, oft spammy",3.2,https://www.reddit.com/r/AIContentAutomators/,https://www.reddit.com/r/AIContentAutomators/new/,,Legacy-Seed: Entscheidung neu bewertet; Aktivität bei fehlendem Live-Check nur als Proxy markiert.,SECONDARY,"Potential adjacent signal source, but not efficient enough for primary recurring problem discovery.",DO_NOT_CONTINUOUSLY_SCAN,0
r/AIToolsAndTips,AI_Tools_Content,AI-Tool-/Content-Automation-Nutzer,MIXED,LEGACY_647,SEKUNDAER,S,SECONDARY_SIGNAL,NUR_SEKUNDAER,AKTIV_NISCHE_PROXY,MEDIUM,Kleinere/nischige Community laut Legacy-Daten; vor großem Scan live prüfen.,LOW_TO_MEDIUM,LOW,,"Kann ergänzende Markt-, Tool-, Trend- oder Zahlungs-Signale liefern, aber nicht als Kernquelle priorisieren.",150,14000,,"Eingeschraenkt - tw. promo-affin, oft spammy",3.341,https://www.reddit.com/r/AIToolsAndTips/,https://www.reddit.com/r/AIToolsAndTips/new/,,Legacy-Seed: Entscheidung neu bewertet; Aktivität bei fehlendem Live-Check nur als Proxy markiert.,SECONDARY,"Potential adjacent signal source, but not efficient enough for primary recurring problem discovery.",DO_NOT_CONTINUOUSLY_SCAN,0
r/FacelessVideos,AI_Tools_Content,AI-Tool-/Content-Automation-Nutzer,MIXED,LEGACY_647,SEKUNDAER,S,SECONDARY_SIGNAL,NEIN_BIS_GEPRUEFT,PRUEFEN,LOW,Sehr kleine Community laut Legacy-Daten; vor Scan live prüfen.,LOW_TO_MEDIUM,LOW,,"Kann ergänzende Markt-, Tool-, Trend- oder Zahlungs-Signale liefern, aber nicht als Kernquelle priorisieren.",150,2000,,"Eingeschraenkt - tw. promo-affin, oft spammy",2.782,https://www.reddit.com/r/FacelessVideos/,https://www.reddit.com/r/FacelessVideos/new/,,Legacy-Seed: Entscheidung neu bewertet; Aktivität bei fehlendem Live-Check nur als Proxy markiert.,SECONDARY,"Potential adjacent signal source, but not efficient enough for primary recurring problem discovery.",DO_NOT_CONTINUOUSLY_SCAN,0
r/heygen,AI_Tools_Content,AI-Tool-/Content-Automation-Nutzer,MIXED,LEGACY_647,SEKUNDAER,S,SECONDARY_SIGNAL,NEIN_BIS_GEPRUEFT,PRUEFEN,LOW,Sehr kleine Community laut Legacy-Daten; vor Scan live prüfen.,LOW_TO_MEDIUM,LOW,,"Kann ergänzende Markt-, Tool-, Trend- oder Zahlungs-Signale liefern, aber nicht als Kernquelle priorisieren.",150,959,,"Eingeschraenkt - tw. promo-affin, oft spammy",2.634,https://www.reddit.com/r/heygen/,https://www.reddit.com/r/heygen/new/,,Legacy-Seed: Entscheidung neu bewertet; Aktivität bei fehlendem Live-Check nur als Proxy markiert.,SECONDARY,"Potential adjacent signal source, but not efficient enough for primary recurring problem discovery.",DO_NOT_CONTINUOUSLY_SCAN,0
r/NextGenAITool,AI_Tools_Content,AI-Tool-/Content-Automation-Nutzer,MIXED,LEGACY_647,SEKUNDAER,S,SECONDARY_SIGNAL,NUR_SEKUNDAER,AKTIV_NISCHE_PROXY,MEDIUM,Kleinere/nischige Community laut Legacy-Daten; vor großem Scan live prüfen.,LOW_TO_MEDIUM,LOW,,"Kann ergänzende Markt-, Tool-, Trend- oder Zahlungs-Signale liefern, aber nicht als Kernquelle priorisieren.",150,22000,,"Eingeschraenkt - tw. promo-affin, oft spammy",3.489,https://www.reddit.com/r/NextGenAITool/,https://www.reddit.com/r/NextGenAITool/new/,,Legacy-Seed: Entscheidung neu bewertet; Aktivität bei fehlendem Live-Check nur als Proxy markiert.,SECONDARY,"Potential adjacent signal source, but not efficient enough for primary recurring problem discovery.",DO_NOT_CONTINUOUSLY_SCAN,0
r/AutoDetailing,Auto_Moto,Auto-/Motorrad-Fans,MIXED,LEGACY_647,BRAUCHEN_TESTEN,B,EXPLORATION,NEIN_BIS_GEPRUEFT,PRUEFEN,LOW,Keine verwertbaren Aktivitätsmetriken in der gelieferten Legacy-Datei.,HIGH,LOW,,"Beruf/Prosumer-Mix; sinnvoller Pilot, tatsächlicher Research-Yield muss gemessen werden.",250,,,Streng - Mehrwert,1.8,https://www.reddit.com/r/AutoDetailing/,https://www.reddit.com/r/AutoDetailing/new/,,Legacy-Seed: Entscheidung neu bewertet; Aktivität bei fehlendem Live-Check nur als Proxy markiert.,SECONDARY,Unclear fit; keep only as secondary until measured yield proves value.,DO_NOT_CONTINUOUSLY_SCAN,0
r/bicycling,Auto_Moto,Auto-/Motorrad-Fans,MIXED,LEGACY_647,BRAUCHEN_TESTEN,B,EXPLORATION,NEIN_BIS_GEPRUEFT,PRUEFEN,LOW,Keine verwertbaren Aktivitätsmetriken in der gelieferten Legacy-Datei.,HIGH,LOW,,"Beruf/Prosumer-Mix; sinnvoller Pilot, tatsächlicher Research-Yield muss gemessen werden.",250,,,Streng - Mehrwert,1.8,https://www.reddit.com/r/bicycling/,https://www.reddit.com/r/bicycling/new/,,Legacy-Seed: Entscheidung neu bewertet; Aktivität bei fehlendem Live-Check nur als Proxy markiert.,SECONDARY,Unclear fit; keep only as secondary until measured yield proves value.,DO_NOT_CONTINUOUSLY_SCAN,0
r/cars,Auto_Moto,Auto-/Motorrad-Fans,MIXED,LEGACY_647,BRAUCHEN_TESTEN,B,EXPLORATION,NEIN_BIS_GEPRUEFT,PRUEFEN,LOW,Keine verwertbaren Aktivitätsmetriken in der gelieferten Legacy-Datei.,HIGH,LOW,,"Beruf/Prosumer-Mix; sinnvoller Pilot, tatsächlicher Research-Yield muss gemessen werden.",250,,,Streng - Mehrwert,1.8,https://www.reddit.com/r/cars/,https://www.reddit.com/r/cars/new/,,Legacy-Seed: Entscheidung neu bewertet; Aktivität bei fehlendem Live-Check nur als Proxy markiert.,SECONDARY,Unclear fit; keep only as secondary until measured yield proves value.,DO_NOT_CONTINUOUSLY_SCAN,0
r/Cartalk,Auto_Moto,Auto-/Motorrad-Fans,MIXED,LEGACY_647,BRAUCHEN_TESTEN,B,EXPLORATION,NEIN_BIS_GEPRUEFT,PRUEFEN,LOW,Keine verwertbaren Aktivitätsmetriken in der gelieferten Legacy-Datei.,HIGH,LOW,,"Beruf/Prosumer-Mix; sinnvoller Pilot, tatsächlicher Research-Yield muss gemessen werden.",250,,,Streng - Mehrwert,1.8,https://www.reddit.com/r/Cartalk/,https://www.reddit.com/r/Cartalk/new/,,Legacy-Seed: Entscheidung neu bewertet; Aktivität bei fehlendem Live-Check nur als Proxy markiert.,SECONDARY,Unclear fit; keep only as secondary until measured yield proves value.,DO_NOT_CONTINUOUSLY_SCAN,0
r/classiccars,Auto_Moto,Auto-/Motorrad-Fans,MIXED,LEGACY_647,BRAUCHEN_TESTEN,B,EXPLORATION,NEIN_BIS_GEPRUEFT,PRUEFEN,LOW,Keine verwertbaren Aktivitätsmetriken in der gelieferten Legacy-Datei.,HIGH,LOW,,"Beruf/Prosumer-Mix; sinnvoller Pilot, tatsächlicher Research-Yield muss gemessen werden.",250,,,Streng - Mehrwert,1.8,https://www.reddit.com/r/classiccars/,https://www.reddit.com/r/classiccars/new/,,Legacy-Seed: Entscheidung neu bewertet; Aktivität bei fehlendem Live-Check nur als Proxy markiert.,SECONDARY,Unclear fit; keep only as secondary until measured yield proves value.,DO_NOT_CONTINUOUSLY_SCAN,0
r/cycling,Auto_Moto,Auto-/Motorrad-Fans,MIXED,LEGACY_647,BRAUCHEN_TESTEN,B,EXPLORATION,NEIN_BIS_GEPRUEFT,PRUEFEN,LOW,Keine verwertbaren Aktivitätsmetriken in der gelieferten Legacy-Datei.,HIGH,LOW,,"Beruf/Prosumer-Mix; sinnvoller Pilot, tatsächlicher Research-Yield muss gemessen werden.",250,,,Streng - Mehrwert,1.8,https://www.reddit.com/r/cycling/,https://www.reddit.com/r/cycling/new/,,Legacy-Seed: Entscheidung neu bewertet; Aktivität bei fehlendem Live-Check nur als Proxy markiert.,SECONDARY,Unclear fit; keep only as secondary until measured yield proves value.,DO_NOT_CONTINUOUSLY_SCAN,0
r/MechanicAdvice,Auto_Moto,Auto-/Motorrad-Fans,MIXED,LEGACY_647,BRAUCHEN_TESTEN,B,EXPLORATION,NEIN_BIS_GEPRUEFT,PRUEFEN,LOW,Keine verwertbaren Aktivitätsmetriken in der gelieferten Legacy-Datei.,HIGH,LOW,,"Beruf/Prosumer-Mix; sinnvoller Pilot, tatsächlicher Research-Yield muss gemessen werden.",250,,,Streng - Mehrwert,1.8,https://www.reddit.com/r/MechanicAdvice/,https://www.reddit.com/r/MechanicAdvice/new/,,Legacy-Seed: Entscheidung neu bewertet; Aktivität bei fehlendem Live-Check nur als Proxy markiert.,SECONDARY,Unclear fit; keep only as secondary until measured yield proves value.,DO_NOT_CONTINUOUSLY_SCAN,0
r/motorcycles,Auto_Moto,Auto-/Motorrad-Fans,MIXED,LEGACY_647,BRAUCHEN_TESTEN,B,EXPLORATION,NEIN_BIS_GEPRUEFT,PRUEFEN,LOW,Keine verwertbaren Aktivitätsmetriken in der gelieferten Legacy-Datei.,HIGH,LOW,,"Beruf/Prosumer-Mix; sinnvoller Pilot, tatsächlicher Research-Yield muss gemessen werden.",250,,,Streng - Mehrwert,1.8,https://www.reddit.com/r/motorcycles/,https://www.reddit.com/r/motorcycles/new/,,Legacy-Seed: Entscheidung neu bewertet; Aktivität bei fehlendem Live-Check nur als Proxy markiert.,SECONDARY,Unclear fit; keep only as secondary until measured yield proves value.,DO_NOT_CONTINUOUSLY_SCAN,0
r/projectcar,Auto_Moto,Auto-/Motorrad-Fans,MIXED,LEGACY_647,BRAUCHEN_TESTEN,B,EXPLORATION,NEIN_BIS_GEPRUEFT,PRUEFEN,LOW,Keine verwertbaren Aktivitätsmetriken in der gelieferten Legacy-Datei.,HIGH,LOW,,"Beruf/Prosumer-Mix; sinnvoller Pilot, tatsächlicher Research-Yield muss gemessen werden.",250,,,Streng - Mehrwert,1.8,https://www.reddit.com/r/projectcar/,https://www.reddit.com/r/projectcar/new/,,Legacy-Seed: Entscheidung neu bewertet; Aktivität bei fehlendem Live-Check nur als Proxy markiert.,SECONDARY,Unclear fit; keep only as secondary until measured yield proves value.,DO_NOT_CONTINUOUSLY_SCAN,0
r/Antiques,Collecting_Hobbies,Antique collectors/dealers,HOBBY / CONSUMER / PROSUMER,NEW_WEB_RESEARCH,HOBBY_PROSUMER,C,HOBBY_PROSUMER,JA_LIGHT,ACTIVE_VERIFIED_2026-09,HIGH,Reddit /new page checked via web research in September 2026.,MEDIUM,LOW,"Identification, valuation, provenance, buying/selling","Aktive Hobby-/Prosumer-Community; niedrigeres Budget, aber potenziell gute Tool-/Commerce-Pains.",150,,,,,https://www.reddit.com/r/Antiques/,https://www.reddit.com/r/Antiques/new/,2026-09-18,Zusätzlich nach der 314er-Erweiterung gefunden und gegen vorhandene Namen dedupliziert.,SECONDARY,"Potential adjacent signal source, but not efficient enough for primary recurring problem discovery.",DO_NOT_CONTINUOUSLY_SCAN,0
r/coincollecting,Collecting_Hobbies,Sammler und spezialisierte Hobby-Communities,HOBBY_PROSUMER / COLLECTOR,EXPANSION_314,HOBBY_PROSUMER,C,HOBBY_PROSUMER,JA_LIGHT,ACTIVE_VERIFIED_2026-09,HIGH,Current /new feed checked via web in Sep 2026,HIGH,LOW,"Inventar, Bewertung, Authentifizierung, Tracking, Marktplätze, Organisation, Kauf/Verkauf",Hobby-/Prosumer-Quelle; nur leicht scannen und auf Tools/Commerce/Organisation fokussieren.,150,,,,,https://www.reddit.com/r/coincollecting/,https://www.reddit.com/r/coincollecting/new/,2026-09-18,Current /new feed checked via web in Sep 2026,SECONDARY,"Potential adjacent signal source, but not efficient enough for primary recurring problem discovery.",DO_NOT_CONTINUOUSLY_SCAN,0
r/coins,Collecting_Hobbies,Sammler und spezialisierte Hobby-Communities,HOBBY_PROSUMER / COLLECTOR,EXPANSION_314,HOBBY_PROSUMER,C,HOBBY_PROSUMER,JA_LIGHT,ACTIVE_VERIFIED_2026-09,HIGH,Current /new feed checked via web in Sep 2026,HIGH,LOW,"Inventar, Bewertung, Authentifizierung, Tracking, Marktplätze, Organisation, Kauf/Verkauf",Hobby-/Prosumer-Quelle; nur leicht scannen und auf Tools/Commerce/Organisation fokussieren.,150,,,,,https://www.reddit.com/r/coins/,https://www.reddit.com/r/coins/new/,2026-09-18,Current /new feed checked via web in Sep 2026,SECONDARY,"Potential adjacent signal source, but not efficient enough for primary recurring problem discovery.",DO_NOT_CONTINUOUSLY_SCAN,0
r/DnD,Collecting_Hobbies,Tabletop RPG players/DMs,HOBBY / CONSUMER / PROSUMER,NEW_WEB_RESEARCH,HOBBY_PROSUMER,C,HOBBY_PROSUMER,JA_LIGHT,ACTIVE_VERIFIED_2026-09,HIGH,Reddit /new page checked via web research in September 2026.,MEDIUM,LOW,"Campaign management, scheduling, content, tools","Aktive Hobby-/Prosumer-Community; niedrigeres Budget, aber potenziell gute Tool-/Commerce-Pains.",150,,,,,https://www.reddit.com/r/DnD/,https://www.reddit.com/r/DnD/new/,2026-09-18,Zusätzlich nach der 314er-Erweiterung gefunden und gegen vorhandene Namen dedupliziert.,SECONDARY,"Potential adjacent signal source, but not efficient enough for primary recurring problem discovery.",DO_NOT_CONTINUOUSLY_SCAN,0
r/EDC,Collecting_Hobbies,Everyday-carry enthusiasts,HOBBY / CONSUMER / PROSUMER,NEW_WEB_RESEARCH,HOBBY_PROSUMER,C,HOBBY_PROSUMER,JA_LIGHT,ACTIVE_VERIFIED_2026-09,HIGH,Reddit /new page checked via web research in September 2026.,MEDIUM,LOW,"Gear discovery, organization, purchasing, collections","Aktive Hobby-/Prosumer-Community; niedrigeres Budget, aber potenziell gute Tool-/Commerce-Pains.",150,,,,,https://www.reddit.com/r/EDC/,https://www.reddit.com/r/EDC/new/,2026-09-18,Zusätzlich nach der 314er-Erweiterung gefunden und gegen vorhandene Namen dedupliziert.,SECONDARY,"Potential adjacent signal source, but not efficient enough for primary recurring problem discovery.",DO_NOT_CONTINUOUSLY_SCAN,0
r/Genealogy,Collecting_Hobbies,Sammler und spezialisierte Hobby-Communities,HOBBY_PROSUMER / COLLECTOR,EXPANSION_314,HOBBY_PROSUMER,C,HOBBY_PROSUMER,JA_LIGHT,ACTIVE_VERIFIED_2026-09,HIGH,Current /new feed checked via web in Sep 2026,HIGH,LOW,"Inventar, Bewertung, Authentifizierung, Tracking, Marktplätze, Organisation, Kauf/Verkauf",Hobby-/Prosumer-Quelle; nur leicht scannen und auf Tools/Commerce/Organisation fokussieren.,150,,,,,https://www.reddit.com/r/Genealogy/,https://www.reddit.com/r/Genealogy/new/,2026-09-18,Current /new feed checked via web in Sep 2026,SECONDARY,"Potential adjacent signal source, but not efficient enough for primary recurring problem discovery.",DO_NOT_CONTINUOUSLY_SCAN,0
r/Gunpla,Collecting_Hobbies,Sammler und spezialisierte Hobby-Communities,HOBBY_PROSUMER / COLLECTOR,EXPANSION_314,HOBBY_PROSUMER,C,HOBBY_PROSUMER,JA_LIGHT,ACTIVE_VERIFIED_2026-09,HIGH,Current /new feed checked via web in Sep 2026,HIGH,LOW,"Inventar, Bewertung, Authentifizierung, Tracking, Marktplätze, Organisation, Kauf/Verkauf",Hobby-/Prosumer-Quelle; nur leicht scannen und auf Tools/Commerce/Organisation fokussieren.,150,,,,,https://www.reddit.com/r/Gunpla/,https://www.reddit.com/r/Gunpla/new/,2026-09-18,Current /new feed checked via web in Sep 2026,SECONDARY,"Potential adjacent signal source, but not efficient enough for primary recurring problem discovery.",DO_NOT_CONTINUOUSLY_SCAN,0
r/MagicTCG,Collecting_Hobbies,Sammler und spezialisierte Hobby-Communities,HOBBY_PROSUMER / COLLECTOR,EXPANSION_314,HOBBY_PROSUMER,C,HOBBY_PROSUMER,JA_LIGHT,ACTIVE_NICHE_VERIFIED_2026-09,HIGH,Current /new feed checked via web in Sep 2026,HIGH,LOW,"Inventar, Bewertung, Authentifizierung, Tracking, Marktplätze, Organisation, Kauf/Verkauf",Hobby-/Prosumer-Quelle; nur leicht scannen und auf Tools/Commerce/Organisation fokussieren.,150,,,,,https://www.reddit.com/r/MagicTCG/,https://www.reddit.com/r/MagicTCG/new/,2026-09-18,Current /new feed checked via web in Sep 2026,SECONDARY,"Potential adjacent signal source, but not efficient enough for primary recurring problem discovery.",DO_NOT_CONTINUOUSLY_SCAN,0
r/Miniaturespainting,Collecting_Hobbies,Sammler und spezialisierte Hobby-Communities,HOBBY_PROSUMER / COLLECTOR,EXPANSION_314,HOBBY_PROSUMER,C,HOBBY_PROSUMER,JA_LIGHT,ACTIVE_NICHE_VERIFIED_2026-09,HIGH,Current /new feed checked via web in Sep 2026,HIGH,LOW,"Inventar, Bewertung, Authentifizierung, Tracking, Marktplätze, Organisation, Kauf/Verkauf",Hobby-/Prosumer-Quelle; nur leicht scannen und auf Tools/Commerce/Organisation fokussieren.,150,,,,,https://www.reddit.com/r/Miniaturespainting/,https://www.reddit.com/r/Miniaturespainting/new/,2026-09-18,Current /new feed checked via web in Sep 2026,SECONDARY,"Potential adjacent signal source, but not efficient enough for primary recurring problem discovery.",DO_NOT_CONTINUOUSLY_SCAN,0
r/modelmakers,Collecting_Hobbies,Sammler und spezialisierte Hobby-Communities,HOBBY_PROSUMER / COLLECTOR,EXPANSION_314,HOBBY_PROSUMER,C,HOBBY_PROSUMER,JA_LIGHT,ACTIVE_VERIFIED_2026-09,HIGH,Current /new feed checked via web in Sep 2026,HIGH,LOW,"Inventar, Bewertung, Authentifizierung, Tracking, Marktplätze, Organisation, Kauf/Verkauf",Hobby-/Prosumer-Quelle; nur leicht scannen und auf Tools/Commerce/Organisation fokussieren.,150,,,,,https://www.reddit.com/r/modelmakers/,https://www.reddit.com/r/modelmakers/new/,2026-09-18,Current /new feed checked via web in Sep 2026,SECONDARY,"Potential adjacent signal source, but not efficient enough for primary recurring problem discovery.",DO_NOT_CONTINUOUSLY_SCAN,0
r/PokemonTCG,Collecting_Hobbies,Sammler und spezialisierte Hobby-Communities,HOBBY_PROSUMER / COLLECTOR,EXPANSION_314,HOBBY_PROSUMER,C,HOBBY_PROSUMER,JA_LIGHT,ACTIVE_VERIFIED_2026-09,HIGH,Current /new feed checked via web in Sep 2026,HIGH,LOW,"Inventar, Bewertung, Authentifizierung, Tracking, Marktplätze, Organisation, Kauf/Verkauf",Hobby-/Prosumer-Quelle; nur leicht scannen und auf Tools/Commerce/Organisation fokussieren.,150,,,,,https://www.reddit.com/r/PokemonTCG/,https://www.reddit.com/r/PokemonTCG/new/,2026-09-18,Current /new feed checked via web in Sep 2026,SECONDARY,"Potential adjacent signal source, but not efficient enough for primary recurring problem discovery.",DO_NOT_CONTINUOUSLY_SCAN,0
r/ThriftStoreHauls,Collecting_Hobbies,Thrifters / resellers / collectors,HOBBY / CONSUMER / PROSUMER,NEW_WEB_RESEARCH,HOBBY_PROSUMER,C,HOBBY_PROSUMER,JA_LIGHT,ACTIVE_VERIFIED_2026-09,HIGH,Reddit /new page checked via web research in September 2026.,MEDIUM,LOW,"Sourcing, valuation, resale-adjacent hobby behavior","Aktive Hobby-/Prosumer-Community; niedrigeres Budget, aber potenziell gute Tool-/Commerce-Pains.",150,,,,,https://www.reddit.com/r/ThriftStoreHauls/,https://www.reddit.com/r/ThriftStoreHauls/new/,2026-09-18,Zusätzlich nach der 314er-Erweiterung gefunden und gegen vorhandene Namen dedupliziert.,SECONDARY,"Potential adjacent signal source, but not efficient enough for primary recurring problem discovery.",DO_NOT_CONTINUOUSLY_SCAN,0
r/Warhammer,Collecting_Hobbies,Warhammer hobbyists,HOBBY / CONSUMER / PROSUMER,NEW_WEB_RESEARCH,HOBBY_PROSUMER,C,HOBBY_PROSUMER,JA_LIGHT,ACTIVE_VERIFIED_2026-09,HIGH,Reddit /new page checked via web research in September 2026.,MEDIUM,LOW,"Collection, painting, army planning, buying/selling","Aktive Hobby-/Prosumer-Community; niedrigeres Budget, aber potenziell gute Tool-/Commerce-Pains.",150,,,,,https://www.reddit.com/r/Warhammer/,https://www.reddit.com/r/Warhammer/new/,2026-09-18,Zusätzlich nach der 314er-Erweiterung gefunden und gegen vorhandene Namen dedupliziert.,SECONDARY,"Useful for adjacent trend/tool/market signals, but too broad, hobby-heavy, builder-heavy or promotional for primary pain discovery.",DO_NOT_CONTINUOUSLY_SCAN,0
r/Warhammer40k,Collecting_Hobbies,Sammler und spezialisierte Hobby-Communities,HOBBY_PROSUMER / COLLECTOR,EXPANSION_314,HOBBY_PROSUMER,C,HOBBY_PROSUMER,JA_LIGHT,ACTIVE_VERIFIED_2026-09,HIGH,Current /new feed checked via web in Sep 2026,HIGH,LOW,"Inventar, Bewertung, Authentifizierung, Tracking, Marktplätze, Organisation, Kauf/Verkauf",Hobby-/Prosumer-Quelle; nur leicht scannen und auf Tools/Commerce/Organisation fokussieren.,150,,,,,https://www.reddit.com/r/Warhammer40k/,https://www.reddit.com/r/Warhammer40k/new/,2026-09-18,Current /new feed checked via web in Sep 2026,SECONDARY,"Useful for adjacent trend/tool/market signals, but too broad, hobby-heavy, builder-heavy or promotional for primary pain discovery.",DO_NOT_CONTINUOUSLY_SCAN,0
r/ArtistLounge,Crafts_Makers_Sellers,"Maker, Künstler, Handarbeits- und Craft-Seller",HOBBY_PROSUMER / SELLER / SIDE_HUSTLE,EXPANSION_314,BRAUCHEN_TESTEN,B,EXPLORATION,JA,ACTIVE_VERIFIED_2026-09,HIGH,Current /new feed checked via web in Sep 2026,HIGH,LOW,"Design, Material, Maschinen, Dateien, Kalkulation, Inventar, Verkauf, Personalisierung, Produktion",Sinnvoller Exploration-Pilot; Research-Yield messen.,250,,,,,https://www.reddit.com/r/ArtistLounge/,https://www.reddit.com/r/ArtistLounge/new/,2026-09-18,Current /new feed checked via web in Sep 2026,SECONDARY,Mostly hobby craft discussion; use only for occasional prosumer/tool signals.,DO_NOT_CONTINUOUSLY_SCAN,0
r/ArtsandCrafts,Crafts_Makers_Sellers,"Maker, Künstler, Handarbeits- und Craft-Seller",HOBBY_PROSUMER / SELLER / SIDE_HUSTLE,EXPANSION_314,BRAUCHEN_TESTEN,B,EXPLORATION,JA,ACTIVE_VERIFIED_2026-09,HIGH,Current /new feed checked via web in Sep 2026,HIGH,LOW,"Design, Material, Maschinen, Dateien, Kalkulation, Inventar, Verkauf, Personalisierung, Produktion",Sinnvoller Exploration-Pilot; Research-Yield messen.,250,,,,,https://www.reddit.com/r/ArtsandCrafts/,https://www.reddit.com/r/ArtsandCrafts/new/,2026-09-18,Current /new feed checked via web in Sep 2026,SECONDARY,Mostly hobby craft discussion; use only for occasional prosumer/tool signals.,DO_NOT_CONTINUOUSLY_SCAN,0
r/candlemaking,Crafts_Makers_Sellers,"Maker, Künstler, Handarbeits- und Craft-Seller",HOBBY_PROSUMER / SELLER / SIDE_HUSTLE,EXPANSION_314,BRAUCHEN_TESTEN,B,EXPLORATION,JA,ACTIVE_VERIFIED_2026-09,HIGH,Current /new feed checked via web in Sep 2026,HIGH,LOW,"Design, Material, Maschinen, Dateien, Kalkulation, Inventar, Verkauf, Personalisierung, Produktion",Sinnvoller Exploration-Pilot; Research-Yield messen.,250,,,,,https://www.reddit.com/r/candlemaking/,https://www.reddit.com/r/candlemaking/new/,2026-09-18,Current /new feed checked via web in Sep 2026,SECONDARY,Mostly hobby craft discussion; use only for occasional prosumer/tool signals.,DO_NOT_CONTINUOUSLY_SCAN,0
r/Ceramics,Crafts_Makers_Sellers,"Maker, Künstler, Handarbeits- und Craft-Seller",HOBBY_PROSUMER / SELLER / SIDE_HUSTLE,EXPANSION_314,BRAUCHEN_TESTEN,B,EXPLORATION,JA,ACTIVE_VERIFIED_2026-09,HIGH,Current /new feed checked via web in Sep 2026,HIGH,LOW,"Design, Material, Maschinen, Dateien, Kalkulation, Inventar, Verkauf, Personalisierung, Produktion",Sinnvoller Exploration-Pilot; Research-Yield messen.,250,,,,,https://www.reddit.com/r/Ceramics/,https://www.reddit.com/r/Ceramics/new/,2026-09-18,Current /new feed checked via web in Sep 2026,SECONDARY,Mostly hobby craft discussion; use only for occasional prosumer/tool signals.,DO_NOT_CONTINUOUSLY_SCAN,0
r/Cricut,Crafts_Makers_Sellers,"Maker, Künstler, Handarbeits- und Craft-Seller",HOBBY_PROSUMER / SELLER / SIDE_HUSTLE,EXPANSION_314,BRAUCHEN_TESTEN,B,EXPLORATION,JA,ACTIVE_VERIFIED_2026-09,HIGH,Current /new feed checked via web in Sep 2026,HIGH,LOW,"Design, Material, Maschinen, Dateien, Kalkulation, Inventar, Verkauf, Personalisierung, Produktion",Sinnvoller Exploration-Pilot; Research-Yield messen.,250,,,,,https://www.reddit.com/r/Cricut/,https://www.reddit.com/r/Cricut/new/,2026-09-18,Current /new feed checked via web in Sep 2026,SECONDARY,Mostly hobby craft discussion; use only for occasional prosumer/tool signals.,DO_NOT_CONTINUOUSLY_SCAN,0
r/CrossStitch,Crafts_Makers_Sellers,"Maker, Künstler, Handarbeits- und Craft-Seller",HOBBY_PROSUMER / SELLER / SIDE_HUSTLE,EXPANSION_314,BRAUCHEN_TESTEN,B,EXPLORATION,JA,ACTIVE_VERIFIED_2026-09,HIGH,Current /new feed checked via web in Sep 2026,HIGH,LOW,"Design, Material, Maschinen, Dateien, Kalkulation, Inventar, Verkauf, Personalisierung, Produktion",Sinnvoller Exploration-Pilot; Research-Yield messen.,250,,,,,https://www.reddit.com/r/CrossStitch/,https://www.reddit.com/r/CrossStitch/new/,2026-09-18,Current /new feed checked via web in Sep 2026,SECONDARY,Mostly hobby craft discussion; use only for occasional prosumer/tool signals.,DO_NOT_CONTINUOUSLY_SCAN,0
r/Embroidery,Crafts_Makers_Sellers,"Maker, Künstler, Handarbeits- und Craft-Seller",HOBBY_PROSUMER / SELLER / SIDE_HUSTLE,EXPANSION_314,BRAUCHEN_TESTEN,B,EXPLORATION,JA,ACTIVE_VERIFIED_2026-09,HIGH,Current /new feed checked via web in Sep 2026,HIGH,LOW,"Design, Material, Maschinen, Dateien, Kalkulation, Inventar, Verkauf, Personalisierung, Produktion",Sinnvoller Exploration-Pilot; Research-Yield messen.,250,,,,,https://www.reddit.com/r/Embroidery/,https://www.reddit.com/r/Embroidery/new/,2026-09-18,Current /new feed checked via web in Sep 2026,SECONDARY,Mostly hobby craft discussion; use only for occasional prosumer/tool signals.,DO_NOT_CONTINUOUSLY_SCAN,0
r/resin,Crafts_Makers_Sellers,"Maker, Künstler, Handarbeits- und Craft-Seller",HOBBY_PROSUMER / SELLER / SIDE_HUSTLE,EXPANSION_314,BRAUCHEN_TESTEN,B,EXPLORATION,JA,ACTIVE_VERIFIED_2026-09,HIGH,Current /new feed checked via web in Sep 2026,HIGH,LOW,"Design, Material, Maschinen, Dateien, Kalkulation, Inventar, Verkauf, Personalisierung, Produktion",Sinnvoller Exploration-Pilot; Research-Yield messen.,250,,,,,https://www.reddit.com/r/resin/,https://www.reddit.com/r/resin/new/,2026-09-18,Current /new feed checked via web in Sep 2026,SECONDARY,Mostly hobby craft discussion; use only for occasional prosumer/tool signals.,DO_NOT_CONTINUOUSLY_SCAN,0
r/Signmaking,Crafts_Makers_Sellers,Sign makers,PRACTITIONER / OWNER / BUYER,NEW_RECHECK_CANDIDATE,PRUEFEN,R,RECHECK,NEIN_BIS_GEPRUEFT,PRUEFEN,LOW,Web check returned unavailable/internal error; existence/activity not safely confirmed.,MEDIUM,LOW,,"Thematisch potenziell sehr wertvoll, aber vor automatischem Scan zuerst Existenz/Aktivität erneut prüfen.",0,,,,,https://www.reddit.com/r/Signmaking/,https://www.reddit.com/r/Signmaking/new/,,"Nicht automatisch scannen, bis der Source-Health-Check erfolgreich war.",SECONDARY,Mostly hobby craft discussion; use only for occasional prosumer/tool signals.,DO_NOT_CONTINUOUSLY_SCAN,0
r/soapmaking,Crafts_Makers_Sellers,"Maker, Künstler, Handarbeits- und Craft-Seller",HOBBY_PROSUMER / SELLER / SIDE_HUSTLE,EXPANSION_314,BRAUCHEN_TESTEN,B,EXPLORATION,JA,ACTIVE_NICHE_VERIFIED_2026-09,HIGH,Current /new feed checked via web in Sep 2026,HIGH,LOW,"Design, Material, Maschinen, Dateien, Kalkulation, Inventar, Verkauf, Personalisierung, Produktion",Sinnvoller Exploration-Pilot; Research-Yield messen.,250,,,,,https://www.reddit.com/r/soapmaking/,https://www.reddit.com/r/soapmaking/new/,2026-09-18,Current /new feed checked via web in Sep 2026,SECONDARY,Mostly hobby craft discussion; use only for occasional prosumer/tool signals.,DO_NOT_CONTINUOUSLY_SCAN,0
r/woodturning,Crafts_Makers_Sellers,"Maker, Künstler, Handarbeits- und Craft-Seller",HOBBY_PROSUMER / SELLER / SIDE_HUSTLE,EXPANSION_314,BRAUCHEN_TESTEN,B,EXPLORATION,NEIN_BIS_GEPRUEFT,PRUEFEN,LOW,Web check returned unavailable/error; verify before use,HIGH,LOW,"Design, Material, Maschinen, Dateien, Kalkulation, Inventar, Verkauf, Personalisierung, Produktion",Sinnvoller Exploration-Pilot; Research-Yield messen.,250,,,,,https://www.reddit.com/r/woodturning/,https://www.reddit.com/r/woodturning/new/,,Web check returned unavailable/error; verify before use,SECONDARY,Mostly hobby craft discussion; use only for occasional prosumer/tool signals.,DO_NOT_CONTINUOUSLY_SCAN,0
r/audioengineering,Creator_Economy,"Creator, UGC-Macher, Solo-Brands",MIXED,LEGACY_647,BRAUCHEN_TESTEN,B,EXPLORATION,NEIN_BIS_GEPRUEFT,PRUEFEN,LOW,Keine verwertbaren Aktivitätsmetriken in der gelieferten Legacy-Datei.,HIGH,LOW,,"Beruf/Prosumer-Mix; sinnvoller Pilot, tatsächlicher Research-Yield muss gemessen werden.",250,,,Eingeschraenkt - tw. Promo-Subs,2.4,https://www.reddit.com/r/audioengineering/,https://www.reddit.com/r/audioengineering/new/,,Legacy-Seed: Entscheidung neu bewertet; Aktivität bei fehlendem Live-Check nur als Proxy markiert.,SECONDARY,"Creator/design community is relevant but often dominated by craft, portfolio or platform discussion.",DO_NOT_CONTINUOUSLY_SCAN,0
r/CreatorCEO,Creator_Economy,"Creator, UGC-Macher, Solo-Brands",MIXED,LEGACY_647,BRAUCHEN_TESTEN,B,EXPLORATION,NEIN_BIS_GEPRUEFT,PRUEFEN,LOW,Sehr kleine Community laut Legacy-Daten; vor Scan live prüfen.,HIGH,LOW,,"Beruf/Prosumer-Mix; sinnvoller Pilot, tatsächlicher Research-Yield muss gemessen werden.",250,930,881,Eingeschraenkt - tw. Promo-Subs,3.31,https://www.reddit.com/r/CreatorCEO/,https://www.reddit.com/r/CreatorCEO/new/,,Legacy-Seed: Entscheidung neu bewertet; Aktivität bei fehlendem Live-Check nur als Proxy markiert.,SECONDARY,"Creator/design community is relevant but often dominated by craft, portfolio or platform discussion.",DO_NOT_CONTINUOUSLY_SCAN,0
r/edmproduction,Creator_Economy,"Creator, UGC-Macher, Solo-Brands",MIXED,LEGACY_647,BRAUCHEN_TESTEN,B,EXPLORATION,NEIN_BIS_GEPRUEFT,PRUEFEN,LOW,Keine verwertbaren Aktivitätsmetriken in der gelieferten Legacy-Datei.,HIGH,LOW,,"Beruf/Prosumer-Mix; sinnvoller Pilot, tatsächlicher Research-Yield muss gemessen werden.",250,,,Eingeschraenkt - tw. Promo-Subs,2.4,https://www.reddit.com/r/edmproduction/,https://www.reddit.com/r/edmproduction/new/,,Legacy-Seed: Entscheidung neu bewertet; Aktivität bei fehlendem Live-Check nur als Proxy markiert.,SECONDARY,"Creator/design community is relevant but often dominated by craft, portfolio or platform discussion.",DO_NOT_CONTINUOUSLY_SCAN,0
r/letsplay,Creator_Economy,"Creator, UGC-Macher, Solo-Brands",MIXED,LEGACY_647,BRAUCHEN_TESTEN,B,EXPLORATION,NEIN_BIS_GEPRUEFT,PRUEFEN,LOW,Keine verwertbaren Aktivitätsmetriken in der gelieferten Legacy-Datei.,HIGH,LOW,,"Beruf/Prosumer-Mix; sinnvoller Pilot, tatsächlicher Research-Yield muss gemessen werden.",250,,,Eingeschraenkt - tw. Promo-Subs,2.4,https://www.reddit.com/r/letsplay/,https://www.reddit.com/r/letsplay/new/,,Legacy-Seed: Entscheidung neu bewertet; Aktivität bei fehlendem Live-Check nur als Proxy markiert.,SECONDARY,"Creator/design community is relevant but often dominated by craft, portfolio or platform discussion.",DO_NOT_CONTINUOUSLY_SCAN,0
r/LovedByCreators,Creator_Economy,"Creator, UGC-Macher, Solo-Brands",MIXED,LEGACY_647,BRAUCHEN_TESTEN,B,EXPLORATION,JA,WAHRSCHEINLICH_AKTIV_PROXY,MEDIUM,Aktivität aus gelieferten Mitglieder-/Wachstumsdaten abgeleitet; nicht live verifiziert.,HIGH,LOW,,"Beruf/Prosumer-Mix; sinnvoller Pilot, tatsächlicher Research-Yield muss gemessen werden.",250,94000,84000,Eingeschraenkt - tw. Promo-Subs,4.626,https://www.reddit.com/r/LovedByCreators/,https://www.reddit.com/r/LovedByCreators/new/,,Legacy-Seed: Entscheidung neu bewertet; Aktivität bei fehlendem Live-Check nur als Proxy markiert.,SECONDARY,"Creator/design community is relevant but often dominated by craft, portfolio or platform discussion.",DO_NOT_CONTINUOUSLY_SCAN,0
r/musicians,Creator_Economy,"Creator, UGC-Macher, Solo-Brands",MIXED,LEGACY_647,BRAUCHEN_TESTEN,B,EXPLORATION,NEIN_BIS_GEPRUEFT,PRUEFEN,LOW,Keine verwertbaren Aktivitätsmetriken in der gelieferten Legacy-Datei.,HIGH,LOW,,"Beruf/Prosumer-Mix; sinnvoller Pilot, tatsächlicher Research-Yield muss gemessen werden.",250,,,Eingeschraenkt - tw. Promo-Subs,2.4,https://www.reddit.com/r/musicians/,https://www.reddit.com/r/musicians/new/,,Legacy-Seed: Entscheidung neu bewertet; Aktivität bei fehlendem Live-Check nur als Proxy markiert.,SECONDARY,"Creator/design community is relevant but often dominated by craft, portfolio or platform discussion.",DO_NOT_CONTINUOUSLY_SCAN,0
r/WeAreTheMusicMakers,Creator_Economy,"Creator, UGC-Macher, Solo-Brands",MIXED,LEGACY_647,BRAUCHEN_TESTEN,B,EXPLORATION,NEIN_BIS_GEPRUEFT,PRUEFEN,LOW,Keine verwertbaren Aktivitätsmetriken in der gelieferten Legacy-Datei.,HIGH,LOW,,"Beruf/Prosumer-Mix; sinnvoller Pilot, tatsächlicher Research-Yield muss gemessen werden.",250,,,Eingeschraenkt - tw. Promo-Subs,2.4,https://www.reddit.com/r/WeAreTheMusicMakers/,https://www.reddit.com/r/WeAreTheMusicMakers/new/,,Legacy-Seed: Entscheidung neu bewertet; Aktivität bei fehlendem Live-Check nur als Proxy markiert.,SECONDARY,"Creator/design community is relevant but often dominated by craft, portfolio or platform discussion.",DO_NOT_CONTINUOUSLY_SCAN,0
r/localization,Creator_Freelance_Media,Localization professionals,MIXED / PROSUMER,NEW_WEB_RESEARCH,BRAUCHEN_TESTEN,B,EXPLORATION,JA,ACTIVE_VERIFIED_2026-09,HIGH,Reddit /new page checked via web research in September 2026.,HIGH,LOW,"Translation/localization workflow, QA, CAT tools, vendor coordination","Aktive, relevante Nischen-/Prosumer-Community; als Exploration sinnvoll.",250,,,,,https://www.reddit.com/r/localization/,https://www.reddit.com/r/localization/new/,2026-09-18,Zusätzlich nach der 314er-Erweiterung gefunden und gegen vorhandene Namen dedupliziert.,SECONDARY,"Creator/design community is relevant but often dominated by craft, portfolio or platform discussion.",DO_NOT_CONTINUOUSLY_SCAN,0
r/TikTokHelp,Creator_Freelance_Media,"Creator, Freelancer, Podcaster, Video-/VFX-/Voice- und Content-Profis",CREATOR / FREELANCER,EXPANSION_314,BRAUCHEN_CORE,A,PRIMARY_DISCOVERY,NEIN_BIS_GEPRUEFT,PRUEFEN,LOW,Web check returned unavailable/error; verify before use,HIGH,LOW,"Kundenakquise, Produktion, Freigaben, Dateien, Billing, Distribution, Analytics, Workflow-Tools",Sehr guter Practitioner-/Business-Kandidat für Pain-Point-Research.,500,,,,,https://www.reddit.com/r/TikTokHelp/,https://www.reddit.com/r/TikTokHelp/new/,,Web check returned unavailable/error; verify before use,SECONDARY,"Creator/design community is relevant but often dominated by craft, portfolio or platform discussion.",DO_NOT_CONTINUOUSLY_SCAN,0
r/translator,Creator_Freelance_Media,Translation request community,HOBBY / CONSUMER / PROSUMER,NEW_WEB_RESEARCH,HOBBY_PROSUMER,C,HOBBY_PROSUMER,JA_LIGHT,ACTIVE_VERIFIED_2026-09,HIGH,Reddit /new page checked via web research in September 2026.,HIGH,LOW,"Very active, but mostly end-user translation requests rather than professional workflow pain","Aktive Hobby-/Prosumer-Community; niedrigeres Budget, aber potenziell gute Tool-/Commerce-Pains.",150,,,,,https://www.reddit.com/r/translator/,https://www.reddit.com/r/translator/new/,2026-09-18,Zusätzlich nach der 314er-Erweiterung gefunden und gegen vorhandene Namen dedupliziert.,SECONDARY,"Creator/design community is relevant but often dominated by craft, portfolio or platform discussion.",DO_NOT_CONTINUOUSLY_SCAN,0
r/0xPolygon,Crypto,Krypto-/Web3-Community,MIXED,LEGACY_647,SEKUNDAER,S,SECONDARY_SIGNAL,NUR_SEKUNDAER,WAHRSCHEINLICH_AKTIV_PROXY,MEDIUM,Aktivität aus gelieferten Mitglieder-/Wachstumsdaten abgeleitet; nicht live verifiziert.,LOW_TO_MEDIUM,LOW,,"Kann ergänzende Markt-, Tool-, Trend- oder Zahlungs-Signale liefern, aber nicht als Kernquelle priorisieren.",150,66000,2000,Streng - Shilling gebannt,2.912,https://www.reddit.com/r/0xPolygon/,https://www.reddit.com/r/0xPolygon/new/,,Legacy-Seed: Entscheidung neu bewertet; Aktivität bei fehlendem Live-Check nur als Proxy markiert.,SECONDARY,"Potential adjacent signal source, but not efficient enough for primary recurring problem discovery.",DO_NOT_CONTINUOUSLY_SCAN,0
r/Bitcoin,Crypto,Krypto-/Web3-Community,MIXED,LEGACY_647,SEKUNDAER,S,SECONDARY_SIGNAL,NUR_SEKUNDAER,WAHRSCHEINLICH_AKTIV_PROXY,MEDIUM,Aktivität aus gelieferten Mitglieder-/Wachstumsdaten abgeleitet; nicht live verifiziert.,LOW_TO_MEDIUM,LOW,,"Kann ergänzende Markt-, Tool-, Trend- oder Zahlungs-Signale liefern, aber nicht als Kernquelle priorisieren.",150,8100000,248000,Streng - Shilling gebannt,4.162,https://www.reddit.com/r/Bitcoin/,https://www.reddit.com/r/Bitcoin/new/,,Legacy-Seed: Entscheidung neu bewertet; Aktivität bei fehlendem Live-Check nur als Proxy markiert.,SECONDARY,"Potential adjacent signal source, but not efficient enough for primary recurring problem discovery.",DO_NOT_CONTINUOUSLY_SCAN,0
r/BitcoinBeginners,Crypto,Krypto-/Web3-Community,MIXED,LEGACY_647,SEKUNDAER,S,SECONDARY_SIGNAL,NUR_SEKUNDAER,WAHRSCHEINLICH_AKTIV_PROXY,MEDIUM,Aktivität aus gelieferten Mitglieder-/Wachstumsdaten abgeleitet; nicht live verifiziert.,LOW_TO_MEDIUM,LOW,,"Kann ergänzende Markt-, Tool-, Trend- oder Zahlungs-Signale liefern, aber nicht als Kernquelle priorisieren.",150,1200000,46000,Streng - Shilling gebannt,3.668,https://www.reddit.com/r/BitcoinBeginners/,https://www.reddit.com/r/BitcoinBeginners/new/,,Legacy-Seed: Entscheidung neu bewertet; Aktivität bei fehlendem Live-Check nur als Proxy markiert.,SECONDARY,"Potential adjacent signal source, but not efficient enough for primary recurring problem discovery.",DO_NOT_CONTINUOUSLY_SCAN,0
r/BitcoinMining,Crypto,Krypto-/Web3-Community,MIXED,LEGACY_647,SEKUNDAER,S,SECONDARY_SIGNAL,NEIN_BIS_GEPRUEFT,PRUEFEN,LOW,Keine verwertbaren Aktivitätsmetriken in der gelieferten Legacy-Datei.,LOW_TO_MEDIUM,LOW,,"Kann ergänzende Markt-, Tool-, Trend- oder Zahlungs-Signale liefern, aber nicht als Kernquelle priorisieren.",150,,,Streng - Shilling gebannt,1.8,https://www.reddit.com/r/BitcoinMining/,https://www.reddit.com/r/BitcoinMining/new/,,Legacy-Seed: Entscheidung neu bewertet; Aktivität bei fehlendem Live-Check nur als Proxy markiert.,SECONDARY,"Potential adjacent signal source, but not efficient enough for primary recurring problem discovery.",DO_NOT_CONTINUOUSLY_SCAN,0
r/Crypto_Currency_News,Crypto,Krypto-/Web3-Community,MIXED,LEGACY_647,SEKUNDAER,S,SECONDARY_SIGNAL,NUR_SEKUNDAER,WAHRSCHEINLICH_AKTIV_PROXY,MEDIUM,Aktivität aus gelieferten Mitglieder-/Wachstumsdaten abgeleitet; nicht live verifiziert.,LOW_TO_MEDIUM,LOW,,"Kann ergänzende Markt-, Tool-, Trend- oder Zahlungs-Signale liefern, aber nicht als Kernquelle priorisieren.",150,339000,14000,Streng - Shilling gebannt,3.341,https://www.reddit.com/r/Crypto_Currency_News/,https://www.reddit.com/r/Crypto_Currency_News/new/,,Legacy-Seed: Entscheidung neu bewertet; Aktivität bei fehlendem Live-Check nur als Proxy markiert.,SECONDARY,"Potential adjacent signal source, but not efficient enough for primary recurring problem discovery.",DO_NOT_CONTINUOUSLY_SCAN,0
r/Crypto_General,Crypto,Krypto-/Web3-Community,MIXED,LEGACY_647,SEKUNDAER,S,SECONDARY_SIGNAL,NUR_SEKUNDAER,WAHRSCHEINLICH_AKTIV_PROXY,MEDIUM,Aktivität aus gelieferten Mitglieder-/Wachstumsdaten abgeleitet; nicht live verifiziert.,LOW_TO_MEDIUM,LOW,,"Kann ergänzende Markt-, Tool-, Trend- oder Zahlungs-Signale liefern, aber nicht als Kernquelle priorisieren.",150,112000,11000,Streng - Shilling gebannt,3.085,https://www.reddit.com/r/Crypto_General/,https://www.reddit.com/r/Crypto_General/new/,,Legacy-Seed: Entscheidung neu bewertet; Aktivität bei fehlendem Live-Check nur als Proxy markiert.,SECONDARY,"Potential adjacent signal source, but not efficient enough for primary recurring problem discovery.",DO_NOT_CONTINUOUSLY_SCAN,0
r/CryptoCurrencies,Crypto,Krypto-/Web3-Community,MIXED,LEGACY_647,SEKUNDAER,S,SECONDARY_SIGNAL,NUR_SEKUNDAER,WAHRSCHEINLICH_AKTIV_PROXY,MEDIUM,Aktivität aus gelieferten Mitglieder-/Wachstumsdaten abgeleitet; nicht live verifiziert.,LOW_TO_MEDIUM,LOW,,"Kann ergänzende Markt-, Tool-, Trend- oder Zahlungs-Signale liefern, aber nicht als Kernquelle priorisieren.",150,427000,12000,Streng - Shilling gebannt,3.394,https://www.reddit.com/r/CryptoCurrencies/,https://www.reddit.com/r/CryptoCurrencies/new/,,Legacy-Seed: Entscheidung neu bewertet; Aktivität bei fehlendem Live-Check nur als Proxy markiert.,SECONDARY,"Potential adjacent signal source, but not efficient enough for primary recurring problem discovery.",DO_NOT_CONTINUOUSLY_SCAN,0
r/CryptoCurrency,Crypto,Krypto-/Web3-Community,MIXED,LEGACY_647,SEKUNDAER,S,SECONDARY_SIGNAL,NEIN_BIS_GEPRUEFT,PRUEFEN,LOW,Keine verwertbaren Aktivitätsmetriken in der gelieferten Legacy-Datei.,LOW_TO_MEDIUM,LOW,,"Kann ergänzende Markt-, Tool-, Trend- oder Zahlungs-Signale liefern, aber nicht als Kernquelle priorisieren.",150,,,Streng - Shilling gebannt,1.8,https://www.reddit.com/r/CryptoCurrency/,https://www.reddit.com/r/CryptoCurrency/new/,,Legacy-Seed: Entscheidung neu bewertet; Aktivität bei fehlendem Live-Check nur als Proxy markiert.,SECONDARY,"Potential adjacent signal source, but not efficient enough for primary recurring problem discovery.",DO_NOT_CONTINUOUSLY_SCAN,0
r/CryptoCurrencyTrading,Crypto,Krypto-/Web3-Community,MIXED,LEGACY_647,SEKUNDAER,S,SECONDARY_SIGNAL,NUR_SEKUNDAER,WAHRSCHEINLICH_AKTIV_PROXY,MEDIUM,Aktivität aus gelieferten Mitglieder-/Wachstumsdaten abgeleitet; nicht live verifiziert.,LOW_TO_MEDIUM,LOW,,"Kann ergänzende Markt-, Tool-, Trend- oder Zahlungs-Signale liefern, aber nicht als Kernquelle priorisieren.",150,195000,9000,Streng - Shilling gebannt,3.2,https://www.reddit.com/r/CryptoCurrencyTrading/,https://www.reddit.com/r/CryptoCurrencyTrading/new/,,Legacy-Seed: Entscheidung neu bewertet; Aktivität bei fehlendem Live-Check nur als Proxy markiert.,SECONDARY,"Potential adjacent signal source, but not efficient enough for primary recurring problem discovery.",DO_NOT_CONTINUOUSLY_SCAN,0
r/CryptoMarkets,Crypto,Krypto-/Web3-Community,MIXED,LEGACY_647,SEKUNDAER,S,SECONDARY_SIGNAL,NUR_SEKUNDAER,WAHRSCHEINLICH_AKTIV_PROXY,MEDIUM,Aktivität aus gelieferten Mitglieder-/Wachstumsdaten abgeleitet; nicht live verifiziert.,LOW_TO_MEDIUM,LOW,,"Kann ergänzende Markt-, Tool-, Trend- oder Zahlungs-Signale liefern, aber nicht als Kernquelle priorisieren.",150,2000000,130000,Streng - Shilling gebannt,3.816,https://www.reddit.com/r/CryptoMarkets/,https://www.reddit.com/r/CryptoMarkets/new/,,Legacy-Seed: Entscheidung neu bewertet; Aktivität bei fehlendem Live-Check nur als Proxy markiert.,SECONDARY,"Potential adjacent signal source, but not efficient enough for primary recurring problem discovery.",DO_NOT_CONTINUOUSLY_SCAN,0
r/CryptoNews,Crypto,Krypto-/Web3-Community,MIXED,LEGACY_647,SEKUNDAER,S,SECONDARY_SIGNAL,NUR_SEKUNDAER,WAHRSCHEINLICH_AKTIV_PROXY,MEDIUM,Aktivität aus gelieferten Mitglieder-/Wachstumsdaten abgeleitet; nicht live verifiziert.,LOW_TO_MEDIUM,LOW,,"Kann ergänzende Markt-, Tool-, Trend- oder Zahlungs-Signale liefern, aber nicht als Kernquelle priorisieren.",150,28000,6000,Streng - Shilling gebannt,2.793,https://www.reddit.com/r/CryptoNews/,https://www.reddit.com/r/CryptoNews/new/,,Legacy-Seed: Entscheidung neu bewertet; Aktivität bei fehlendem Live-Check nur als Proxy markiert.,SECONDARY,"Potential adjacent signal source, but not efficient enough for primary recurring problem discovery.",DO_NOT_CONTINUOUSLY_SCAN,0
r/defi,Crypto,Krypto-/Web3-Community,MIXED,LEGACY_647,SEKUNDAER,S,SECONDARY_SIGNAL,NUR_SEKUNDAER,WAHRSCHEINLICH_AKTIV_PROXY,MEDIUM,Aktivität aus gelieferten Mitglieder-/Wachstumsdaten abgeleitet; nicht live verifiziert.,LOW_TO_MEDIUM,LOW,,"Kann ergänzende Markt-, Tool-, Trend- oder Zahlungs-Signale liefern, aber nicht als Kernquelle priorisieren.",150,181000,37000,Streng - Shilling gebannt,3.266,https://www.reddit.com/r/defi/,https://www.reddit.com/r/defi/new/,,Legacy-Seed: Entscheidung neu bewertet; Aktivität bei fehlendem Live-Check nur als Proxy markiert.,SECONDARY,"Potential adjacent signal source, but not efficient enough for primary recurring problem discovery.",DO_NOT_CONTINUOUSLY_SCAN,0
r/defi_,Crypto,Krypto-/Web3-Community,MIXED,LEGACY_647,SEKUNDAER,S,SECONDARY_SIGNAL,NUR_SEKUNDAER,AKTIV_NISCHE_PROXY,MEDIUM,Kleinere/nischige Community laut Legacy-Daten; vor großem Scan live prüfen.,LOW_TO_MEDIUM,LOW,,"Kann ergänzende Markt-, Tool-, Trend- oder Zahlungs-Signale liefern, aber nicht als Kernquelle priorisieren.",150,4000,,Streng - Shilling gebannt,2.219,https://www.reddit.com/r/defi_/,https://www.reddit.com/r/defi_/new/,,Legacy-Seed: Entscheidung neu bewertet; Aktivität bei fehlendem Live-Check nur als Proxy markiert.,SECONDARY,"Potential adjacent signal source, but not efficient enough for primary recurring problem discovery.",DO_NOT_CONTINUOUSLY_SCAN,0
r/defiblockchain,Crypto,Krypto-/Web3-Community,MIXED,LEGACY_647,SEKUNDAER,S,SECONDARY_SIGNAL,NUR_SEKUNDAER,AKTIV_NISCHE_PROXY,MEDIUM,Kleinere/nischige Community laut Legacy-Daten; vor großem Scan live prüfen.,LOW_TO_MEDIUM,LOW,,"Kann ergänzende Markt-, Tool-, Trend- oder Zahlungs-Signale liefern, aber nicht als Kernquelle priorisieren.",150,26000,2000,Streng - Shilling gebannt,2.7,https://www.reddit.com/r/defiblockchain/,https://www.reddit.com/r/defiblockchain/new/,,Legacy-Seed: Entscheidung neu bewertet; Aktivität bei fehlendem Live-Check nur als Proxy markiert.,SECONDARY,"Potential adjacent signal source, but not efficient enough for primary recurring problem discovery.",DO_NOT_CONTINUOUSLY_SCAN,0
r/ethdev,Crypto,Krypto-/Web3-Community,MIXED,LEGACY_647,SEKUNDAER,S,SECONDARY_SIGNAL,NUR_SEKUNDAER,WAHRSCHEINLICH_AKTIV_PROXY,MEDIUM,Aktivität aus gelieferten Mitglieder-/Wachstumsdaten abgeleitet; nicht live verifiziert.,LOW_TO_MEDIUM,LOW,,"Kann ergänzende Markt-, Tool-, Trend- oder Zahlungs-Signale liefern, aber nicht als Kernquelle priorisieren.",150,123000,8000,Streng - Shilling gebannt,3.091,https://www.reddit.com/r/ethdev/,https://www.reddit.com/r/ethdev/new/,,Legacy-Seed: Entscheidung neu bewertet; Aktivität bei fehlendem Live-Check nur als Proxy markiert.,SECONDARY,"Potential adjacent signal source, but not efficient enough for primary recurring problem discovery.",DO_NOT_CONTINUOUSLY_SCAN,0
r/ethereum,Crypto,Krypto-/Web3-Community,MIXED,LEGACY_647,SEKUNDAER,S,SECONDARY_SIGNAL,NUR_SEKUNDAER,WAHRSCHEINLICH_AKTIV_PROXY,MEDIUM,Aktivität aus gelieferten Mitglieder-/Wachstumsdaten abgeleitet; nicht live verifiziert.,LOW_TO_MEDIUM,LOW,,"Kann ergänzende Markt-, Tool-, Trend- oder Zahlungs-Signale liefern, aber nicht als Kernquelle priorisieren.",150,3700000,31000,Streng - Shilling gebannt,3.946,https://www.reddit.com/r/ethereum/,https://www.reddit.com/r/ethereum/new/,,Legacy-Seed: Entscheidung neu bewertet; Aktivität bei fehlendem Live-Check nur als Proxy markiert.,SECONDARY,"Potential adjacent signal source, but not efficient enough for primary recurring problem discovery.",DO_NOT_CONTINUOUSLY_SCAN,0
r/ethfinance,Crypto,Krypto-/Web3-Community,MIXED,LEGACY_647,SEKUNDAER,S,SECONDARY_SIGNAL,NUR_SEKUNDAER,WAHRSCHEINLICH_AKTIV_PROXY,MEDIUM,Aktivität aus gelieferten Mitglieder-/Wachstumsdaten abgeleitet; nicht live verifiziert.,LOW_TO_MEDIUM,LOW,,"Kann ergänzende Markt-, Tool-, Trend- oder Zahlungs-Signale liefern, aber nicht als Kernquelle priorisieren.",150,94000,2000,Streng - Shilling gebannt,2.998,https://www.reddit.com/r/ethfinance/,https://www.reddit.com/r/ethfinance/new/,,Legacy-Seed: Entscheidung neu bewertet; Aktivität bei fehlendem Live-Check nur als Proxy markiert.,SECONDARY,"Potential adjacent signal source, but not efficient enough for primary recurring problem discovery.",DO_NOT_CONTINUOUSLY_SCAN,0
r/ethstaker,Crypto,Krypto-/Web3-Community,MIXED,LEGACY_647,SEKUNDAER,S,SECONDARY_SIGNAL,NUR_SEKUNDAER,WAHRSCHEINLICH_AKTIV_PROXY,MEDIUM,Aktivität aus gelieferten Mitglieder-/Wachstumsdaten abgeleitet; nicht live verifiziert.,LOW_TO_MEDIUM,LOW,,"Kann ergänzende Markt-, Tool-, Trend- oder Zahlungs-Signale liefern, aber nicht als Kernquelle priorisieren.",150,62000,2000,Streng - Shilling gebannt,2.897,https://www.reddit.com/r/ethstaker/,https://www.reddit.com/r/ethstaker/new/,,Legacy-Seed: Entscheidung neu bewertet; Aktivität bei fehlendem Live-Check nur als Proxy markiert.,SECONDARY,"Potential adjacent signal source, but not efficient enough for primary recurring problem discovery.",DO_NOT_CONTINUOUSLY_SCAN,0
r/ethtrader,Crypto,Krypto-/Web3-Community,MIXED,LEGACY_647,SEKUNDAER,S,SECONDARY_SIGNAL,NUR_SEKUNDAER,WAHRSCHEINLICH_AKTIV_PROXY,MEDIUM,Aktivität aus gelieferten Mitglieder-/Wachstumsdaten abgeleitet; nicht live verifiziert.,LOW_TO_MEDIUM,LOW,,"Kann ergänzende Markt-, Tool-, Trend- oder Zahlungs-Signale liefern, aber nicht als Kernquelle priorisieren.",150,2300000,30000,Streng - Shilling gebannt,3.824,https://www.reddit.com/r/ethtrader/,https://www.reddit.com/r/ethtrader/new/,,Legacy-Seed: Entscheidung neu bewertet; Aktivität bei fehlendem Live-Check nur als Proxy markiert.,SECONDARY,"Potential adjacent signal source, but not efficient enough for primary recurring problem discovery.",DO_NOT_CONTINUOUSLY_SCAN,0
r/Jobs4Bitcoins,Crypto,Krypto-/Web3-Community,MIXED,LEGACY_647,SEKUNDAER,S,SECONDARY_SIGNAL,NEIN_BIS_GEPRUEFT,PRUEFEN,LOW,Keine verwertbaren Aktivitätsmetriken in der gelieferten Legacy-Datei.,LOW_TO_MEDIUM,LOW,,"Kann ergänzende Markt-, Tool-, Trend- oder Zahlungs-Signale liefern, aber nicht als Kernquelle priorisieren.",150,,,Streng - Shilling gebannt,1.8,https://www.reddit.com/r/Jobs4Bitcoins/,https://www.reddit.com/r/Jobs4Bitcoins/new/,,Legacy-Seed: Entscheidung neu bewertet; Aktivität bei fehlendem Live-Check nur als Proxy markiert.,SECONDARY,"Potential adjacent signal source, but not efficient enough for primary recurring problem discovery.",DO_NOT_CONTINUOUSLY_SCAN,0
r/litecoin,Crypto,Krypto-/Web3-Community,MIXED,LEGACY_647,SEKUNDAER,S,SECONDARY_SIGNAL,NEIN_BIS_GEPRUEFT,PRUEFEN,LOW,Keine verwertbaren Aktivitätsmetriken in der gelieferten Legacy-Datei.,LOW_TO_MEDIUM,LOW,,"Kann ergänzende Markt-, Tool-, Trend- oder Zahlungs-Signale liefern, aber nicht als Kernquelle priorisieren.",150,,,Streng - Shilling gebannt,1.8,https://www.reddit.com/r/litecoin/,https://www.reddit.com/r/litecoin/new/,,Legacy-Seed: Entscheidung neu bewertet; Aktivität bei fehlendem Live-Check nur als Proxy markiert.,SECONDARY,"Potential adjacent signal source, but not efficient enough for primary recurring problem discovery.",DO_NOT_CONTINUOUSLY_SCAN,0
r/litecoinmining,Crypto,Krypto-/Web3-Community,MIXED,LEGACY_647,SEKUNDAER,S,SECONDARY_SIGNAL,NEIN_BIS_GEPRUEFT,PRUEFEN,LOW,Keine verwertbaren Aktivitätsmetriken in der gelieferten Legacy-Datei.,LOW_TO_MEDIUM,LOW,,"Kann ergänzende Markt-, Tool-, Trend- oder Zahlungs-Signale liefern, aber nicht als Kernquelle priorisieren.",150,,,Streng - Shilling gebannt,1.8,https://www.reddit.com/r/litecoinmining/,https://www.reddit.com/r/litecoinmining/new/,,Legacy-Seed: Entscheidung neu bewertet; Aktivität bei fehlendem Live-Check nur als Proxy markiert.,SECONDARY,"Potential adjacent signal source, but not efficient enough for primary recurring problem discovery.",DO_NOT_CONTINUOUSLY_SCAN,0
r/solana,Crypto,Krypto-/Web3-Community,MIXED,LEGACY_647,SEKUNDAER,S,SECONDARY_SIGNAL,NUR_SEKUNDAER,WAHRSCHEINLICH_AKTIV_PROXY,MEDIUM,Aktivität aus gelieferten Mitglieder-/Wachstumsdaten abgeleitet; nicht live verifiziert.,LOW_TO_MEDIUM,LOW,,"Kann ergänzende Markt-, Tool-, Trend- oder Zahlungs-Signale liefern, aber nicht als Kernquelle priorisieren.",150,512000,85000,Streng - Shilling gebannt,3.516,https://www.reddit.com/r/solana/,https://www.reddit.com/r/solana/new/,,Legacy-Seed: Entscheidung neu bewertet; Aktivität bei fehlendem Live-Check nur als Proxy markiert.,SECONDARY,"Potential adjacent signal source, but not efficient enough for primary recurring problem discovery.",DO_NOT_CONTINUOUSLY_SCAN,0
r/web3,Crypto,Krypto-/Web3-Community,MIXED,LEGACY_647,SEKUNDAER,S,SECONDARY_SIGNAL,NUR_SEKUNDAER,WAHRSCHEINLICH_AKTIV_PROXY,MEDIUM,Aktivität aus gelieferten Mitglieder-/Wachstumsdaten abgeleitet; nicht live verifiziert.,LOW_TO_MEDIUM,LOW,,"Kann ergänzende Markt-, Tool-, Trend- oder Zahlungs-Signale liefern, aber nicht als Kernquelle priorisieren.",150,63000,18000,Streng - Shilling gebannt,3.038,https://www.reddit.com/r/web3/,https://www.reddit.com/r/web3/new/,,Legacy-Seed: Entscheidung neu bewertet; Aktivität bei fehlendem Live-Check nur als Proxy markiert.,SECONDARY,"Potential adjacent signal source, but not efficient enough for primary recurring problem discovery.",DO_NOT_CONTINUOUSLY_SCAN,0
r/web3dev,Crypto,Krypto-/Web3-Community,MIXED,LEGACY_647,SEKUNDAER,S,SECONDARY_SIGNAL,NEIN_BIS_GEPRUEFT,PRUEFEN,LOW,Sehr kleine Community laut Legacy-Daten; vor Scan live prüfen.,LOW_TO_MEDIUM,LOW,,"Kann ergänzende Markt-, Tool-, Trend- oder Zahlungs-Signale liefern, aber nicht als Kernquelle priorisieren.",150,835,,Streng - Shilling gebannt,1.958,https://www.reddit.com/r/web3dev/,https://www.reddit.com/r/web3dev/new/,,Legacy-Seed: Entscheidung neu bewertet; Aktivität bei fehlendem Live-Check nur als Proxy markiert.,SECONDARY,"Potential adjacent signal source, but not efficient enough for primary recurring problem discovery.",DO_NOT_CONTINUOUSLY_SCAN,0
r/AfterEffects,Design,Designer (Graphic/UX/UI),MIXED,LEGACY_647,BRAUCHEN_TESTEN,B,EXPLORATION,NEIN_BIS_GEPRUEFT,PRUEFEN,LOW,Keine verwertbaren Aktivitätsmetriken in der gelieferten Legacy-Datei.,HIGH,LOW,,"Beruf/Prosumer-Mix; sinnvoller Pilot, tatsächlicher Research-Yield muss gemessen werden.",250,,,Eingeschraenkt - Feedback ok,2.4,https://www.reddit.com/r/AfterEffects/,https://www.reddit.com/r/AfterEffects/new/,,Legacy-Seed: Entscheidung neu bewertet; Aktivität bei fehlendem Live-Check nur als Proxy markiert.,SECONDARY,"Creator/design community is relevant but often dominated by craft, portfolio or platform discussion.",DO_NOT_CONTINUOUSLY_SCAN,0
r/Design,Design,Designer (Graphic/UX/UI),MIXED,LEGACY_647,BRAUCHEN_TESTEN,B,EXPLORATION,JA,WAHRSCHEINLICH_AKTIV_PROXY,MEDIUM,Aktivität aus gelieferten Mitglieder-/Wachstumsdaten abgeleitet; nicht live verifiziert.,HIGH,LOW,,"Beruf/Prosumer-Mix; sinnvoller Pilot, tatsächlicher Research-Yield muss gemessen werden.",250,4400000,46000,Eingeschraenkt - Feedback ok,5.322,https://www.reddit.com/r/Design/,https://www.reddit.com/r/Design/new/,,Legacy-Seed: Entscheidung neu bewertet; Aktivität bei fehlendem Live-Check nur als Proxy markiert.,SECONDARY,"Creator/design community is relevant but often dominated by craft, portfolio or platform discussion.",DO_NOT_CONTINUOUSLY_SCAN,0
r/DesignJobs,Design,Designer (Graphic/UX/UI),MIXED,LEGACY_647,BRAUCHEN_TESTEN,B,EXPLORATION,NEIN_BIS_GEPRUEFT,PRUEFEN,LOW,Keine verwertbaren Aktivitätsmetriken in der gelieferten Legacy-Datei.,HIGH,LOW,,"Beruf/Prosumer-Mix; sinnvoller Pilot, tatsächlicher Research-Yield muss gemessen werden.",250,,,Eingeschraenkt - Feedback ok,2.4,https://www.reddit.com/r/DesignJobs/,https://www.reddit.com/r/DesignJobs/new/,,Legacy-Seed: Entscheidung neu bewertet; Aktivität bei fehlendem Live-Check nur als Proxy markiert.,SECONDARY,"Creator/design community is relevant but often dominated by craft, portfolio or platform discussion.",DO_NOT_CONTINUOUSLY_SCAN,0
r/Illustration,Design,Designer (Graphic/UX/UI),MIXED,LEGACY_647,BRAUCHEN_TESTEN,B,EXPLORATION,NEIN_BIS_GEPRUEFT,PRUEFEN,LOW,Keine verwertbaren Aktivitätsmetriken in der gelieferten Legacy-Datei.,HIGH,LOW,,"Beruf/Prosumer-Mix; sinnvoller Pilot, tatsächlicher Research-Yield muss gemessen werden.",250,,,Eingeschraenkt - Feedback ok,2.4,https://www.reddit.com/r/Illustration/,https://www.reddit.com/r/Illustration/new/,,Legacy-Seed: Entscheidung neu bewertet; Aktivität bei fehlendem Live-Check nur als Proxy markiert.,SECONDARY,"Creator/design community is relevant but often dominated by craft, portfolio or platform discussion.",DO_NOT_CONTINUOUSLY_SCAN,0
r/IndustrialDesign,Design,Designer (Graphic/UX/UI),MIXED,LEGACY_647,BRAUCHEN_TESTEN,B,EXPLORATION,NEIN_BIS_GEPRUEFT,PRUEFEN,LOW,Keine verwertbaren Aktivitätsmetriken in der gelieferten Legacy-Datei.,HIGH,LOW,,"Beruf/Prosumer-Mix; sinnvoller Pilot, tatsächlicher Research-Yield muss gemessen werden.",250,,,Eingeschraenkt - Feedback ok,2.4,https://www.reddit.com/r/IndustrialDesign/,https://www.reddit.com/r/IndustrialDesign/new/,,Legacy-Seed: Entscheidung neu bewertet; Aktivität bei fehlendem Live-Check nur als Proxy markiert.,SECONDARY,"Creator/design community is relevant but often dominated by craft, portfolio or platform discussion.",DO_NOT_CONTINUOUSLY_SCAN,0
r/InteriorDesign,Design,Designer (Graphic/UX/UI),MIXED,LEGACY_647,BRAUCHEN_TESTEN,B,EXPLORATION,NEIN_BIS_GEPRUEFT,PRUEFEN,LOW,Keine verwertbaren Aktivitätsmetriken in der gelieferten Legacy-Datei.,HIGH,LOW,,"Beruf/Prosumer-Mix; sinnvoller Pilot, tatsächlicher Research-Yield muss gemessen werden.",250,,,Eingeschraenkt - Feedback ok,2.4,https://www.reddit.com/r/InteriorDesign/,https://www.reddit.com/r/InteriorDesign/new/,,Legacy-Seed: Entscheidung neu bewertet; Aktivität bei fehlendem Live-Check nur als Proxy markiert.,SECONDARY,"Creator/design community is relevant but often dominated by craft, portfolio or platform discussion.",DO_NOT_CONTINUOUSLY_SCAN,0
r/learndesign,Design,Designer (Graphic/UX/UI),MIXED,LEGACY_647,BRAUCHEN_TESTEN,B,EXPLORATION,JA,WAHRSCHEINLICH_AKTIV_PROXY,MEDIUM,Aktivität aus gelieferten Mitglieder-/Wachstumsdaten abgeleitet; nicht live verifiziert.,HIGH,LOW,,"Beruf/Prosumer-Mix; sinnvoller Pilot, tatsächlicher Research-Yield muss gemessen werden.",250,67000,12000,Eingeschraenkt - Feedback ok,3.995,https://www.reddit.com/r/learndesign/,https://www.reddit.com/r/learndesign/new/,,Legacy-Seed: Entscheidung neu bewertet; Aktivität bei fehlendem Live-Check nur als Proxy markiert.,SECONDARY,"Creator/design community is relevant but often dominated by craft, portfolio or platform discussion.",DO_NOT_CONTINUOUSLY_SCAN,0
r/logodesign,Design,Designer (Graphic/UX/UI),MIXED,LEGACY_647,BRAUCHEN_TESTEN,B,EXPLORATION,JA,WAHRSCHEINLICH_AKTIV_PROXY,MEDIUM,Aktivität aus gelieferten Mitglieder-/Wachstumsdaten abgeleitet; nicht live verifiziert.,HIGH,LOW,,"Beruf/Prosumer-Mix; sinnvoller Pilot, tatsächlicher Research-Yield muss gemessen werden.",250,469000,45000,Eingeschraenkt - Feedback ok,4.607,https://www.reddit.com/r/logodesign/,https://www.reddit.com/r/logodesign/new/,,Legacy-Seed: Entscheidung neu bewertet; Aktivität bei fehlendem Live-Check nur als Proxy markiert.,SECONDARY,"Creator/design community is relevant but often dominated by craft, portfolio or platform discussion.",DO_NOT_CONTINUOUSLY_SCAN,0
r/MotionDesign,Design,Designer (Graphic/UX/UI),MIXED,LEGACY_647,BRAUCHEN_TESTEN,B,EXPLORATION,NEIN_BIS_GEPRUEFT,PRUEFEN,LOW,Keine verwertbaren Aktivitätsmetriken in der gelieferten Legacy-Datei.,HIGH,LOW,,"Beruf/Prosumer-Mix; sinnvoller Pilot, tatsächlicher Research-Yield muss gemessen werden.",250,,,Eingeschraenkt - Feedback ok,2.4,https://www.reddit.com/r/MotionDesign/,https://www.reddit.com/r/MotionDesign/new/,,Legacy-Seed: Entscheidung neu bewertet; Aktivität bei fehlendem Live-Check nur als Proxy markiert.,SECONDARY,"Creator/design community is relevant but often dominated by craft, portfolio or platform discussion.",DO_NOT_CONTINUOUSLY_SCAN,0
r/photoshop,Design,Designer (Graphic/UX/UI),MIXED,LEGACY_647,BRAUCHEN_TESTEN,B,EXPLORATION,NEIN_BIS_GEPRUEFT,PRUEFEN,LOW,Keine verwertbaren Aktivitätsmetriken in der gelieferten Legacy-Datei.,HIGH,LOW,,"Beruf/Prosumer-Mix; sinnvoller Pilot, tatsächlicher Research-Yield muss gemessen werden.",250,,,Eingeschraenkt - Feedback ok,2.4,https://www.reddit.com/r/photoshop/,https://www.reddit.com/r/photoshop/new/,,Legacy-Seed: Entscheidung neu bewertet; Aktivität bei fehlendem Live-Check nur als Proxy markiert.,SECONDARY,"Creator/design community is relevant but often dominated by craft, portfolio or platform discussion.",DO_NOT_CONTINUOUSLY_SCAN,0
r/product_design,Design,Designer (Graphic/UX/UI),MIXED,LEGACY_647,BRAUCHEN_TESTEN,B,EXPLORATION,JA,WAHRSCHEINLICH_AKTIV_PROXY,MEDIUM,Aktivität aus gelieferten Mitglieder-/Wachstumsdaten abgeleitet; nicht live verifiziert.,HIGH,LOW,,"Beruf/Prosumer-Mix; sinnvoller Pilot, tatsächlicher Research-Yield muss gemessen werden.",250,55000,6000,Eingeschraenkt - Feedback ok,3.877,https://www.reddit.com/r/product_design/,https://www.reddit.com/r/product_design/new/,,Legacy-Seed: Entscheidung neu bewertet; Aktivität bei fehlendem Live-Check nur als Proxy markiert.,SECONDARY,"Creator/design community is relevant but often dominated by craft, portfolio or platform discussion.",DO_NOT_CONTINUOUSLY_SCAN,0
r/typography,Design,Designer (Graphic/UX/UI),MIXED,LEGACY_647,BRAUCHEN_TESTEN,B,EXPLORATION,JA,WAHRSCHEINLICH_AKTIV_PROXY,MEDIUM,Aktivität aus gelieferten Mitglieder-/Wachstumsdaten abgeleitet; nicht live verifiziert.,HIGH,LOW,,"Beruf/Prosumer-Mix; sinnvoller Pilot, tatsächlicher Research-Yield muss gemessen werden.",250,465000,21000,Eingeschraenkt - Feedback ok,4.567,https://www.reddit.com/r/typography/,https://www.reddit.com/r/typography/new/,,Legacy-Seed: Entscheidung neu bewertet; Aktivität bei fehlendem Live-Check nur als Proxy markiert.,SECONDARY,"Creator/design community is relevant but often dominated by craft, portfolio or platform discussion.",DO_NOT_CONTINUOUSLY_SCAN,0
r/UI_Design,Design,Designer (Graphic/UX/UI),MIXED,LEGACY_647,BRAUCHEN_TESTEN,B,EXPLORATION,JA,WAHRSCHEINLICH_AKTIV_PROXY,MEDIUM,Aktivität aus gelieferten Mitglieder-/Wachstumsdaten abgeleitet; nicht live verifiziert.,HIGH,LOW,,"Beruf/Prosumer-Mix; sinnvoller Pilot, tatsächlicher Research-Yield muss gemessen werden.",250,232000,29000,Eingeschraenkt - Feedback ok,4.384,https://www.reddit.com/r/UI_Design/,https://www.reddit.com/r/UI_Design/new/,,Legacy-Seed: Entscheidung neu bewertet; Aktivität bei fehlendem Live-Check nur als Proxy markiert.,SECONDARY,"Creator/design community is relevant but often dominated by craft, portfolio or platform discussion.",DO_NOT_CONTINUOUSLY_SCAN,0
r/uidesign,Design,Designer (Graphic/UX/UI),MIXED,LEGACY_647,BRAUCHEN_TESTEN,B,EXPLORATION,JA,AKTIV_NISCHE_PROXY,MEDIUM,Kleinere/nischige Community laut Legacy-Daten; vor großem Scan live prüfen.,HIGH,LOW,,"Beruf/Prosumer-Mix; sinnvoller Pilot, tatsächlicher Research-Yield muss gemessen werden.",250,9000,2000,Eingeschraenkt - Feedback ok,3.36,https://www.reddit.com/r/uidesign/,https://www.reddit.com/r/uidesign/new/,,Legacy-Seed: Entscheidung neu bewertet; Aktivität bei fehlendem Live-Check nur als Proxy markiert.,SECONDARY,"Creator/design community is relevant but often dominated by craft, portfolio or platform discussion.",DO_NOT_CONTINUOUSLY_SCAN,0
r/userexperience,Design,Designer (Graphic/UX/UI),MIXED,LEGACY_647,BRAUCHEN_TESTEN,B,EXPLORATION,JA,WAHRSCHEINLICH_AKTIV_PROXY,MEDIUM,Aktivität aus gelieferten Mitglieder-/Wachstumsdaten abgeleitet; nicht live verifiziert.,HIGH,LOW,,"Beruf/Prosumer-Mix; sinnvoller Pilot, tatsächlicher Research-Yield muss gemessen werden.",250,145000,11000,Eingeschraenkt - Feedback ok,4.186,https://www.reddit.com/r/userexperience/,https://www.reddit.com/r/userexperience/new/,,Legacy-Seed: Entscheidung neu bewertet; Aktivität bei fehlendem Live-Check nur als Proxy markiert.,SECONDARY,"Creator/design community is relevant but often dominated by craft, portfolio or platform discussion.",DO_NOT_CONTINUOUSLY_SCAN,0
r/UX_Design,Design,Designer (Graphic/UX/UI),MIXED,LEGACY_647,BRAUCHEN_TESTEN,B,EXPLORATION,JA,WAHRSCHEINLICH_AKTIV_PROXY,MEDIUM,Aktivität aus gelieferten Mitglieder-/Wachstumsdaten abgeleitet; nicht live verifiziert.,HIGH,LOW,,"Beruf/Prosumer-Mix; sinnvoller Pilot, tatsächlicher Research-Yield muss gemessen werden.",250,41000,14000,Eingeschraenkt - Feedback ok,3.944,https://www.reddit.com/r/UX_Design/,https://www.reddit.com/r/UX_Design/new/,,Legacy-Seed: Entscheidung neu bewertet; Aktivität bei fehlendem Live-Check nur als Proxy markiert.,SECONDARY,"Creator/design community is relevant but often dominated by craft, portfolio or platform discussion.",DO_NOT_CONTINUOUSLY_SCAN,0
r/UXDesign,Design,Designer (Graphic/UX/UI),MIXED,LEGACY_647,BRAUCHEN_TESTEN,B,EXPLORATION,JA,WAHRSCHEINLICH_AKTIV_PROXY,MEDIUM,Aktivität aus gelieferten Mitglieder-/Wachstumsdaten abgeleitet; nicht live verifiziert.,HIGH,LOW,,"Beruf/Prosumer-Mix; sinnvoller Pilot, tatsächlicher Research-Yield muss gemessen werden.",250,237000,47000,Eingeschraenkt - Feedback ok,4.444,https://www.reddit.com/r/UXDesign/,https://www.reddit.com/r/UXDesign/new/,,Legacy-Seed: Entscheidung neu bewertet; Aktivität bei fehlendem Live-Check nur als Proxy markiert.,SECONDARY,"Creator/design community is relevant but often dominated by craft, portfolio or platform discussion.",DO_NOT_CONTINUOUSLY_SCAN,0
r/UXResearch,Design,Designer (Graphic/UX/UI),MIXED,LEGACY_647,BRAUCHEN_TESTEN,B,EXPLORATION,JA,WAHRSCHEINLICH_AKTIV_PROXY,MEDIUM,Aktivität aus gelieferten Mitglieder-/Wachstumsdaten abgeleitet; nicht live verifiziert.,HIGH,LOW,,"Beruf/Prosumer-Mix; sinnvoller Pilot, tatsächlicher Research-Yield muss gemessen werden.",250,66000,11000,Eingeschraenkt - Feedback ok,3.981,https://www.reddit.com/r/UXResearch/,https://www.reddit.com/r/UXResearch/new/,,Legacy-Seed: Entscheidung neu bewertet; Aktivität bei fehlendem Live-Check nur als Proxy markiert.,SECONDARY,"Creator/design community is relevant but often dominated by craft, portfolio or platform discussion.",DO_NOT_CONTINUOUSLY_SCAN,0
r/web_design,Design,Designer (Graphic/UX/UI),MIXED,LEGACY_647,BRAUCHEN_TESTEN,B,EXPLORATION,JA,WAHRSCHEINLICH_AKTIV_PROXY,MEDIUM,Aktivität aus gelieferten Mitglieder-/Wachstumsdaten abgeleitet; nicht live verifiziert.,HIGH,LOW,,"Beruf/Prosumer-Mix; sinnvoller Pilot, tatsächlicher Research-Yield muss gemessen werden.",250,966000,45000,Eingeschraenkt - Feedback ok,4.822,https://www.reddit.com/r/web_design/,https://www.reddit.com/r/web_design/new/,,Legacy-Seed: Entscheidung neu bewertet; Aktivität bei fehlendem Live-Check nur als Proxy markiert.,SECONDARY,"Creator/design community is relevant but often dominated by craft, portfolio or platform discussion.",DO_NOT_CONTINUOUSLY_SCAN,0
r/advancedentrepreneur,Entrepreneur_Biz,"Gruender, Small-Business-Owner",MIXED,LEGACY_647,SEKUNDAER,S,SECONDARY_SIGNAL,NUR_SEKUNDAER,WAHRSCHEINLICH_AKTIV_PROXY,MEDIUM,Aktivität aus gelieferten Mitglieder-/Wachstumsdaten abgeleitet; nicht live verifiziert.,LOW_TO_MEDIUM,LOW,,"Kann ergänzende Markt-, Tool-, Trend- oder Zahlungs-Signale liefern, aber nicht als Kernquelle priorisieren.",150,75000,17000,Eingeschraenkt - Promo-Threads,4.068,https://www.reddit.com/r/advancedentrepreneur/,https://www.reddit.com/r/advancedentrepreneur/new/,,Legacy-Seed: Entscheidung neu bewertet; Aktivität bei fehlendem Live-Check nur als Proxy markiert.,SECONDARY,"Useful for adjacent trend/tool/market signals, but too broad, hobby-heavy, builder-heavy or promotional for primary pain discovery.",DO_NOT_CONTINUOUSLY_SCAN,0
r/business,Entrepreneur_Biz,"Gruender, Small-Business-Owner",MIXED,LEGACY_647,SEKUNDAER,S,SECONDARY_SIGNAL,NUR_SEKUNDAER,WAHRSCHEINLICH_AKTIV_PROXY,MEDIUM,Aktivität aus gelieferten Mitglieder-/Wachstumsdaten abgeleitet; nicht live verifiziert.,LOW_TO_MEDIUM,LOW,,"Kann ergänzende Markt-, Tool-, Trend- oder Zahlungs-Signale liefern, aber nicht als Kernquelle priorisieren.",150,2600000,87000,Eingeschraenkt - Promo-Threads,5.156,https://www.reddit.com/r/business/,https://www.reddit.com/r/business/new/,,Legacy-Seed: Entscheidung neu bewertet; Aktivität bei fehlendem Live-Check nur als Proxy markiert.,SECONDARY,"Useful for adjacent trend/tool/market signals, but too broad, hobby-heavy, builder-heavy or promotional for primary pain discovery.",DO_NOT_CONTINUOUSLY_SCAN,0
r/domainflipping,Entrepreneur_Biz,"Gruender, Small-Business-Owner",MIXED,LEGACY_647,SEKUNDAER,S,SECONDARY_SIGNAL,NUR_SEKUNDAER,AKTIV_NISCHE_PROXY,MEDIUM,Kleinere/nischige Community laut Legacy-Daten; vor großem Scan live prüfen.,LOW_TO_MEDIUM,LOW,,"Kann ergänzende Markt-, Tool-, Trend- oder Zahlungs-Signale liefern, aber nicht als Kernquelle priorisieren.",150,6000,,Eingeschraenkt - Promo-Threads,3.076,https://www.reddit.com/r/domainflipping/,https://www.reddit.com/r/domainflipping/new/,,Legacy-Seed: Entscheidung neu bewertet; Aktivität bei fehlendem Live-Check nur als Proxy markiert.,SECONDARY,"Potential adjacent signal source, but not efficient enough for primary recurring problem discovery.",DO_NOT_CONTINUOUSLY_SCAN,0
r/Entrepreneur,Entrepreneur_Biz,"Gruender, Small-Business-Owner",MIXED,LEGACY_647,SEKUNDAER,S,SECONDARY_SIGNAL,NUR_SEKUNDAER,WAHRSCHEINLICH_AKTIV_PROXY,MEDIUM,Aktivität aus gelieferten Mitglieder-/Wachstumsdaten abgeleitet; nicht live verifiziert.,LOW_TO_MEDIUM,LOW,,"Kann ergänzende Markt-, Tool-, Trend- oder Zahlungs-Signale liefern, aber nicht als Kernquelle priorisieren.",150,5200000,459000,Eingeschraenkt - Promo-Threads,5.436,https://www.reddit.com/r/Entrepreneur/,https://www.reddit.com/r/Entrepreneur/new/,,Legacy-Seed: Entscheidung neu bewertet; Aktivität bei fehlendem Live-Check nur als Proxy markiert.,SECONDARY,"Useful for adjacent trend/tool/market signals, but too broad, hobby-heavy, builder-heavy or promotional for primary pain discovery.",DO_NOT_CONTINUOUSLY_SCAN,0
r/EntrepreneurRideAlong,Entrepreneur_Biz,"Gruender, Small-Business-Owner",MIXED,LEGACY_647,SEKUNDAER,S,SECONDARY_SIGNAL,NUR_SEKUNDAER,WAHRSCHEINLICH_AKTIV_PROXY,MEDIUM,Aktivität aus gelieferten Mitglieder-/Wachstumsdaten abgeleitet; nicht live verifiziert.,LOW_TO_MEDIUM,LOW,,"Kann ergänzende Markt-, Tool-, Trend- oder Zahlungs-Signale liefern, aber nicht als Kernquelle priorisieren.",150,694000,113000,Eingeschraenkt - Promo-Threads,4.791,https://www.reddit.com/r/EntrepreneurRideAlong/,https://www.reddit.com/r/EntrepreneurRideAlong/new/,,Legacy-Seed: Entscheidung neu bewertet; Aktivität bei fehlendem Live-Check nur als Proxy markiert.,SECONDARY,"Potential adjacent signal source, but not efficient enough for primary recurring problem discovery.",DO_NOT_CONTINUOUSLY_SCAN,0
r/Entrepreneurs,Entrepreneur_Biz,"Gruender, Small-Business-Owner",MIXED,LEGACY_647,SEKUNDAER,S,SECONDARY_SIGNAL,NUR_SEKUNDAER,WAHRSCHEINLICH_AKTIV_PROXY,MEDIUM,Aktivität aus gelieferten Mitglieder-/Wachstumsdaten abgeleitet; nicht live verifiziert.,LOW_TO_MEDIUM,LOW,,"Kann ergänzende Markt-, Tool-, Trend- oder Zahlungs-Signale liefern, aber nicht als Kernquelle priorisieren.",150,151000,82000,Eingeschraenkt - Promo-Threads,4.536,https://www.reddit.com/r/Entrepreneurs/,https://www.reddit.com/r/Entrepreneurs/new/,,Legacy-Seed: Entscheidung neu bewertet; Aktivität bei fehlendem Live-Check nur als Proxy markiert.,SECONDARY,"Potential adjacent signal source, but not efficient enough for primary recurring problem discovery.",DO_NOT_CONTINUOUSLY_SCAN,0
r/Entrepreneurship,Entrepreneur_Biz,"Gruender, Small-Business-Owner",MIXED,LEGACY_647,SEKUNDAER,S,SECONDARY_SIGNAL,NUR_SEKUNDAER,WAHRSCHEINLICH_AKTIV_PROXY,MEDIUM,Aktivität aus gelieferten Mitglieder-/Wachstumsdaten abgeleitet; nicht live verifiziert.,LOW_TO_MEDIUM,LOW,,"Kann ergänzende Markt-, Tool-, Trend- oder Zahlungs-Signale liefern, aber nicht als Kernquelle priorisieren.",150,133000,47000,Eingeschraenkt - Promo-Threads,4.356,https://www.reddit.com/r/Entrepreneurship/,https://www.reddit.com/r/Entrepreneurship/new/,,Legacy-Seed: Entscheidung neu bewertet; Aktivität bei fehlendem Live-Check nur als Proxy markiert.,SECONDARY,"Useful for adjacent trend/tool/market signals, but too broad, hobby-heavy, builder-heavy or promotional for primary pain discovery.",DO_NOT_CONTINUOUSLY_SCAN,0
r/growmybusiness,Entrepreneur_Biz,"Gruender, Small-Business-Owner",MIXED,LEGACY_647,SEKUNDAER,S,SECONDARY_SIGNAL,NUR_SEKUNDAER,WAHRSCHEINLICH_AKTIV_PROXY,MEDIUM,Aktivität aus gelieferten Mitglieder-/Wachstumsdaten abgeleitet; nicht live verifiziert.,LOW_TO_MEDIUM,LOW,,"Kann ergänzende Markt-, Tool-, Trend- oder Zahlungs-Signale liefern, aber nicht als Kernquelle priorisieren.",150,105000,45000,Eingeschraenkt - Promo-Threads,4.329,https://www.reddit.com/r/growmybusiness/,https://www.reddit.com/r/growmybusiness/new/,,Legacy-Seed: Entscheidung neu bewertet; Aktivität bei fehlendem Live-Check nur als Proxy markiert.,SECONDARY,"Potential adjacent signal source, but not efficient enough for primary recurring problem discovery.",DO_NOT_CONTINUOUSLY_SCAN,0
r/indiebiz,Entrepreneur_Biz,"Gruender, Small-Business-Owner",MIXED,LEGACY_647,SEKUNDAER,S,SECONDARY_SIGNAL,NUR_SEKUNDAER,WAHRSCHEINLICH_AKTIV_PROXY,MEDIUM,Aktivität aus gelieferten Mitglieder-/Wachstumsdaten abgeleitet; nicht live verifiziert.,LOW_TO_MEDIUM,LOW,,"Kann ergänzende Markt-, Tool-, Trend- oder Zahlungs-Signale liefern, aber nicht als Kernquelle priorisieren.",150,38000,16000,Eingeschraenkt - Promo-Threads,3.976,https://www.reddit.com/r/indiebiz/,https://www.reddit.com/r/indiebiz/new/,,Legacy-Seed: Entscheidung neu bewertet; Aktivität bei fehlendem Live-Check nur als Proxy markiert.,SECONDARY,"Potential adjacent signal source, but not efficient enough for primary recurring problem discovery.",DO_NOT_CONTINUOUSLY_SCAN,0
r/SideHustleGold,Entrepreneur_Biz,"Gruender, Small-Business-Owner",MIXED,LEGACY_647,SEKUNDAER,S,SECONDARY_SIGNAL,NUR_SEKUNDAER,WAHRSCHEINLICH_AKTIV_PROXY,MEDIUM,Aktivität aus gelieferten Mitglieder-/Wachstumsdaten abgeleitet; nicht live verifiziert.,LOW_TO_MEDIUM,LOW,,"Kann ergänzende Markt-, Tool-, Trend- oder Zahlungs-Signale liefern, aber nicht als Kernquelle priorisieren.",150,82000,81000,Eingeschraenkt - Promo-Threads,4.646,https://www.reddit.com/r/SideHustleGold/,https://www.reddit.com/r/SideHustleGold/new/,,Legacy-Seed: Entscheidung neu bewertet; Aktivität bei fehlendem Live-Check nur als Proxy markiert.,SECONDARY,"Potential adjacent signal source, but not efficient enough for primary recurring problem discovery.",DO_NOT_CONTINUOUSLY_SCAN,0
r/simple_domainers,Entrepreneur_Biz,"Gruender, Small-Business-Owner",MIXED,LEGACY_647,SEKUNDAER,S,SECONDARY_SIGNAL,NEIN_BIS_GEPRUEFT,PRUEFEN,LOW,Sehr kleine Community laut Legacy-Daten; vor Scan live prüfen.,LOW_TO_MEDIUM,LOW,,"Kann ergänzende Markt-, Tool-, Trend- oder Zahlungs-Signale liefern, aber nicht als Kernquelle priorisieren.",150,963,917,Eingeschraenkt - Promo-Threads,3.319,https://www.reddit.com/r/simple_domainers/,https://www.reddit.com/r/simple_domainers/new/,,Legacy-Seed: Entscheidung neu bewertet; Aktivität bei fehlendem Live-Check nur als Proxy markiert.,SECONDARY,"Potential adjacent signal source, but not efficient enough for primary recurring problem discovery.",DO_NOT_CONTINUOUSLY_SCAN,0
r/smallbiz,Entrepreneur_Biz,"Gruender, Small-Business-Owner",MIXED,LEGACY_647,SEKUNDAER,S,SECONDARY_SIGNAL,NEIN_BIS_GEPRUEFT,PRUEFEN,LOW,Sehr kleine Community laut Legacy-Daten; vor Scan live prüfen.,LOW_TO_MEDIUM,LOW,,"Kann ergänzende Markt-, Tool-, Trend- oder Zahlungs-Signale liefern, aber nicht als Kernquelle priorisieren.",150,324,,Eingeschraenkt - Promo-Threads,2.498,https://www.reddit.com/r/smallbiz/,https://www.reddit.com/r/smallbiz/new/,,Legacy-Seed: Entscheidung neu bewertet; Aktivität bei fehlendem Live-Check nur als Proxy markiert.,SECONDARY,"Potential adjacent signal source, but not efficient enough for primary recurring problem discovery.",DO_NOT_CONTINUOUSLY_SCAN,0
r/solopassions,Entrepreneur_Biz,"Gruender, Small-Business-Owner",MIXED,LEGACY_647,SEKUNDAER,S,SECONDARY_SIGNAL,NEIN_BIS_GEPRUEFT,PRUEFEN,LOW,Sehr kleine Community laut Legacy-Daten; vor Scan live prüfen.,LOW_TO_MEDIUM,LOW,,"Kann ergänzende Markt-, Tool-, Trend- oder Zahlungs-Signale liefern, aber nicht als Kernquelle priorisieren.",150,409,,Eingeschraenkt - Promo-Threads,2.519,https://www.reddit.com/r/solopassions/,https://www.reddit.com/r/solopassions/new/,,Legacy-Seed: Entscheidung neu bewertet; Aktivität bei fehlendem Live-Check nur als Proxy markiert.,SECONDARY,"Potential adjacent signal source, but not efficient enough for primary recurring problem discovery.",DO_NOT_CONTINUOUSLY_SCAN,0
r/startup,Entrepreneur_Biz,"Gruender, Small-Business-Owner",MIXED,LEGACY_647,SEKUNDAER,S,SECONDARY_SIGNAL,NUR_SEKUNDAER,WAHRSCHEINLICH_AKTIV_PROXY,MEDIUM,Aktivität aus gelieferten Mitglieder-/Wachstumsdaten abgeleitet; nicht live verifiziert.,LOW_TO_MEDIUM,LOW,,"Founder-/Promo-/Job-Community: nicht primär scannen; höchstens für Nachfrage-, Tool-, Job- oder Zahlungs-Signale.",150,297000,94000,Eingeschraenkt - Promo-Threads,4.607,https://www.reddit.com/r/startup/,https://www.reddit.com/r/startup/new/,,Legacy-Seed: Entscheidung neu bewertet; Aktivität bei fehlendem Live-Check nur als Proxy markiert.,SECONDARY,"Useful for adjacent trend/tool/market signals, but too broad, hobby-heavy, builder-heavy or promotional for primary pain discovery.",DO_NOT_CONTINUOUSLY_SCAN,0
r/startup_resources,Entrepreneur_Biz,"Gruender, Small-Business-Owner",MIXED,LEGACY_647,SEKUNDAER,S,SECONDARY_SIGNAL,NUR_SEKUNDAER,AKTIV_NISCHE_PROXY,MEDIUM,Kleinere/nischige Community laut Legacy-Daten; vor großem Scan live prüfen.,LOW_TO_MEDIUM,LOW,,"Founder-/Promo-/Job-Community: nicht primär scannen; höchstens für Nachfrage-, Tool-, Job- oder Zahlungs-Signale.",150,35000,,Eingeschraenkt - Promo-Threads,3.645,https://www.reddit.com/r/startup_resources/,https://www.reddit.com/r/startup_resources/new/,,Legacy-Seed: Entscheidung neu bewertet; Aktivität bei fehlendem Live-Check nur als Proxy markiert.,SECONDARY,"Potential adjacent signal source, but not efficient enough for primary recurring problem discovery.",DO_NOT_CONTINUOUSLY_SCAN,0
r/startups,Entrepreneur_Biz,"Gruender, Small-Business-Owner",MIXED,LEGACY_647,SEKUNDAER,S,SECONDARY_SIGNAL,NUR_SEKUNDAER,WAHRSCHEINLICH_AKTIV_PROXY,MEDIUM,Aktivität aus gelieferten Mitglieder-/Wachstumsdaten abgeleitet; nicht live verifiziert.,LOW_TO_MEDIUM,LOW,,"Founder-/Promo-/Job-Community: nicht primär scannen; höchstens für Nachfrage-, Tool-, Job- oder Zahlungs-Signale.",150,2100000,217000,Eingeschraenkt - Promo-Threads,5.132,https://www.reddit.com/r/startups/,https://www.reddit.com/r/startups/new/,,Legacy-Seed: Entscheidung neu bewertet; Aktivität bei fehlendem Live-Check nur als Proxy markiert.,SECONDARY,"Useful for adjacent trend/tool/market signals, but too broad, hobby-heavy, builder-heavy or promotional for primary pain discovery.",DO_NOT_CONTINUOUSLY_SCAN,0
r/ycombinator,Entrepreneur_Biz,"Gruender, Small-Business-Owner",MIXED,LEGACY_647,SEKUNDAER,S,SECONDARY_SIGNAL,NUR_SEKUNDAER,WAHRSCHEINLICH_AKTIV_PROXY,MEDIUM,Aktivität aus gelieferten Mitglieder-/Wachstumsdaten abgeleitet; nicht live verifiziert.,LOW_TO_MEDIUM,LOW,,"Founder-/Promo-/Job-Community: nicht primär scannen; höchstens für Nachfrage-, Tool-, Job- oder Zahlungs-Signale.",150,187000,64000,Eingeschraenkt - Promo-Threads,4.466,https://www.reddit.com/r/ycombinator/,https://www.reddit.com/r/ycombinator/new/,,Legacy-Seed: Entscheidung neu bewertet; Aktivität bei fehlendem Live-Check nur als Proxy markiert.,SECONDARY,"Useful for adjacent trend/tool/market signals, but too broad, hobby-heavy, builder-heavy or promotional for primary pain discovery.",DO_NOT_CONTINUOUSLY_SCAN,0
r/CanningRebels,Food_Hobbies_Prosumers,Food- und Beverage-Prosumer,HOBBY_PROSUMER,EXPANSION_314,HOBBY_PROSUMER,C,HOBBY_PROSUMER,JA_LIGHT,ACTIVE_NICHE_VERIFIED_2026-09,HIGH,Current /new feed checked via web in Sep 2026,HIGH,LOW,"Rezepte, Chargen, Messwerte, Inventar, Geräte, Prozess-Tracking und Dokumentation",Hobby-/Prosumer-Quelle; nur leicht scannen und auf Tools/Commerce/Organisation fokussieren.,150,,,,,https://www.reddit.com/r/CanningRebels/,https://www.reddit.com/r/CanningRebels/new/,2026-09-18,Current /new feed checked via web in Sep 2026,SECONDARY,"Potential adjacent signal source, but not efficient enough for primary recurring problem discovery.",DO_NOT_CONTINUOUSLY_SCAN,0
r/cheesemaking,Food_Hobbies_Prosumers,Cheesemaking hobbyists,HOBBY / CONSUMER / PROSUMER,NEW_WEB_RESEARCH,HOBBY_PROSUMER,C,HOBBY_PROSUMER,JA_LIGHT,ACTIVE_VERIFIED_2026-09,HIGH,Reddit /new page checked via web research in September 2026.,MEDIUM,LOW,"Process tracking, recipes, equipment, sourcing","Aktive Hobby-/Prosumer-Community; niedrigeres Budget, aber potenziell gute Tool-/Commerce-Pains.",150,,,,,https://www.reddit.com/r/cheesemaking/,https://www.reddit.com/r/cheesemaking/new/,2026-09-18,Zusätzlich nach der 314er-Erweiterung gefunden und gegen vorhandene Namen dedupliziert.,SECONDARY,"Potential adjacent signal source, but not efficient enough for primary recurring problem discovery.",DO_NOT_CONTINUOUSLY_SCAN,0
r/espresso,Food_Hobbies_Prosumers,Food- und Beverage-Prosumer,HOBBY_PROSUMER,EXPANSION_314,HOBBY_PROSUMER,C,HOBBY_PROSUMER,JA_LIGHT,ACTIVE_VERIFIED_2026-09,HIGH,Current /new feed checked via web in Sep 2026,HIGH,LOW,"Rezepte, Chargen, Messwerte, Inventar, Geräte, Prozess-Tracking und Dokumentation",Hobby-/Prosumer-Quelle; nur leicht scannen und auf Tools/Commerce/Organisation fokussieren.,150,,,,,https://www.reddit.com/r/espresso/,https://www.reddit.com/r/espresso/new/,2026-09-18,Current /new feed checked via web in Sep 2026,SECONDARY,"Potential adjacent signal source, but not efficient enough for primary recurring problem discovery.",DO_NOT_CONTINUOUSLY_SCAN,0
r/MealPrepSunday,Food_Hobbies_Prosumers,Food- und Beverage-Prosumer,HOBBY_PROSUMER,EXPANSION_314,HOBBY_PROSUMER,C,HOBBY_PROSUMER,JA_LIGHT,ACTIVE_VERIFIED_2026-09,HIGH,Current /new feed checked via web in Sep 2026,HIGH,LOW,"Rezepte, Chargen, Messwerte, Inventar, Geräte, Prozess-Tracking und Dokumentation",Hobby-/Prosumer-Quelle; nur leicht scannen und auf Tools/Commerce/Organisation fokussieren.,150,,,,,https://www.reddit.com/r/MealPrepSunday/,https://www.reddit.com/r/MealPrepSunday/new/,2026-09-18,Current /new feed checked via web in Sep 2026,SECONDARY,"Potential adjacent signal source, but not efficient enough for primary recurring problem discovery.",DO_NOT_CONTINUOUSLY_SCAN,0
r/MushroomGrowers,Food_Hobbies_Prosumers,Mushroom growers,HOBBY / CONSUMER / PROSUMER,NEW_WEB_RESEARCH,HOBBY_PROSUMER,C,HOBBY_PROSUMER,JA_LIGHT,ACTIVE_VERIFIED_2026-09,HIGH,Reddit /new page checked via web research in September 2026.,MEDIUM,LOW,"Growing workflow, environment, supplies, tracking","Aktive Hobby-/Prosumer-Community; niedrigeres Budget, aber potenziell gute Tool-/Commerce-Pains.",150,,,,,https://www.reddit.com/r/MushroomGrowers/,https://www.reddit.com/r/MushroomGrowers/new/,2026-09-18,Zusätzlich nach der 314er-Erweiterung gefunden und gegen vorhandene Namen dedupliziert.,SECONDARY,"Potential adjacent signal source, but not efficient enough for primary recurring problem discovery.",DO_NOT_CONTINUOUSLY_SCAN,0
r/smoking,Food_Hobbies_Prosumers,Food- und Beverage-Prosumer,HOBBY_PROSUMER,EXPANSION_314,HOBBY_PROSUMER,C,HOBBY_PROSUMER,JA_LIGHT,ACTIVE_VERIFIED_2026-09,HIGH,Current /new feed checked via web in Sep 2026,HIGH,LOW,"Rezepte, Chargen, Messwerte, Inventar, Geräte, Prozess-Tracking und Dokumentation",Hobby-/Prosumer-Quelle; nur leicht scannen und auf Tools/Commerce/Organisation fokussieren.,150,,,,,https://www.reddit.com/r/smoking/,https://www.reddit.com/r/smoking/new/,2026-09-18,Current /new feed checked via web in Sep 2026,SECONDARY,"Potential adjacent signal source, but not efficient enough for primary recurring problem discovery.",DO_NOT_CONTINUOUSLY_SCAN,0
r/SousVide,Food_Hobbies_Prosumers,Food- und Beverage-Prosumer,HOBBY_PROSUMER,EXPANSION_314,HOBBY_PROSUMER,C,HOBBY_PROSUMER,JA_LIGHT,ACTIVE_VERIFIED_2026-09,HIGH,Current /new feed checked via web in Sep 2026,HIGH,LOW,"Rezepte, Chargen, Messwerte, Inventar, Geräte, Prozess-Tracking und Dokumentation",Hobby-/Prosumer-Quelle; nur leicht scannen und auf Tools/Commerce/Organisation fokussieren.,150,,,,,https://www.reddit.com/r/SousVide/,https://www.reddit.com/r/SousVide/new/,2026-09-18,Current /new feed checked via web in Sep 2026,SECONDARY,"Potential adjacent signal source, but not efficient enough for primary recurring problem discovery.",DO_NOT_CONTINUOUSLY_SCAN,0
r/gamedesign,GameDev,"Game-Entwickler, Indie-Devs",MIXED,LEGACY_647,SEKUNDAER,S,SECONDARY_SIGNAL,NEIN_BIS_GEPRUEFT,PRUEFEN,LOW,Keine verwertbaren Aktivitätsmetriken in der gelieferten Legacy-Datei.,LOW_TO_MEDIUM,LOW,,"Kann ergänzende Markt-, Tool-, Trend- oder Zahlungs-Signale liefern, aber nicht als Kernquelle priorisieren.",150,,,Eingeschraenkt - Show/Feedback ok,2.4,https://www.reddit.com/r/gamedesign/,https://www.reddit.com/r/gamedesign/new/,,Legacy-Seed: Entscheidung neu bewertet; Aktivität bei fehlendem Live-Check nur als Proxy markiert.,SECONDARY,"Potential adjacent signal source, but not efficient enough for primary recurring problem discovery.",DO_NOT_CONTINUOUSLY_SCAN,0
r/gamedev,GameDev,"Game-Entwickler, Indie-Devs",MIXED,LEGACY_647,SEKUNDAER,S,SECONDARY_SIGNAL,NEIN_BIS_GEPRUEFT,PRUEFEN,LOW,Keine verwertbaren Aktivitätsmetriken in der gelieferten Legacy-Datei.,LOW_TO_MEDIUM,LOW,,"Kann ergänzende Markt-, Tool-, Trend- oder Zahlungs-Signale liefern, aber nicht als Kernquelle priorisieren.",150,,,Eingeschraenkt - Show/Feedback ok,2.4,https://www.reddit.com/r/gamedev/,https://www.reddit.com/r/gamedev/new/,,Legacy-Seed: Entscheidung neu bewertet; Aktivität bei fehlendem Live-Check nur als Proxy markiert.,SECONDARY,"Potential adjacent signal source, but not efficient enough for primary recurring problem discovery.",DO_NOT_CONTINUOUSLY_SCAN,0
r/gameDevClassifieds,GameDev,"Game-Entwickler, Indie-Devs",MIXED,LEGACY_647,SEKUNDAER,S,SECONDARY_SIGNAL,NEIN_BIS_GEPRUEFT,PRUEFEN,LOW,Keine verwertbaren Aktivitätsmetriken in der gelieferten Legacy-Datei.,LOW_TO_MEDIUM,LOW,,"Founder-/Promo-/Job-Community: nicht primär scannen; höchstens für Nachfrage-, Tool-, Job- oder Zahlungs-Signale.",150,,,Eingeschraenkt - Show/Feedback ok,2.4,https://www.reddit.com/r/gameDevClassifieds/,https://www.reddit.com/r/gameDevClassifieds/new/,,Legacy-Seed: Entscheidung neu bewertet; Aktivität bei fehlendem Live-Check nur als Proxy markiert.,SECONDARY,"Potential adjacent signal source, but not efficient enough for primary recurring problem discovery.",DO_NOT_CONTINUOUSLY_SCAN,0
r/gardening,Gardening,"Gaertner, Pflanzen-Fans",MIXED,LEGACY_647,HOBBY_PROSUMER,C,HOBBY_PROSUMER,JA_LIGHT,ACTIVE_VERIFIED_2026-09,HIGH,Reddit /new page checked via web research in September 2026.,MEDIUM,LOW,,"Aktive Hobby-/Prosumer-Zielgruppe; interessant für Tools, Commerce, Organisation und Side-Hustles, aber geringere B2B-Priorität.",150,8900000,526000,Streng - nur ueber Mehrwert,4.202,https://www.reddit.com/r/gardening/,https://www.reddit.com/r/gardening/new/,2026-09-18,Legacy-Seed: Entscheidung neu bewertet; Aktivität bei fehlendem Live-Check nur als Proxy markiert.,SECONDARY,"Useful for adjacent trend/tool/market signals, but too broad, hobby-heavy, builder-heavy or promotional for primary pain discovery.",DO_NOT_CONTINUOUSLY_SCAN,0
r/blacksmithing,Hobbies_Crafts,"Bastler, Sammler, Maker (Etsy-naho)",MIXED,LEGACY_647,HOBBY_PROSUMER,C,HOBBY_PROSUMER,NEIN_BIS_GEPRUEFT,PRUEFEN,LOW,Keine verwertbaren Aktivitätsmetriken in der gelieferten Legacy-Datei.,MEDIUM,LOW,,"Aktive Hobby-/Prosumer-Zielgruppe; interessant für Tools, Commerce, Organisation und Side-Hustles, aber geringere B2B-Priorität.",150,,,Eingeschraenkt - tw. Showcase/Verkauf,2.4,https://www.reddit.com/r/blacksmithing/,https://www.reddit.com/r/blacksmithing/new/,,Legacy-Seed: Entscheidung neu bewertet; Aktivität bei fehlendem Live-Check nur als Proxy markiert.,SECONDARY,"Potential adjacent signal source, but not efficient enough for primary recurring problem discovery.",DO_NOT_CONTINUOUSLY_SCAN,0
r/boardgames,Hobbies_Crafts,"Bastler, Sammler, Maker (Etsy-naho)",MIXED,LEGACY_647,HOBBY_PROSUMER,C,HOBBY_PROSUMER,NEIN_BIS_GEPRUEFT,PRUEFEN,LOW,Keine verwertbaren Aktivitätsmetriken in der gelieferten Legacy-Datei.,MEDIUM,LOW,,"Aktive Hobby-/Prosumer-Zielgruppe; interessant für Tools, Commerce, Organisation und Side-Hustles, aber geringere B2B-Priorität.",150,,,Eingeschraenkt - tw. Showcase/Verkauf,2.4,https://www.reddit.com/r/boardgames/,https://www.reddit.com/r/boardgames/new/,,Legacy-Seed: Entscheidung neu bewertet; Aktivität bei fehlendem Live-Check nur als Proxy markiert.,SECONDARY,"Potential adjacent signal source, but not efficient enough for primary recurring problem discovery.",DO_NOT_CONTINUOUSLY_SCAN,0
r/BuyItForLife,Hobbies_Crafts,"Bastler, Sammler, Maker (Etsy-naho)",MIXED,LEGACY_647,HOBBY_PROSUMER,C,HOBBY_PROSUMER,NEIN_BIS_GEPRUEFT,PRUEFEN,LOW,Keine verwertbaren Aktivitätsmetriken in der gelieferten Legacy-Datei.,MEDIUM,LOW,,"Aktive Hobby-/Prosumer-Zielgruppe; interessant für Tools, Commerce, Organisation und Side-Hustles, aber geringere B2B-Priorität.",150,,,Eingeschraenkt - tw. Showcase/Verkauf,2.4,https://www.reddit.com/r/BuyItForLife/,https://www.reddit.com/r/BuyItForLife/new/,,Legacy-Seed: Entscheidung neu bewertet; Aktivität bei fehlendem Live-Check nur als Proxy markiert.,SECONDARY,"Potential adjacent signal source, but not efficient enough for primary recurring problem discovery.",DO_NOT_CONTINUOUSLY_SCAN,0
r/Calligraphy,Hobbies_Crafts,"Bastler, Sammler, Maker (Etsy-naho)",MIXED,LEGACY_647,HOBBY_PROSUMER,C,HOBBY_PROSUMER,NEIN_BIS_GEPRUEFT,PRUEFEN,LOW,Keine verwertbaren Aktivitätsmetriken in der gelieferten Legacy-Datei.,MEDIUM,LOW,,"Aktive Hobby-/Prosumer-Zielgruppe; interessant für Tools, Commerce, Organisation und Side-Hustles, aber geringere B2B-Priorität.",150,,,Eingeschraenkt - tw. Showcase/Verkauf,2.4,https://www.reddit.com/r/Calligraphy/,https://www.reddit.com/r/Calligraphy/new/,,Legacy-Seed: Entscheidung neu bewertet; Aktivität bei fehlendem Live-Check nur als Proxy markiert.,SECONDARY,"Potential adjacent signal source, but not efficient enough for primary recurring problem discovery.",DO_NOT_CONTINUOUSLY_SCAN,0
r/crochet,Hobbies_Crafts,"Bastler, Sammler, Maker (Etsy-naho)",MIXED,LEGACY_647,HOBBY_PROSUMER,C,HOBBY_PROSUMER,NEIN_BIS_GEPRUEFT,PRUEFEN,LOW,Keine verwertbaren Aktivitätsmetriken in der gelieferten Legacy-Datei.,MEDIUM,LOW,,"Aktive Hobby-/Prosumer-Zielgruppe; interessant für Tools, Commerce, Organisation und Side-Hustles, aber geringere B2B-Priorität.",150,,,Eingeschraenkt - tw. Showcase/Verkauf,2.4,https://www.reddit.com/r/crochet/,https://www.reddit.com/r/crochet/new/,,Legacy-Seed: Entscheidung neu bewertet; Aktivität bei fehlendem Live-Check nur als Proxy markiert.,SECONDARY,"Potential adjacent signal source, but not efficient enough for primary recurring problem discovery.",DO_NOT_CONTINUOUSLY_SCAN,0
r/fountainpens,Hobbies_Crafts,"Bastler, Sammler, Maker (Etsy-naho)",MIXED,LEGACY_647,HOBBY_PROSUMER,C,HOBBY_PROSUMER,NEIN_BIS_GEPRUEFT,PRUEFEN,LOW,Keine verwertbaren Aktivitätsmetriken in der gelieferten Legacy-Datei.,MEDIUM,LOW,,"Aktive Hobby-/Prosumer-Zielgruppe; interessant für Tools, Commerce, Organisation und Side-Hustles, aber geringere B2B-Priorität.",150,,,Eingeschraenkt - tw. Showcase/Verkauf,2.4,https://www.reddit.com/r/fountainpens/,https://www.reddit.com/r/fountainpens/new/,,Legacy-Seed: Entscheidung neu bewertet; Aktivität bei fehlendem Live-Check nur als Proxy markiert.,SECONDARY,"Potential adjacent signal source, but not efficient enough for primary recurring problem discovery.",DO_NOT_CONTINUOUSLY_SCAN,0
r/knitting,Hobbies_Crafts,"Bastler, Sammler, Maker (Etsy-naho)",MIXED,LEGACY_647,HOBBY_PROSUMER,C,HOBBY_PROSUMER,NEIN_BIS_GEPRUEFT,PRUEFEN,LOW,Keine verwertbaren Aktivitätsmetriken in der gelieferten Legacy-Datei.,MEDIUM,LOW,,"Aktive Hobby-/Prosumer-Zielgruppe; interessant für Tools, Commerce, Organisation und Side-Hustles, aber geringere B2B-Priorität.",150,,,Eingeschraenkt - tw. Showcase/Verkauf,2.4,https://www.reddit.com/r/knitting/,https://www.reddit.com/r/knitting/new/,,Legacy-Seed: Entscheidung neu bewertet; Aktivität bei fehlendem Live-Check nur als Proxy markiert.,SECONDARY,"Potential adjacent signal source, but not efficient enough for primary recurring problem discovery.",DO_NOT_CONTINUOUSLY_SCAN,0
r/lego,Hobbies_Crafts,"Bastler, Sammler, Maker (Etsy-naho)",MIXED,LEGACY_647,HOBBY_PROSUMER,C,HOBBY_PROSUMER,NEIN_BIS_GEPRUEFT,PRUEFEN,LOW,Keine verwertbaren Aktivitätsmetriken in der gelieferten Legacy-Datei.,MEDIUM,LOW,,"Aktive Hobby-/Prosumer-Zielgruppe; interessant für Tools, Commerce, Organisation und Side-Hustles, aber geringere B2B-Priorität.",150,,,Eingeschraenkt - tw. Showcase/Verkauf,2.4,https://www.reddit.com/r/lego/,https://www.reddit.com/r/lego/new/,,Legacy-Seed: Entscheidung neu bewertet; Aktivität bei fehlendem Live-Check nur als Proxy markiert.,SECONDARY,"Potential adjacent signal source, but not efficient enough for primary recurring problem discovery.",DO_NOT_CONTINUOUSLY_SCAN,0
r/MechanicalKeyboards,Hobbies_Crafts,"Bastler, Sammler, Maker (Etsy-naho)",MIXED,LEGACY_647,HOBBY_PROSUMER,C,HOBBY_PROSUMER,NEIN_BIS_GEPRUEFT,PRUEFEN,LOW,Keine verwertbaren Aktivitätsmetriken in der gelieferten Legacy-Datei.,MEDIUM,LOW,,"Aktive Hobby-/Prosumer-Zielgruppe; interessant für Tools, Commerce, Organisation und Side-Hustles, aber geringere B2B-Priorität.",150,,,Eingeschraenkt - tw. Showcase/Verkauf,2.4,https://www.reddit.com/r/MechanicalKeyboards/,https://www.reddit.com/r/MechanicalKeyboards/new/,,Legacy-Seed: Entscheidung neu bewertet; Aktivität bei fehlendem Live-Check nur als Proxy markiert.,SECONDARY,"Potential adjacent signal source, but not efficient enough for primary recurring problem discovery.",DO_NOT_CONTINUOUSLY_SCAN,0
r/modeltrains,Hobbies_Crafts,"Bastler, Sammler, Maker (Etsy-naho)",MIXED,LEGACY_647,HOBBY_PROSUMER,C,HOBBY_PROSUMER,NEIN_BIS_GEPRUEFT,PRUEFEN,LOW,Keine verwertbaren Aktivitätsmetriken in der gelieferten Legacy-Datei.,MEDIUM,LOW,,"Aktive Hobby-/Prosumer-Zielgruppe; interessant für Tools, Commerce, Organisation und Side-Hustles, aber geringere B2B-Priorität.",150,,,Eingeschraenkt - tw. Showcase/Verkauf,2.4,https://www.reddit.com/r/modeltrains/,https://www.reddit.com/r/modeltrains/new/,,Legacy-Seed: Entscheidung neu bewertet; Aktivität bei fehlendem Live-Check nur als Proxy markiert.,SECONDARY,"Potential adjacent signal source, but not efficient enough for primary recurring problem discovery.",DO_NOT_CONTINUOUSLY_SCAN,0
r/origami,Hobbies_Crafts,"Bastler, Sammler, Maker (Etsy-naho)",MIXED,LEGACY_647,HOBBY_PROSUMER,C,HOBBY_PROSUMER,NEIN_BIS_GEPRUEFT,PRUEFEN,LOW,Keine verwertbaren Aktivitätsmetriken in der gelieferten Legacy-Datei.,MEDIUM,LOW,,"Aktive Hobby-/Prosumer-Zielgruppe; interessant für Tools, Commerce, Organisation und Side-Hustles, aber geringere B2B-Priorität.",150,,,Eingeschraenkt - tw. Showcase/Verkauf,2.4,https://www.reddit.com/r/origami/,https://www.reddit.com/r/origami/new/,,Legacy-Seed: Entscheidung neu bewertet; Aktivität bei fehlendem Live-Check nur als Proxy markiert.,SECONDARY,"Potential adjacent signal source, but not efficient enough for primary recurring problem discovery.",DO_NOT_CONTINUOUSLY_SCAN,0
r/Pottery,Hobbies_Crafts,"Bastler, Sammler, Maker (Etsy-naho)",MIXED,LEGACY_647,HOBBY_PROSUMER,C,HOBBY_PROSUMER,NEIN_BIS_GEPRUEFT,PRUEFEN,LOW,Keine verwertbaren Aktivitätsmetriken in der gelieferten Legacy-Datei.,MEDIUM,LOW,,"Aktive Hobby-/Prosumer-Zielgruppe; interessant für Tools, Commerce, Organisation und Side-Hustles, aber geringere B2B-Priorität.",150,,,Eingeschraenkt - tw. Showcase/Verkauf,2.4,https://www.reddit.com/r/Pottery/,https://www.reddit.com/r/Pottery/new/,,Legacy-Seed: Entscheidung neu bewertet; Aktivität bei fehlendem Live-Check nur als Proxy markiert.,SECONDARY,"Potential adjacent signal source, but not efficient enough for primary recurring problem discovery.",DO_NOT_CONTINUOUSLY_SCAN,0
r/quilting,Hobbies_Crafts,"Bastler, Sammler, Maker (Etsy-naho)",MIXED,LEGACY_647,HOBBY_PROSUMER,C,HOBBY_PROSUMER,NEIN_BIS_GEPRUEFT,PRUEFEN,LOW,Keine verwertbaren Aktivitätsmetriken in der gelieferten Legacy-Datei.,MEDIUM,LOW,,"Aktive Hobby-/Prosumer-Zielgruppe; interessant für Tools, Commerce, Organisation und Side-Hustles, aber geringere B2B-Priorität.",150,,,Eingeschraenkt - tw. Showcase/Verkauf,2.4,https://www.reddit.com/r/quilting/,https://www.reddit.com/r/quilting/new/,,Legacy-Seed: Entscheidung neu bewertet; Aktivität bei fehlendem Live-Check nur als Proxy markiert.,SECONDARY,"Potential adjacent signal source, but not efficient enough for primary recurring problem discovery.",DO_NOT_CONTINUOUSLY_SCAN,0
r/Watercolor,Hobbies_Crafts,"Bastler, Sammler, Maker (Etsy-naho)",MIXED,LEGACY_647,HOBBY_PROSUMER,C,HOBBY_PROSUMER,NEIN_BIS_GEPRUEFT,PRUEFEN,LOW,Keine verwertbaren Aktivitätsmetriken in der gelieferten Legacy-Datei.,MEDIUM,LOW,,"Aktive Hobby-/Prosumer-Zielgruppe; interessant für Tools, Commerce, Organisation und Side-Hustles, aber geringere B2B-Priorität.",150,,,Eingeschraenkt - tw. Showcase/Verkauf,2.4,https://www.reddit.com/r/Watercolor/,https://www.reddit.com/r/Watercolor/new/,,Legacy-Seed: Entscheidung neu bewertet; Aktivität bei fehlendem Live-Check nur als Proxy markiert.,SECONDARY,"Potential adjacent signal source, but not efficient enough for primary recurring problem discovery.",DO_NOT_CONTINUOUSLY_SCAN,0
r/woodworking,Hobbies_Crafts,"Bastler, Sammler, Maker (Etsy-naho)",MIXED,LEGACY_647,HOBBY_PROSUMER,C,HOBBY_PROSUMER,NEIN_BIS_GEPRUEFT,PRUEFEN,LOW,Keine verwertbaren Aktivitätsmetriken in der gelieferten Legacy-Datei.,MEDIUM,LOW,,"Aktive Hobby-/Prosumer-Zielgruppe; interessant für Tools, Commerce, Organisation und Side-Hustles, aber geringere B2B-Priorität.",150,,,Eingeschraenkt - tw. Showcase/Verkauf,2.4,https://www.reddit.com/r/woodworking/,https://www.reddit.com/r/woodworking/new/,,Legacy-Seed: Entscheidung neu bewertet; Aktivität bei fehlendem Live-Check nur als Proxy markiert.,SECONDARY,"Potential adjacent signal source, but not efficient enough for primary recurring problem discovery.",DO_NOT_CONTINUOUSLY_SCAN,0
r/declutter,Home_DIY,"Heimwerker, Hausbesitzer",MIXED,LEGACY_647,BRAUCHEN_TESTEN,B,EXPLORATION,NEIN_BIS_GEPRUEFT,PRUEFEN,LOW,Keine verwertbaren Aktivitätsmetriken in der gelieferten Legacy-Datei.,HIGH,LOW,,"Beruf/Prosumer-Mix; sinnvoller Pilot, tatsächlicher Research-Yield muss gemessen werden.",250,,,Eingeschraenkt - Mehrwert,2.4,https://www.reddit.com/r/declutter/,https://www.reddit.com/r/declutter/new/,,Legacy-Seed: Entscheidung neu bewertet; Aktivität bei fehlendem Live-Check nur als Proxy markiert.,SECONDARY,"Potential adjacent signal source, but not efficient enough for primary recurring problem discovery.",DO_NOT_CONTINUOUSLY_SCAN,0
r/DIY,Home_DIY,"Heimwerker, Hausbesitzer",MIXED,LEGACY_647,BRAUCHEN_TESTEN,B,EXPLORATION,NEIN_BIS_GEPRUEFT,PRUEFEN,LOW,Keine verwertbaren Aktivitätsmetriken in der gelieferten Legacy-Datei.,HIGH,LOW,,"Beruf/Prosumer-Mix; sinnvoller Pilot, tatsächlicher Research-Yield muss gemessen werden.",250,,,Eingeschraenkt - Mehrwert,2.4,https://www.reddit.com/r/DIY/,https://www.reddit.com/r/DIY/new/,,Legacy-Seed: Entscheidung neu bewertet; Aktivität bei fehlendem Live-Check nur als Proxy markiert.,SECONDARY,"Useful for adjacent trend/tool/market signals, but too broad, hobby-heavy, builder-heavy or promotional for primary pain discovery.",DO_NOT_CONTINUOUSLY_SCAN,0
r/fixit,Home_DIY,"Heimwerker, Hausbesitzer",MIXED,LEGACY_647,BRAUCHEN_TESTEN,B,EXPLORATION,NEIN_BIS_GEPRUEFT,PRUEFEN,LOW,Keine verwertbaren Aktivitätsmetriken in der gelieferten Legacy-Datei.,HIGH,LOW,,"Beruf/Prosumer-Mix; sinnvoller Pilot, tatsächlicher Research-Yield muss gemessen werden.",250,,,Eingeschraenkt - Mehrwert,2.4,https://www.reddit.com/r/fixit/,https://www.reddit.com/r/fixit/new/,,Legacy-Seed: Entscheidung neu bewertet; Aktivität bei fehlendem Live-Check nur als Proxy markiert.,SECONDARY,"Potential adjacent signal source, but not efficient enough for primary recurring problem discovery.",DO_NOT_CONTINUOUSLY_SCAN,0
r/HomeImprovement,Home_DIY,"Heimwerker, Hausbesitzer",MIXED,LEGACY_647,BRAUCHEN_TESTEN,B,EXPLORATION,NEIN_BIS_GEPRUEFT,PRUEFEN,LOW,Keine verwertbaren Aktivitätsmetriken in der gelieferten Legacy-Datei.,HIGH,LOW,,"Beruf/Prosumer-Mix; sinnvoller Pilot, tatsächlicher Research-Yield muss gemessen werden.",250,,,Eingeschraenkt - Mehrwert,2.4,https://www.reddit.com/r/HomeImprovement/,https://www.reddit.com/r/HomeImprovement/new/,,Legacy-Seed: Entscheidung neu bewertet; Aktivität bei fehlendem Live-Check nur als Proxy markiert.,SECONDARY,"Useful for adjacent trend/tool/market signals, but too broad, hobby-heavy, builder-heavy or promotional for primary pain discovery.",DO_NOT_CONTINUOUSLY_SCAN,0
r/homeowners,Home_DIY,"Heimwerker, Hausbesitzer",MIXED,LEGACY_647,BRAUCHEN_TESTEN,B,EXPLORATION,NEIN_BIS_GEPRUEFT,PRUEFEN,LOW,Keine verwertbaren Aktivitätsmetriken in der gelieferten Legacy-Datei.,HIGH,LOW,,"Beruf/Prosumer-Mix; sinnvoller Pilot, tatsächlicher Research-Yield muss gemessen werden.",250,,,Eingeschraenkt - Mehrwert,2.4,https://www.reddit.com/r/homeowners/,https://www.reddit.com/r/homeowners/new/,,Legacy-Seed: Entscheidung neu bewertet; Aktivität bei fehlendem Live-Check nur als Proxy markiert.,SECONDARY,"Potential adjacent signal source, but not efficient enough for primary recurring problem discovery.",DO_NOT_CONTINUOUSLY_SCAN,0
r/Welding,Home_DIY,"Heimwerker, Hausbesitzer",MIXED,LEGACY_647,BRAUCHEN_TESTEN,B,EXPLORATION,NEIN_BIS_GEPRUEFT,PRUEFEN,LOW,Keine verwertbaren Aktivitätsmetriken in der gelieferten Legacy-Datei.,HIGH,LOW,,"Beruf/Prosumer-Mix; sinnvoller Pilot, tatsächlicher Research-Yield muss gemessen werden.",250,,,Eingeschraenkt - Mehrwert,2.4,https://www.reddit.com/r/Welding/,https://www.reddit.com/r/Welding/new/,,Legacy-Seed: Entscheidung neu bewertet; Aktivität bei fehlendem Live-Check nur als Proxy markiert.,SECONDARY,"Potential adjacent signal source, but not efficient enough for primary recurring problem discovery.",DO_NOT_CONTINUOUSLY_SCAN,0
r/BeautyGuruChatter,Influencer_Social,"Influencer, Social-Media-Marketer",MIXED,LEGACY_647,NICHT_BRAUCHEN,X,EXCLUDE,NEIN,WAHRSCHEINLICH_AKTIV_PROXY,MEDIUM,Aktivität aus gelieferten Mitglieder-/Wachstumsdaten abgeleitet; nicht live verifiziert.,HIGH,LOW,,"Überwiegend Unterhaltung, Promotion oder sehr schwacher Bezug zu lösbaren Arbeits-/Business-Problemen.",0,3100000,,Eingeschraenkt,5.193,https://www.reddit.com/r/BeautyGuruChatter/,https://www.reddit.com/r/BeautyGuruChatter/new/,,Legacy-Seed: Entscheidung neu bewertet; Aktivität bei fehlendem Live-Check nur als Proxy markiert.,SECONDARY,Unclear fit; keep only as secondary until measured yield proves value.,DO_NOT_CONTINUOUSLY_SCAN,0
r/influencermarketing,Influencer_Social,"Influencer, Social-Media-Marketer",MIXED,LEGACY_647,BRAUCHEN_TESTEN,B,EXPLORATION,JA,WAHRSCHEINLICH_AKTIV_PROXY,MEDIUM,Aktivität aus gelieferten Mitglieder-/Wachstumsdaten abgeleitet; nicht live verifiziert.,HIGH,LOW,,"Beruf/Prosumer-Mix; sinnvoller Pilot, tatsächlicher Research-Yield muss gemessen werden.",250,102000,74000,Eingeschraenkt,4.533,https://www.reddit.com/r/influencermarketing/,https://www.reddit.com/r/influencermarketing/new/,,Legacy-Seed: Entscheidung neu bewertet; Aktivität bei fehlendem Live-Check nur als Proxy markiert.,SECONDARY,Unclear fit; keep only as secondary until measured yield proves value.,DO_NOT_CONTINUOUSLY_SCAN,0
r/Instagram,Influencer_Social,"Influencer, Social-Media-Marketer",MIXED,LEGACY_647,BRAUCHEN_TESTEN,B,EXPLORATION,JA,WAHRSCHEINLICH_AKTIV_PROXY,MEDIUM,Aktivität aus gelieferten Mitglieder-/Wachstumsdaten abgeleitet; nicht live verifiziert.,HIGH,LOW,,"Beruf/Prosumer-Mix; sinnvoller Pilot, tatsächlicher Research-Yield muss gemessen werden.",250,1100000,76000,Eingeschraenkt,4.883,https://www.reddit.com/r/Instagram/,https://www.reddit.com/r/Instagram/new/,,Legacy-Seed: Entscheidung neu bewertet; Aktivität bei fehlendem Live-Check nur als Proxy markiert.,SECONDARY,Unclear fit; keep only as secondary until measured yield proves value.,DO_NOT_CONTINUOUSLY_SCAN,0
r/socialmedia,Influencer_Social,"Influencer, Social-Media-Marketer",MIXED,LEGACY_647,BRAUCHEN_TESTEN,B,EXPLORATION,JA,WAHRSCHEINLICH_AKTIV_PROXY,MEDIUM,Aktivität aus gelieferten Mitglieder-/Wachstumsdaten abgeleitet; nicht live verifiziert.,HIGH,LOW,,"Beruf/Prosumer-Mix; sinnvoller Pilot, tatsächlicher Research-Yield muss gemessen werden.",250,2100000,50000,Eingeschraenkt,5.075,https://www.reddit.com/r/socialmedia/,https://www.reddit.com/r/socialmedia/new/,,Legacy-Seed: Entscheidung neu bewertet; Aktivität bei fehlendem Live-Check nur als Proxy markiert.,SECONDARY,Unclear fit; keep only as secondary until measured yield proves value.,DO_NOT_CONTINUOUSLY_SCAN,0
r/SocialMediaMarketing,Influencer_Social,"Influencer, Social-Media-Marketer",MIXED,LEGACY_647,BRAUCHEN_TESTEN,B,EXPLORATION,JA,WAHRSCHEINLICH_AKTIV_PROXY,MEDIUM,Aktivität aus gelieferten Mitglieder-/Wachstumsdaten abgeleitet; nicht live verifiziert.,HIGH,LOW,,"Beruf/Prosumer-Mix; sinnvoller Pilot, tatsächlicher Research-Yield muss gemessen werden.",250,291000,114000,Eingeschraenkt,4.654,https://www.reddit.com/r/SocialMediaMarketing/,https://www.reddit.com/r/SocialMediaMarketing/new/,,Legacy-Seed: Entscheidung neu bewertet; Aktivität bei fehlendem Live-Check nur als Proxy markiert.,SECONDARY,Unclear fit; keep only as secondary until measured yield proves value.,DO_NOT_CONTINUOUSLY_SCAN,0
r/algotrading,Investing_Stocks,"Trader, Aktien-Investoren",MIXED,LEGACY_647,SEKUNDAER,S,SECONDARY_SIGNAL,NEIN_BIS_GEPRUEFT,PRUEFEN,LOW,Keine verwertbaren Aktivitätsmetriken in der gelieferten Legacy-Datei.,LOW_TO_MEDIUM,LOW,,"Kann ergänzende Markt-, Tool-, Trend- oder Zahlungs-Signale liefern, aber nicht als Kernquelle priorisieren.",150,,,Streng,1.8,https://www.reddit.com/r/algotrading/,https://www.reddit.com/r/algotrading/new/,,Legacy-Seed: Entscheidung neu bewertet; Aktivität bei fehlendem Live-Check nur als Proxy markiert.,SECONDARY,"Potential adjacent signal source, but not efficient enough for primary recurring problem discovery.",DO_NOT_CONTINUOUSLY_SCAN,0
r/Daytrading,Investing_Stocks,"Trader, Aktien-Investoren",MIXED,LEGACY_647,SEKUNDAER,S,SECONDARY_SIGNAL,NUR_SEKUNDAER,WAHRSCHEINLICH_AKTIV_PROXY,MEDIUM,Aktivität aus gelieferten Mitglieder-/Wachstumsdaten abgeleitet; nicht live verifiziert.,LOW_TO_MEDIUM,LOW,,"Kann ergänzende Markt-, Tool-, Trend- oder Zahlungs-Signale liefern, aber nicht als Kernquelle priorisieren.",150,5100000,240000,Streng,4.05,https://www.reddit.com/r/Daytrading/,https://www.reddit.com/r/Daytrading/new/,,Legacy-Seed: Entscheidung neu bewertet; Aktivität bei fehlendem Live-Check nur als Proxy markiert.,SECONDARY,"Potential adjacent signal source, but not efficient enough for primary recurring problem discovery.",DO_NOT_CONTINUOUSLY_SCAN,0
r/dividends,Investing_Stocks,"Trader, Aktien-Investoren",MIXED,LEGACY_647,SEKUNDAER,S,SECONDARY_SIGNAL,NUR_SEKUNDAER,WAHRSCHEINLICH_AKTIV_PROXY,MEDIUM,Aktivität aus gelieferten Mitglieder-/Wachstumsdaten abgeleitet; nicht live verifiziert.,LOW_TO_MEDIUM,LOW,,"Kann ergänzende Markt-, Tool-, Trend- oder Zahlungs-Signale liefern, aber nicht als Kernquelle priorisieren.",150,874000,145000,Streng,3.655,https://www.reddit.com/r/dividends/,https://www.reddit.com/r/dividends/new/,,Legacy-Seed: Entscheidung neu bewertet; Aktivität bei fehlendem Live-Check nur als Proxy markiert.,SECONDARY,"Potential adjacent signal source, but not efficient enough for primary recurring problem discovery.",DO_NOT_CONTINUOUSLY_SCAN,0
r/finance,Investing_Stocks,"Trader, Aktien-Investoren",MIXED,LEGACY_647,SEKUNDAER,S,SECONDARY_SIGNAL,NUR_SEKUNDAER,WAHRSCHEINLICH_AKTIV_PROXY,MEDIUM,Aktivität aus gelieferten Mitglieder-/Wachstumsdaten abgeleitet; nicht live verifiziert.,LOW_TO_MEDIUM,LOW,,"Kann ergänzende Markt-, Tool-, Trend- oder Zahlungs-Signale liefern, aber nicht als Kernquelle priorisieren.",150,2100000,83000,Streng,3.815,https://www.reddit.com/r/finance/,https://www.reddit.com/r/finance/new/,,Legacy-Seed: Entscheidung neu bewertet; Aktivität bei fehlendem Live-Check nur als Proxy markiert.,SECONDARY,"Potential adjacent signal source, but not efficient enough for primary recurring problem discovery.",DO_NOT_CONTINUOUSLY_SCAN,0
r/Forex,Investing_Stocks,"Trader, Aktien-Investoren",MIXED,LEGACY_647,SEKUNDAER,S,SECONDARY_SIGNAL,NUR_SEKUNDAER,WAHRSCHEINLICH_AKTIV_PROXY,MEDIUM,Aktivität aus gelieferten Mitglieder-/Wachstumsdaten abgeleitet; nicht live verifiziert.,LOW_TO_MEDIUM,LOW,,"Kann ergänzende Markt-, Tool-, Trend- oder Zahlungs-Signale liefern, aber nicht als Kernquelle priorisieren.",150,532000,69000,Streng,3.506,https://www.reddit.com/r/Forex/,https://www.reddit.com/r/Forex/new/,,Legacy-Seed: Entscheidung neu bewertet; Aktivität bei fehlendem Live-Check nur als Proxy markiert.,SECONDARY,"Potential adjacent signal source, but not efficient enough for primary recurring problem discovery.",DO_NOT_CONTINUOUSLY_SCAN,0
r/investing,Investing_Stocks,"Trader, Aktien-Investoren",MIXED,LEGACY_647,SEKUNDAER,S,SECONDARY_SIGNAL,NUR_SEKUNDAER,WAHRSCHEINLICH_AKTIV_PROXY,MEDIUM,Aktivität aus gelieferten Mitglieder-/Wachstumsdaten abgeleitet; nicht live verifiziert.,LOW_TO_MEDIUM,LOW,,"Kann ergänzende Markt-, Tool-, Trend- oder Zahlungs-Signale liefern, aber nicht als Kernquelle priorisieren.",150,3400000,342000,Streng,3.973,https://www.reddit.com/r/investing/,https://www.reddit.com/r/investing/new/,,Legacy-Seed: Entscheidung neu bewertet; Aktivität bei fehlendem Live-Check nur als Proxy markiert.,SECONDARY,"Potential adjacent signal source, but not efficient enough for primary recurring problem discovery.",DO_NOT_CONTINUOUSLY_SCAN,0
r/options,Investing_Stocks,"Trader, Aktien-Investoren",MIXED,LEGACY_647,SEKUNDAER,S,SECONDARY_SIGNAL,NUR_SEKUNDAER,WAHRSCHEINLICH_AKTIV_PROXY,MEDIUM,Aktivität aus gelieferten Mitglieder-/Wachstumsdaten abgeleitet; nicht live verifiziert.,LOW_TO_MEDIUM,LOW,,"Kann ergänzende Markt-, Tool-, Trend- oder Zahlungs-Signale liefern, aber nicht als Kernquelle priorisieren.",150,1400000,117000,Streng,3.733,https://www.reddit.com/r/options/,https://www.reddit.com/r/options/new/,,Legacy-Seed: Entscheidung neu bewertet; Aktivität bei fehlendem Live-Check nur als Proxy markiert.,SECONDARY,"Potential adjacent signal source, but not efficient enough for primary recurring problem discovery.",DO_NOT_CONTINUOUSLY_SCAN,0
r/SecurityAnalysis,Investing_Stocks,"Trader, Aktien-Investoren",MIXED,LEGACY_647,SEKUNDAER,S,SECONDARY_SIGNAL,NUR_SEKUNDAER,WAHRSCHEINLICH_AKTIV_PROXY,MEDIUM,Aktivität aus gelieferten Mitglieder-/Wachstumsdaten abgeleitet; nicht live verifiziert.,LOW_TO_MEDIUM,LOW,,"Kann ergänzende Markt-, Tool-, Trend- oder Zahlungs-Signale liefern, aber nicht als Kernquelle priorisieren.",150,210000,,Streng,3.195,https://www.reddit.com/r/SecurityAnalysis/,https://www.reddit.com/r/SecurityAnalysis/new/,,Legacy-Seed: Entscheidung neu bewertet; Aktivität bei fehlendem Live-Check nur als Proxy markiert.,SECONDARY,"Potential adjacent signal source, but not efficient enough for primary recurring problem discovery.",DO_NOT_CONTINUOUSLY_SCAN,0
r/StockMarket,Investing_Stocks,"Trader, Aktien-Investoren",MIXED,LEGACY_647,SEKUNDAER,S,SECONDARY_SIGNAL,NUR_SEKUNDAER,WAHRSCHEINLICH_AKTIV_PROXY,MEDIUM,Aktivität aus gelieferten Mitglieder-/Wachstumsdaten abgeleitet; nicht live verifiziert.,LOW_TO_MEDIUM,LOW,,"Kann ergänzende Markt-, Tool-, Trend- oder Zahlungs-Signale liefern, aber nicht als Kernquelle priorisieren.",150,4100000,225000,Streng,3.997,https://www.reddit.com/r/StockMarket/,https://www.reddit.com/r/StockMarket/new/,,Legacy-Seed: Entscheidung neu bewertet; Aktivität bei fehlendem Live-Check nur als Proxy markiert.,SECONDARY,"Potential adjacent signal source, but not efficient enough for primary recurring problem discovery.",DO_NOT_CONTINUOUSLY_SCAN,0
r/stocks,Investing_Stocks,"Trader, Aktien-Investoren",MIXED,LEGACY_647,SEKUNDAER,S,SECONDARY_SIGNAL,NUR_SEKUNDAER,WAHRSCHEINLICH_AKTIV_PROXY,MEDIUM,Aktivität aus gelieferten Mitglieder-/Wachstumsdaten abgeleitet; nicht live verifiziert.,LOW_TO_MEDIUM,LOW,,"Kann ergänzende Markt-, Tool-, Trend- oder Zahlungs-Signale liefern, aber nicht als Kernquelle priorisieren.",150,9200000,391000,Streng,4.201,https://www.reddit.com/r/stocks/,https://www.reddit.com/r/stocks/new/,,Legacy-Seed: Entscheidung neu bewertet; Aktivität bei fehlendem Live-Check nur als Proxy markiert.,SECONDARY,"Potential adjacent signal source, but not efficient enough for primary recurring problem discovery.",DO_NOT_CONTINUOUSLY_SCAN,0
r/StocksAndTrading,Investing_Stocks,"Trader, Aktien-Investoren",MIXED,LEGACY_647,SEKUNDAER,S,SECONDARY_SIGNAL,NUR_SEKUNDAER,WAHRSCHEINLICH_AKTIV_PROXY,MEDIUM,Aktivität aus gelieferten Mitglieder-/Wachstumsdaten abgeleitet; nicht live verifiziert.,LOW_TO_MEDIUM,LOW,,"Kann ergänzende Markt-, Tool-, Trend- oder Zahlungs-Signale liefern, aber nicht als Kernquelle priorisieren.",150,241000,59000,Streng,3.362,https://www.reddit.com/r/StocksAndTrading/,https://www.reddit.com/r/StocksAndTrading/new/,,Legacy-Seed: Entscheidung neu bewertet; Aktivität bei fehlendem Live-Check nur als Proxy markiert.,SECONDARY,"Potential adjacent signal source, but not efficient enough for primary recurring problem discovery.",DO_NOT_CONTINUOUSLY_SCAN,0
r/swingtrading,Investing_Stocks,"Trader, Aktien-Investoren",MIXED,LEGACY_647,SEKUNDAER,S,SECONDARY_SIGNAL,NUR_SEKUNDAER,WAHRSCHEINLICH_AKTIV_PROXY,MEDIUM,Aktivität aus gelieferten Mitglieder-/Wachstumsdaten abgeleitet; nicht live verifiziert.,LOW_TO_MEDIUM,LOW,,"Kann ergänzende Markt-, Tool-, Trend- oder Zahlungs-Signale liefern, aber nicht als Kernquelle priorisieren.",150,167000,48000,Streng,3.29,https://www.reddit.com/r/swingtrading/,https://www.reddit.com/r/swingtrading/new/,,Legacy-Seed: Entscheidung neu bewertet; Aktivität bei fehlendem Live-Check nur als Proxy markiert.,SECONDARY,"Potential adjacent signal source, but not efficient enough for primary recurring problem discovery.",DO_NOT_CONTINUOUSLY_SCAN,0
r/technicalanalysis,Investing_Stocks,"Trader, Aktien-Investoren",MIXED,LEGACY_647,SEKUNDAER,S,SECONDARY_SIGNAL,NUR_SEKUNDAER,WAHRSCHEINLICH_AKTIV_PROXY,MEDIUM,Aktivität aus gelieferten Mitglieder-/Wachstumsdaten abgeleitet; nicht live verifiziert.,LOW_TO_MEDIUM,LOW,,"Kann ergänzende Markt-, Tool-, Trend- oder Zahlungs-Signale liefern, aber nicht als Kernquelle priorisieren.",150,76000,36000,Streng,3.188,https://www.reddit.com/r/technicalanalysis/,https://www.reddit.com/r/technicalanalysis/new/,,Legacy-Seed: Entscheidung neu bewertet; Aktivität bei fehlendem Live-Check nur als Proxy markiert.,SECONDARY,"Potential adjacent signal source, but not efficient enough for primary recurring problem discovery.",DO_NOT_CONTINUOUSLY_SCAN,0
r/Trading,Investing_Stocks,"Trader, Aktien-Investoren",MIXED,LEGACY_647,SEKUNDAER,S,SECONDARY_SIGNAL,NUR_SEKUNDAER,WAHRSCHEINLICH_AKTIV_PROXY,MEDIUM,Aktivität aus gelieferten Mitglieder-/Wachstumsdaten abgeleitet; nicht live verifiziert.,LOW_TO_MEDIUM,LOW,,"Kann ergänzende Markt-, Tool-, Trend- oder Zahlungs-Signale liefern, aber nicht als Kernquelle priorisieren.",150,414000,133000,Streng,3.544,https://www.reddit.com/r/Trading/,https://www.reddit.com/r/Trading/new/,,Legacy-Seed: Entscheidung neu bewertet; Aktivität bei fehlendem Live-Check nur als Proxy markiert.,SECONDARY,"Potential adjacent signal source, but not efficient enough for primary recurring problem discovery.",DO_NOT_CONTINUOUSLY_SCAN,0
r/ValueInvesting,Investing_Stocks,"Trader, Aktien-Investoren",MIXED,LEGACY_647,SEKUNDAER,S,SECONDARY_SIGNAL,NUR_SEKUNDAER,WAHRSCHEINLICH_AKTIV_PROXY,MEDIUM,Aktivität aus gelieferten Mitglieder-/Wachstumsdaten abgeleitet; nicht live verifiziert.,LOW_TO_MEDIUM,LOW,,"Kann ergänzende Markt-, Tool-, Trend- oder Zahlungs-Signale liefern, aber nicht als Kernquelle priorisieren.",150,742000,249000,Streng,3.704,https://www.reddit.com/r/ValueInvesting/,https://www.reddit.com/r/ValueInvesting/new/,,Legacy-Seed: Entscheidung neu bewertet; Aktivität bei fehlendem Live-Check nur als Proxy markiert.,SECONDARY,"Potential adjacent signal source, but not efficient enough for primary recurring problem discovery.",DO_NOT_CONTINUOUSLY_SCAN,0
r/alphaandbetausers,Launch_Feedback,"Maker, die launchen/Feedback suchen",MIXED,LEGACY_647,SEKUNDAER,S,SECONDARY_SIGNAL,NUR_SEKUNDAER,WAHRSCHEINLICH_AKTIV_PROXY,MEDIUM,Aktivität aus gelieferten Mitglieder-/Wachstumsdaten abgeleitet; nicht live verifiziert.,LOW_TO_MEDIUM,LOW,,"Founder-/Promo-/Job-Community: nicht primär scannen; höchstens für Nachfrage-, Tool-, Job- oder Zahlungs-Signale.",150,35000,15000,Ja - Show-/Feedback-Subs,4.942,https://www.reddit.com/r/alphaandbetausers/,https://www.reddit.com/r/alphaandbetausers/new/,,Legacy-Seed: Entscheidung neu bewertet; Aktivität bei fehlendem Live-Check nur als Proxy markiert.,SECONDARY,"Potential adjacent signal source, but not efficient enough for primary recurring problem discovery.",DO_NOT_CONTINUOUSLY_SCAN,0
r/AppIdeas,Launch_Feedback,"Maker, die launchen/Feedback suchen",MIXED,LEGACY_647,SEKUNDAER,S,SECONDARY_SIGNAL,NUR_SEKUNDAER,WAHRSCHEINLICH_AKTIV_PROXY,MEDIUM,Aktivität aus gelieferten Mitglieder-/Wachstumsdaten abgeleitet; nicht live verifiziert.,LOW_TO_MEDIUM,LOW,,"Founder-/Promo-/Job-Community: nicht primär scannen; höchstens für Nachfrage-, Tool-, Job- oder Zahlungs-Signale.",150,93000,46000,Ja - Show-/Feedback-Subs,5.418,https://www.reddit.com/r/AppIdeas/,https://www.reddit.com/r/AppIdeas/new/,,Legacy-Seed: Entscheidung neu bewertet; Aktivität bei fehlendem Live-Check nur als Proxy markiert.,SECONDARY,"Useful for adjacent trend/tool/market signals, but too broad, hobby-heavy, builder-heavy or promotional for primary pain discovery.",DO_NOT_CONTINUOUSLY_SCAN,0
r/betatests,Launch_Feedback,"Maker, die launchen/Feedback suchen",MIXED,LEGACY_647,SEKUNDAER,S,SECONDARY_SIGNAL,NUR_SEKUNDAER,WAHRSCHEINLICH_AKTIV_PROXY,MEDIUM,Aktivität aus gelieferten Mitglieder-/Wachstumsdaten abgeleitet; nicht live verifiziert.,LOW_TO_MEDIUM,LOW,,"Founder-/Promo-/Job-Community: nicht primär scannen; höchstens für Nachfrage-, Tool-, Job- oder Zahlungs-Signale.",150,14000,7000,Ja - Show-/Feedback-Subs,4.626,https://www.reddit.com/r/betatests/,https://www.reddit.com/r/betatests/new/,,Legacy-Seed: Entscheidung neu bewertet; Aktivität bei fehlendem Live-Check nur als Proxy markiert.,SECONDARY,"Potential adjacent signal source, but not efficient enough for primary recurring problem discovery.",DO_NOT_CONTINUOUSLY_SCAN,0
r/buildinpublic,Launch_Feedback,"Maker, die launchen/Feedback suchen",MIXED,LEGACY_647,SEKUNDAER,S,SECONDARY_SIGNAL,NUR_SEKUNDAER,WAHRSCHEINLICH_AKTIV_PROXY,MEDIUM,Aktivität aus gelieferten Mitglieder-/Wachstumsdaten abgeleitet; nicht live verifiziert.,LOW_TO_MEDIUM,LOW,,"Founder-/Promo-/Job-Community: nicht primär scannen; höchstens für Nachfrage-, Tool-, Job- oder Zahlungs-Signale.",150,95000,91000,Ja - Show-/Feedback-Subs,5.844,https://www.reddit.com/r/buildinpublic/,https://www.reddit.com/r/buildinpublic/new/,,Legacy-Seed: Entscheidung neu bewertet; Aktivität bei fehlendem Live-Check nur als Proxy markiert.,SECONDARY,"Useful for adjacent trend/tool/market signals, but too broad, hobby-heavy, builder-heavy or promotional for primary pain discovery.",DO_NOT_CONTINUOUSLY_SCAN,0
r/IMadeThis,Launch_Feedback,"Maker, die launchen/Feedback suchen",MIXED,LEGACY_647,SEKUNDAER,S,SECONDARY_SIGNAL,NUR_SEKUNDAER,WAHRSCHEINLICH_AKTIV_PROXY,MEDIUM,Aktivität aus gelieferten Mitglieder-/Wachstumsdaten abgeleitet; nicht live verifiziert.,LOW_TO_MEDIUM,LOW,,"Founder-/Promo-/Job-Community: nicht primär scannen; höchstens für Nachfrage-, Tool-, Job- oder Zahlungs-Signale.",150,32000,15000,Ja - Show-/Feedback-Subs,4.94,https://www.reddit.com/r/IMadeThis/,https://www.reddit.com/r/IMadeThis/new/,,Legacy-Seed: Entscheidung neu bewertet; Aktivität bei fehlendem Live-Check nur als Proxy markiert.,SECONDARY,"Potential adjacent signal source, but not efficient enough for primary recurring problem discovery.",DO_NOT_CONTINUOUSLY_SCAN,0
r/indiehackers,Launch_Feedback,"Maker, die launchen/Feedback suchen",MIXED,LEGACY_647,SEKUNDAER,S,SECONDARY_SIGNAL,NUR_SEKUNDAER,WAHRSCHEINLICH_AKTIV_PROXY,MEDIUM,Aktivität aus gelieferten Mitglieder-/Wachstumsdaten abgeleitet; nicht live verifiziert.,LOW_TO_MEDIUM,LOW,,"Founder-/Promo-/Job-Community: nicht primär scannen; höchstens für Nachfrage-, Tool-, Job- oder Zahlungs-Signale.",150,173000,95000,Ja - Show-/Feedback-Subs,5.735,https://www.reddit.com/r/indiehackers/,https://www.reddit.com/r/indiehackers/new/,,Legacy-Seed: Entscheidung neu bewertet; Aktivität bei fehlendem Live-Check nur als Proxy markiert.,SECONDARY,"Useful for adjacent trend/tool/market signals, but too broad, hobby-heavy, builder-heavy or promotional for primary pain discovery.",DO_NOT_CONTINUOUSLY_SCAN,0
r/IPhoneApps,Launch_Feedback,"Maker, die launchen/Feedback suchen",MIXED,LEGACY_647,SEKUNDAER,S,SECONDARY_SIGNAL,NUR_SEKUNDAER,WAHRSCHEINLICH_AKTIV_PROXY,MEDIUM,Aktivität aus gelieferten Mitglieder-/Wachstumsdaten abgeleitet; nicht live verifiziert.,LOW_TO_MEDIUM,LOW,,"Kann ergänzende Markt-, Tool-, Trend- oder Zahlungs-Signale liefern, aber nicht als Kernquelle priorisieren.",150,66000,,Ja - Show-/Feedback-Subs,4.826,https://www.reddit.com/r/IPhoneApps/,https://www.reddit.com/r/IPhoneApps/new/,,Legacy-Seed: Entscheidung neu bewertet; Aktivität bei fehlendem Live-Check nur als Proxy markiert.,SECONDARY,"Potential adjacent signal source, but not efficient enough for primary recurring problem discovery.",DO_NOT_CONTINUOUSLY_SCAN,0
r/kickstarter,Launch_Feedback,"Maker, die launchen/Feedback suchen",MIXED,LEGACY_647,SEKUNDAER,S,SECONDARY_SIGNAL,NEIN_BIS_GEPRUEFT,PRUEFEN,LOW,Keine verwertbaren Aktivitätsmetriken in der gelieferten Legacy-Datei.,LOW_TO_MEDIUM,LOW,,"Kann ergänzende Markt-, Tool-, Trend- oder Zahlungs-Signale liefern, aber nicht als Kernquelle priorisieren.",150,,,Ja - Show-/Feedback-Subs,3.0,https://www.reddit.com/r/kickstarter/,https://www.reddit.com/r/kickstarter/new/,,Legacy-Seed: Entscheidung neu bewertet; Aktivität bei fehlendem Live-Check nur als Proxy markiert.,SECONDARY,"Potential adjacent signal source, but not efficient enough for primary recurring problem discovery.",DO_NOT_CONTINUOUSLY_SCAN,0
r/ProductHunters,Launch_Feedback,"Maker, die launchen/Feedback suchen",MIXED,LEGACY_647,SEKUNDAER,S,SECONDARY_SIGNAL,NUR_SEKUNDAER,WAHRSCHEINLICH_AKTIV_PROXY,MEDIUM,Aktivität aus gelieferten Mitglieder-/Wachstumsdaten abgeleitet; nicht live verifiziert.,LOW_TO_MEDIUM,LOW,,"Founder-/Promo-/Job-Community: nicht primär scannen; höchstens für Nachfrage-, Tool-, Job- oder Zahlungs-Signale.",150,49000,29000,Ja - Show-/Feedback-Subs,5.232,https://www.reddit.com/r/ProductHunters/,https://www.reddit.com/r/ProductHunters/new/,,Legacy-Seed: Entscheidung neu bewertet; Aktivität bei fehlendem Live-Check nur als Proxy markiert.,SECONDARY,"Useful for adjacent trend/tool/market signals, but too broad, hobby-heavy, builder-heavy or promotional for primary pain discovery.",DO_NOT_CONTINUOUSLY_SCAN,0
r/roastmystartup,Launch_Feedback,"Maker, die launchen/Feedback suchen",MIXED,LEGACY_647,SEKUNDAER,S,SECONDARY_SIGNAL,NEIN_BIS_GEPRUEFT,PRUEFEN,LOW,Keine verwertbaren Aktivitätsmetriken in der gelieferten Legacy-Datei.,LOW_TO_MEDIUM,LOW,,"Founder-/Promo-/Job-Community: nicht primär scannen; höchstens für Nachfrage-, Tool-, Job- oder Zahlungs-Signale.",150,,,Ja - Show-/Feedback-Subs,3.0,https://www.reddit.com/r/roastmystartup/,https://www.reddit.com/r/roastmystartup/new/,,Legacy-Seed: Entscheidung neu bewertet; Aktivität bei fehlendem Live-Check nur als Proxy markiert.,SECONDARY,"Potential adjacent signal source, but not efficient enough for primary recurring problem discovery.",DO_NOT_CONTINUOUSLY_SCAN,0
r/shutupandbuildthis,Launch_Feedback,"Maker, die launchen/Feedback suchen",MIXED,LEGACY_647,SEKUNDAER,S,SECONDARY_SIGNAL,NEIN_BIS_GEPRUEFT,PRUEFEN,LOW,Keine verwertbaren Aktivitätsmetriken in der gelieferten Legacy-Datei.,LOW_TO_MEDIUM,LOW,,"Kann ergänzende Markt-, Tool-, Trend- oder Zahlungs-Signale liefern, aber nicht als Kernquelle priorisieren.",150,,,Ja - Show-/Feedback-Subs,3.0,https://www.reddit.com/r/shutupandbuildthis/,https://www.reddit.com/r/shutupandbuildthis/new/,,Legacy-Seed: Entscheidung neu bewertet; Aktivität bei fehlendem Live-Check nur als Proxy markiert.,SECONDARY,"Potential adjacent signal source, but not efficient enough for primary recurring problem discovery.",DO_NOT_CONTINUOUSLY_SCAN,0
r/SideProject,Launch_Feedback,"Maker, die launchen/Feedback suchen",MIXED,LEGACY_647,SEKUNDAER,S,SECONDARY_SIGNAL,NUR_SEKUNDAER,ACTIVE_VERIFIED_2026-09,HIGH,Reddit /new page checked via web research in September 2026.,LOW_TO_MEDIUM,LOW,,"Founder-/Promo-/Job-Community: nicht primär scannen; höchstens für Nachfrage-, Tool-, Job- oder Zahlungs-Signale.",150,729000,342000,Ja - Show-/Feedback-Subs,6.286,https://www.reddit.com/r/SideProject/,https://www.reddit.com/r/SideProject/new/,2026-09-18,Legacy-Seed: Entscheidung neu bewertet; Aktivität bei fehlendem Live-Check nur als Proxy markiert.,SECONDARY,"Useful for adjacent trend/tool/market signals, but too broad, hobby-heavy, builder-heavy or promotional for primary pain discovery.",DO_NOT_CONTINUOUSLY_SCAN,0
r/TestMyApp,Launch_Feedback,"Maker, die launchen/Feedback suchen",MIXED,LEGACY_647,SEKUNDAER,S,SECONDARY_SIGNAL,NUR_SEKUNDAER,WAHRSCHEINLICH_AKTIV_PROXY,MEDIUM,Aktivität aus gelieferten Mitglieder-/Wachstumsdaten abgeleitet; nicht live verifiziert.,LOW_TO_MEDIUM,LOW,,"Founder-/Promo-/Job-Community: nicht primär scannen; höchstens für Nachfrage-, Tool-, Job- oder Zahlungs-Signale.",150,22000,17000,Ja - Show-/Feedback-Subs,5.057,https://www.reddit.com/r/TestMyApp/,https://www.reddit.com/r/TestMyApp/new/,,Legacy-Seed: Entscheidung neu bewertet; Aktivität bei fehlendem Live-Check nur als Proxy markiert.,SECONDARY,"Useful for adjacent trend/tool/market signals, but too broad, hobby-heavy, builder-heavy or promotional for primary pain discovery.",DO_NOT_CONTINUOUSLY_SCAN,0
r/youtubepromotion,Launch_Feedback,"Maker, die launchen/Feedback suchen",MIXED,LEGACY_647,SEKUNDAER,S,SECONDARY_SIGNAL,NUR_SEKUNDAER,WAHRSCHEINLICH_AKTIV_PROXY,MEDIUM,Aktivität aus gelieferten Mitglieder-/Wachstumsdaten abgeleitet; nicht live verifiziert.,LOW_TO_MEDIUM,LOW,,"Founder-/Promo-/Job-Community: nicht primär scannen; höchstens für Nachfrage-, Tool-, Job- oder Zahlungs-Signale.",150,64000,13000,Ja - Show-/Feedback-Subs,4.996,https://www.reddit.com/r/youtubepromotion/,https://www.reddit.com/r/youtubepromotion/new/,,Legacy-Seed: Entscheidung neu bewertet; Aktivität bei fehlendem Live-Check nur als Proxy markiert.,SECONDARY,"Potential adjacent signal source, but not efficient enough for primary recurring problem discovery.",DO_NOT_CONTINUOUSLY_SCAN,0
r/privacy,Legal_Compliance,"Anwälte, Kanzleimitarbeiter, Paralegals, Compliance- und Privacy-Profis",PRACTITIONER / PROFESSIONAL,EXPANSION_314,BRAUCHEN_TESTEN,B,EXPLORATION,JA,ACTIVE_VERIFIED_2026-09,HIGH,Current /new feed checked via web in Sep 2026,MEDIUM,MEDIUM,"Dokumenten- und Fallmanagement, Fristen, Intake, Abrechnung, Compliance, Recherche, Übergaben",Sinnvoller Exploration-Pilot; Research-Yield messen.,250,,,,,https://www.reddit.com/r/privacy/,https://www.reddit.com/r/privacy/new/,2026-09-18,Current /new feed checked via web in Sep 2026,SECONDARY,"Useful legal/privacy context, but often consumer/advice-heavy rather than practitioner workflow pain.",DO_NOT_CONTINUOUSLY_SCAN,0
r/ableton,Music_Audio,"Musiker, Audio-Fans",MIXED,LEGACY_647,HOBBY_PROSUMER,C,HOBBY_PROSUMER,NEIN_BIS_GEPRUEFT,PRUEFEN,LOW,Keine verwertbaren Aktivitätsmetriken in der gelieferten Legacy-Datei.,MEDIUM,LOW,,"Aktive Hobby-/Prosumer-Zielgruppe; interessant für Tools, Commerce, Organisation und Side-Hustles, aber geringere B2B-Priorität.",150,,,Eingeschraenkt - tw. Showcase,2.4,https://www.reddit.com/r/ableton/,https://www.reddit.com/r/ableton/new/,,Legacy-Seed: Entscheidung neu bewertet; Aktivität bei fehlendem Live-Check nur als Proxy markiert.,SECONDARY,"Potential adjacent signal source, but not efficient enough for primary recurring problem discovery.",DO_NOT_CONTINUOUSLY_SCAN,0
r/audiophile,Music_Audio,"Musiker, Audio-Fans",MIXED,LEGACY_647,HOBBY_PROSUMER,C,HOBBY_PROSUMER,NEIN_BIS_GEPRUEFT,PRUEFEN,LOW,Keine verwertbaren Aktivitätsmetriken in der gelieferten Legacy-Datei.,MEDIUM,LOW,,"Aktive Hobby-/Prosumer-Zielgruppe; interessant für Tools, Commerce, Organisation und Side-Hustles, aber geringere B2B-Priorität.",150,,,Eingeschraenkt - tw. Showcase,2.4,https://www.reddit.com/r/audiophile/,https://www.reddit.com/r/audiophile/new/,,Legacy-Seed: Entscheidung neu bewertet; Aktivität bei fehlendem Live-Check nur als Proxy markiert.,SECONDARY,"Potential adjacent signal source, but not efficient enough for primary recurring problem discovery.",DO_NOT_CONTINUOUSLY_SCAN,0
r/Bass,Music_Audio,"Musiker, Audio-Fans",MIXED,LEGACY_647,HOBBY_PROSUMER,C,HOBBY_PROSUMER,NEIN_BIS_GEPRUEFT,PRUEFEN,LOW,Keine verwertbaren Aktivitätsmetriken in der gelieferten Legacy-Datei.,MEDIUM,LOW,,"Aktive Hobby-/Prosumer-Zielgruppe; interessant für Tools, Commerce, Organisation und Side-Hustles, aber geringere B2B-Priorität.",150,,,Eingeschraenkt - tw. Showcase,2.4,https://www.reddit.com/r/Bass/,https://www.reddit.com/r/Bass/new/,,Legacy-Seed: Entscheidung neu bewertet; Aktivität bei fehlendem Live-Check nur als Proxy markiert.,SECONDARY,"Potential adjacent signal source, but not efficient enough for primary recurring problem discovery.",DO_NOT_CONTINUOUSLY_SCAN,0
r/drums,Music_Audio,"Musiker, Audio-Fans",MIXED,LEGACY_647,HOBBY_PROSUMER,C,HOBBY_PROSUMER,NEIN_BIS_GEPRUEFT,PRUEFEN,LOW,Keine verwertbaren Aktivitätsmetriken in der gelieferten Legacy-Datei.,MEDIUM,LOW,,"Aktive Hobby-/Prosumer-Zielgruppe; interessant für Tools, Commerce, Organisation und Side-Hustles, aber geringere B2B-Priorität.",150,,,Eingeschraenkt - tw. Showcase,2.4,https://www.reddit.com/r/drums/,https://www.reddit.com/r/drums/new/,,Legacy-Seed: Entscheidung neu bewertet; Aktivität bei fehlendem Live-Check nur als Proxy markiert.,SECONDARY,"Potential adjacent signal source, but not efficient enough for primary recurring problem discovery.",DO_NOT_CONTINUOUSLY_SCAN,0
r/Guitar,Music_Audio,"Musiker, Audio-Fans",MIXED,LEGACY_647,HOBBY_PROSUMER,C,HOBBY_PROSUMER,NEIN_BIS_GEPRUEFT,PRUEFEN,LOW,Keine verwertbaren Aktivitätsmetriken in der gelieferten Legacy-Datei.,MEDIUM,LOW,,"Aktive Hobby-/Prosumer-Zielgruppe; interessant für Tools, Commerce, Organisation und Side-Hustles, aber geringere B2B-Priorität.",150,,,Eingeschraenkt - tw. Showcase,2.4,https://www.reddit.com/r/Guitar/,https://www.reddit.com/r/Guitar/new/,,Legacy-Seed: Entscheidung neu bewertet; Aktivität bei fehlendem Live-Check nur als Proxy markiert.,SECONDARY,"Potential adjacent signal source, but not efficient enough for primary recurring problem discovery.",DO_NOT_CONTINUOUSLY_SCAN,0
r/guitarpedals,Music_Audio,"Musiker, Audio-Fans",MIXED,LEGACY_647,HOBBY_PROSUMER,C,HOBBY_PROSUMER,NEIN_BIS_GEPRUEFT,PRUEFEN,LOW,Keine verwertbaren Aktivitätsmetriken in der gelieferten Legacy-Datei.,MEDIUM,LOW,,"Aktive Hobby-/Prosumer-Zielgruppe; interessant für Tools, Commerce, Organisation und Side-Hustles, aber geringere B2B-Priorität.",150,,,Eingeschraenkt - tw. Showcase,2.4,https://www.reddit.com/r/guitarpedals/,https://www.reddit.com/r/guitarpedals/new/,,Legacy-Seed: Entscheidung neu bewertet; Aktivität bei fehlendem Live-Check nur als Proxy markiert.,SECONDARY,"Potential adjacent signal source, but not efficient enough for primary recurring problem discovery.",DO_NOT_CONTINUOUSLY_SCAN,0
r/headphones,Music_Audio,"Musiker, Audio-Fans",MIXED,LEGACY_647,HOBBY_PROSUMER,C,HOBBY_PROSUMER,NEIN_BIS_GEPRUEFT,PRUEFEN,LOW,Keine verwertbaren Aktivitätsmetriken in der gelieferten Legacy-Datei.,MEDIUM,LOW,,"Aktive Hobby-/Prosumer-Zielgruppe; interessant für Tools, Commerce, Organisation und Side-Hustles, aber geringere B2B-Priorität.",150,,,Eingeschraenkt - tw. Showcase,2.4,https://www.reddit.com/r/headphones/,https://www.reddit.com/r/headphones/new/,,Legacy-Seed: Entscheidung neu bewertet; Aktivität bei fehlendem Live-Check nur als Proxy markiert.,SECONDARY,"Potential adjacent signal source, but not efficient enough for primary recurring problem discovery.",DO_NOT_CONTINUOUSLY_SCAN,0
r/Luthier,Music_Audio,"Musiker, Audio-Fans",MIXED,LEGACY_647,HOBBY_PROSUMER,C,HOBBY_PROSUMER,NEIN_BIS_GEPRUEFT,PRUEFEN,LOW,Keine verwertbaren Aktivitätsmetriken in der gelieferten Legacy-Datei.,MEDIUM,LOW,,"Aktive Hobby-/Prosumer-Zielgruppe; interessant für Tools, Commerce, Organisation und Side-Hustles, aber geringere B2B-Priorität.",150,,,Eingeschraenkt - tw. Showcase,2.4,https://www.reddit.com/r/Luthier/,https://www.reddit.com/r/Luthier/new/,,Legacy-Seed: Entscheidung neu bewertet; Aktivität bei fehlendem Live-Check nur als Proxy markiert.,SECONDARY,"Potential adjacent signal source, but not efficient enough for primary recurring problem discovery.",DO_NOT_CONTINUOUSLY_SCAN,0
r/piano,Music_Audio,"Musiker, Audio-Fans",MIXED,LEGACY_647,HOBBY_PROSUMER,C,HOBBY_PROSUMER,NEIN_BIS_GEPRUEFT,PRUEFEN,LOW,Keine verwertbaren Aktivitätsmetriken in der gelieferten Legacy-Datei.,MEDIUM,LOW,,"Aktive Hobby-/Prosumer-Zielgruppe; interessant für Tools, Commerce, Organisation und Side-Hustles, aber geringere B2B-Priorität.",150,,,Eingeschraenkt - tw. Showcase,2.4,https://www.reddit.com/r/piano/,https://www.reddit.com/r/piano/new/,,Legacy-Seed: Entscheidung neu bewertet; Aktivität bei fehlendem Live-Check nur als Proxy markiert.,SECONDARY,"Potential adjacent signal source, but not efficient enough for primary recurring problem discovery.",DO_NOT_CONTINUOUSLY_SCAN,0
r/synthesizers,Music_Audio,"Musiker, Audio-Fans",MIXED,LEGACY_647,HOBBY_PROSUMER,C,HOBBY_PROSUMER,NEIN_BIS_GEPRUEFT,PRUEFEN,LOW,Keine verwertbaren Aktivitätsmetriken in der gelieferten Legacy-Datei.,MEDIUM,LOW,,"Aktive Hobby-/Prosumer-Zielgruppe; interessant für Tools, Commerce, Organisation und Side-Hustles, aber geringere B2B-Priorität.",150,,,Eingeschraenkt - tw. Showcase,2.4,https://www.reddit.com/r/synthesizers/,https://www.reddit.com/r/synthesizers/new/,,Legacy-Seed: Entscheidung neu bewertet; Aktivität bei fehlendem Live-Check nur als Proxy markiert.,SECONDARY,"Potential adjacent signal source, but not efficient enough for primary recurring problem discovery.",DO_NOT_CONTINUOUSLY_SCAN,0
r/vinyl,Music_Audio,"Musiker, Audio-Fans",MIXED,LEGACY_647,HOBBY_PROSUMER,C,HOBBY_PROSUMER,NEIN_BIS_GEPRUEFT,PRUEFEN,LOW,Keine verwertbaren Aktivitätsmetriken in der gelieferten Legacy-Datei.,MEDIUM,LOW,,"Aktive Hobby-/Prosumer-Zielgruppe; interessant für Tools, Commerce, Organisation und Side-Hustles, aber geringere B2B-Priorität.",150,,,Eingeschraenkt - tw. Showcase,2.4,https://www.reddit.com/r/vinyl/,https://www.reddit.com/r/vinyl/new/,,Legacy-Seed: Entscheidung neu bewertet; Aktivität bei fehlendem Live-Check nur als Proxy markiert.,SECONDARY,"Potential adjacent signal source, but not efficient enough for primary recurring problem discovery.",DO_NOT_CONTINUOUSLY_SCAN,0
r/Adalo,NoCode,No-/Low-Code-Builder,MIXED,LEGACY_647,SEKUNDAER,S,SECONDARY_SIGNAL,NEIN_BIS_GEPRUEFT,PRUEFEN,LOW,Sehr kleine Community laut Legacy-Daten; vor Scan live prüfen.,LOW_TO_MEDIUM,LOW,,"Kann ergänzende Markt-, Tool-, Trend- oder Zahlungs-Signale liefern, aber nicht als Kernquelle priorisieren.",150,696,,Eingeschraenkt - Build-Posts/Mehrwert,2.584,https://www.reddit.com/r/Adalo/,https://www.reddit.com/r/Adalo/new/,,Legacy-Seed: Entscheidung neu bewertet; Aktivität bei fehlendem Live-Check nur als Proxy markiert.,SECONDARY,"Potential adjacent signal source, but not efficient enough for primary recurring problem discovery.",DO_NOT_CONTINUOUSLY_SCAN,0
r/Airtable,NoCode,No-/Low-Code-Builder,MIXED,LEGACY_647,SEKUNDAER,S,SECONDARY_SIGNAL,NUR_SEKUNDAER,AKTIV_NISCHE_PROXY,MEDIUM,Kleinere/nischige Community laut Legacy-Daten; vor großem Scan live prüfen.,LOW_TO_MEDIUM,LOW,,"Kann ergänzende Markt-, Tool-, Trend- oder Zahlungs-Signale liefern, aber nicht als Kernquelle priorisieren.",150,18000,4000,Eingeschraenkt - Build-Posts/Mehrwert,3.583,https://www.reddit.com/r/Airtable/,https://www.reddit.com/r/Airtable/new/,,Legacy-Seed: Entscheidung neu bewertet; Aktivität bei fehlendem Live-Check nur als Proxy markiert.,SECONDARY,"Potential adjacent signal source, but not efficient enough for primary recurring problem discovery.",DO_NOT_CONTINUOUSLY_SCAN,0
r/jotform,NoCode,No-/Low-Code-Builder,MIXED,LEGACY_647,SEKUNDAER,S,SECONDARY_SIGNAL,NEIN_BIS_GEPRUEFT,PRUEFEN,LOW,Sehr kleine Community laut Legacy-Daten; vor Scan live prüfen.,LOW_TO_MEDIUM,LOW,,"Kann ergänzende Markt-, Tool-, Trend- oder Zahlungs-Signale liefern, aber nicht als Kernquelle priorisieren.",150,914,,Eingeschraenkt - Build-Posts/Mehrwert,2.626,https://www.reddit.com/r/jotform/,https://www.reddit.com/r/jotform/new/,,Legacy-Seed: Entscheidung neu bewertet; Aktivität bei fehlendem Live-Check nur als Proxy markiert.,SECONDARY,"Potential adjacent signal source, but not efficient enough for primary recurring problem discovery.",DO_NOT_CONTINUOUSLY_SCAN,0
r/lowcode,NoCode,No-/Low-Code-Builder,MIXED,LEGACY_647,SEKUNDAER,S,SECONDARY_SIGNAL,NUR_SEKUNDAER,AKTIV_NISCHE_PROXY,MEDIUM,Kleinere/nischige Community laut Legacy-Daten; vor großem Scan live prüfen.,LOW_TO_MEDIUM,LOW,,"Kann ergänzende Markt-, Tool-, Trend- oder Zahlungs-Signale liefern, aber nicht als Kernquelle priorisieren.",150,5000,2000,Eingeschraenkt - Build-Posts/Mehrwert,3.31,https://www.reddit.com/r/lowcode/,https://www.reddit.com/r/lowcode/new/,,Legacy-Seed: Entscheidung neu bewertet; Aktivität bei fehlendem Live-Check nur als Proxy markiert.,SECONDARY,"Potential adjacent signal source, but not efficient enough for primary recurring problem discovery.",DO_NOT_CONTINUOUSLY_SCAN,0
r/nocode,NoCode,No-/Low-Code-Builder,MIXED,LEGACY_647,SEKUNDAER,S,SECONDARY_SIGNAL,NUR_SEKUNDAER,WAHRSCHEINLICH_AKTIV_PROXY,MEDIUM,Aktivität aus gelieferten Mitglieder-/Wachstumsdaten abgeleitet; nicht live verifiziert.,LOW_TO_MEDIUM,LOW,,"Founder-/Promo-/Job-Community: nicht primär scannen; höchstens für Nachfrage-, Tool-, Job- oder Zahlungs-Signale.",150,128000,58000,Eingeschraenkt - Build-Posts/Mehrwert,4.415,https://www.reddit.com/r/nocode/,https://www.reddit.com/r/nocode/new/,,Legacy-Seed: Entscheidung neu bewertet; Aktivität bei fehlendem Live-Check nur als Proxy markiert.,SECONDARY,"Potential adjacent signal source, but not efficient enough for primary recurring problem discovery.",DO_NOT_CONTINUOUSLY_SCAN,0
r/nocodedevelopers,NoCode,No-/Low-Code-Builder,MIXED,LEGACY_647,SEKUNDAER,S,SECONDARY_SIGNAL,NEIN_BIS_GEPRUEFT,PRUEFEN,LOW,Sehr kleine Community laut Legacy-Daten; vor Scan live prüfen.,LOW_TO_MEDIUM,LOW,,"Founder-/Promo-/Job-Community: nicht primär scannen; höchstens für Nachfrage-, Tool-, Job- oder Zahlungs-Signale.",150,380,21,Eingeschraenkt - Build-Posts/Mehrwert,2.552,https://www.reddit.com/r/nocodedevelopers/,https://www.reddit.com/r/nocodedevelopers/new/,,Legacy-Seed: Entscheidung neu bewertet; Aktivität bei fehlendem Live-Check nur als Proxy markiert.,SECONDARY,"Potential adjacent signal source, but not efficient enough for primary recurring problem discovery.",DO_NOT_CONTINUOUSLY_SCAN,0
r/nocodelowcode,NoCode,No-/Low-Code-Builder,MIXED,LEGACY_647,SEKUNDAER,S,SECONDARY_SIGNAL,NEIN_BIS_GEPRUEFT,PRUEFEN,LOW,Sehr kleine Community laut Legacy-Daten; vor Scan live prüfen.,LOW_TO_MEDIUM,LOW,,"Founder-/Promo-/Job-Community: nicht primär scannen; höchstens für Nachfrage-, Tool-, Job- oder Zahlungs-Signale.",150,1000,,Eingeschraenkt - Build-Posts/Mehrwert,2.641,https://www.reddit.com/r/nocodelowcode/,https://www.reddit.com/r/nocodelowcode/new/,,Legacy-Seed: Entscheidung neu bewertet; Aktivität bei fehlendem Live-Check nur als Proxy markiert.,SECONDARY,"Potential adjacent signal source, but not efficient enough for primary recurring problem discovery.",DO_NOT_CONTINUOUSLY_SCAN,0
r/NoCodeMovement,NoCode,No-/Low-Code-Builder,MIXED,LEGACY_647,SEKUNDAER,S,SECONDARY_SIGNAL,NEIN_BIS_GEPRUEFT,PRUEFEN,LOW,Sehr kleine Community laut Legacy-Daten; vor Scan live prüfen.,LOW_TO_MEDIUM,LOW,,"Founder-/Promo-/Job-Community: nicht primär scannen; höchstens für Nachfrage-, Tool-, Job- oder Zahlungs-Signale.",150,708,,Eingeschraenkt - Build-Posts/Mehrwert,2.586,https://www.reddit.com/r/NoCodeMovement/,https://www.reddit.com/r/NoCodeMovement/new/,,Legacy-Seed: Entscheidung neu bewertet; Aktivität bei fehlendem Live-Check nur als Proxy markiert.,SECONDARY,"Potential adjacent signal source, but not efficient enough for primary recurring problem discovery.",DO_NOT_CONTINUOUSLY_SCAN,0
r/webflow,NoCode,No-/Low-Code-Builder,MIXED,LEGACY_647,SEKUNDAER,S,SECONDARY_SIGNAL,NUR_SEKUNDAER,WAHRSCHEINLICH_AKTIV_PROXY,MEDIUM,Aktivität aus gelieferten Mitglieder-/Wachstumsdaten abgeleitet; nicht live verifiziert.,LOW_TO_MEDIUM,LOW,,"Kann ergänzende Markt-, Tool-, Trend- oder Zahlungs-Signale liefern, aber nicht als Kernquelle priorisieren.",150,41000,8000,Eingeschraenkt - Build-Posts/Mehrwert,3.839,https://www.reddit.com/r/webflow/,https://www.reddit.com/r/webflow/new/,,Legacy-Seed: Entscheidung neu bewertet; Aktivität bei fehlendem Live-Check nur als Proxy markiert.,SECONDARY,"Potential adjacent signal source, but not efficient enough for primary recurring problem discovery.",DO_NOT_CONTINUOUSLY_SCAN,0
r/AskNotion,Notion_Templates,"Notion-Nutzer, Template-Kaeufer",MIXED,LEGACY_647,SEKUNDAER,S,SECONDARY_SIGNAL,NEIN_BIS_GEPRUEFT,PRUEFEN,LOW,Sehr kleine Community laut Legacy-Daten; vor Scan live prüfen.,LOW_TO_MEDIUM,LOW,,"Kann ergänzende Markt-, Tool-, Trend- oder Zahlungs-Signale liefern, aber nicht als Kernquelle priorisieren.",150,879,,Ja (teilw.) - Promo-/Template-Subs,3.274,https://www.reddit.com/r/AskNotion/,https://www.reddit.com/r/AskNotion/new/,,Legacy-Seed: Entscheidung neu bewertet; Aktivität bei fehlendem Live-Check nur als Proxy markiert.,SECONDARY,"Potential adjacent signal source, but not efficient enough for primary recurring problem discovery.",DO_NOT_CONTINUOUSLY_SCAN,0
r/BestNotionTemplates,Notion_Templates,"Notion-Nutzer, Template-Kaeufer",MIXED,LEGACY_647,SEKUNDAER,S,SECONDARY_SIGNAL,NEIN_BIS_GEPRUEFT,PRUEFEN,LOW,Sehr kleine Community laut Legacy-Daten; vor Scan live prüfen.,LOW_TO_MEDIUM,LOW,,"Kann ergänzende Markt-, Tool-, Trend- oder Zahlungs-Signale liefern, aber nicht als Kernquelle priorisieren.",150,929,,Ja (teilw.) - Promo-/Template-Subs,3.285,https://www.reddit.com/r/BestNotionTemplates/,https://www.reddit.com/r/BestNotionTemplates/new/,,Legacy-Seed: Entscheidung neu bewertet; Aktivität bei fehlendem Live-Check nur als Proxy markiert.,SECONDARY,"Potential adjacent signal source, but not efficient enough for primary recurring problem discovery.",DO_NOT_CONTINUOUSLY_SCAN,0
r/FreeNotionTemplates,Notion_Templates,"Notion-Nutzer, Template-Kaeufer",MIXED,LEGACY_647,NICHT_BRAUCHEN,X,EXCLUDE,NEIN,AKTIV_NISCHE_PROXY,MEDIUM,Kleinere/nischige Community laut Legacy-Daten; vor großem Scan live prüfen.,LOW_TO_MEDIUM,LOW,,"Überwiegend Unterhaltung, Promotion oder sehr schwacher Bezug zu lösbaren Arbeits-/Business-Problemen.",0,6000,1000,Ja (teilw.) - Promo-/Template-Subs,3.995,https://www.reddit.com/r/FreeNotionTemplates/,https://www.reddit.com/r/FreeNotionTemplates/new/,,Legacy-Seed: Entscheidung neu bewertet; Aktivität bei fehlendem Live-Check nur als Proxy markiert.,SECONDARY,"Potential adjacent signal source, but not efficient enough for primary recurring problem discovery.",DO_NOT_CONTINUOUSLY_SCAN,0
r/Notion,Notion_Templates,"Notion-Nutzer, Template-Kaeufer",MIXED,LEGACY_647,SEKUNDAER,S,SECONDARY_SIGNAL,NUR_SEKUNDAER,ACTIVE_VERIFIED_2026-09,HIGH,Reddit /new page checked via web research in September 2026.,LOW_TO_MEDIUM,LOW,,"Kann ergänzende Markt-, Tool-, Trend- oder Zahlungs-Signale liefern, aber nicht als Kernquelle priorisieren.",150,458000,56000,Ja (teilw.) - Promo-/Template-Subs,5.772,https://www.reddit.com/r/Notion/,https://www.reddit.com/r/Notion/new/,2026-09-18,Legacy-Seed: Entscheidung neu bewertet; Aktivität bei fehlendem Live-Check nur als Proxy markiert.,SECONDARY,"Useful for adjacent trend/tool/market signals, but too broad, hobby-heavy, builder-heavy or promotional for primary pain discovery.",DO_NOT_CONTINUOUSLY_SCAN,0
r/notioncreations,Notion_Templates,"Notion-Nutzer, Template-Kaeufer",MIXED,LEGACY_647,SEKUNDAER,S,SECONDARY_SIGNAL,NUR_SEKUNDAER,WAHRSCHEINLICH_AKTIV_PROXY,MEDIUM,Aktivität aus gelieferten Mitglieder-/Wachstumsdaten abgeleitet; nicht live verifiziert.,LOW_TO_MEDIUM,LOW,,"Kann ergänzende Markt-, Tool-, Trend- oder Zahlungs-Signale liefern, aber nicht als Kernquelle priorisieren.",150,20000,15000,Ja (teilw.) - Promo-/Template-Subs,4.997,https://www.reddit.com/r/notioncreations/,https://www.reddit.com/r/notioncreations/new/,,Legacy-Seed: Entscheidung neu bewertet; Aktivität bei fehlendem Live-Check nur als Proxy markiert.,SECONDARY,"Potential adjacent signal source, but not efficient enough for primary recurring problem discovery.",DO_NOT_CONTINUOUSLY_SCAN,0
r/NotionGeeks,Notion_Templates,"Notion-Nutzer, Template-Kaeufer",MIXED,LEGACY_647,SEKUNDAER,S,SECONDARY_SIGNAL,NUR_SEKUNDAER,AKTIV_NISCHE_PROXY,MEDIUM,Kleinere/nischige Community laut Legacy-Daten; vor großem Scan live prüfen.,LOW_TO_MEDIUM,LOW,,"Kann ergänzende Markt-, Tool-, Trend- oder Zahlungs-Signale liefern, aber nicht als Kernquelle priorisieren.",150,3000,,Ja (teilw.) - Promo-/Template-Subs,3.602,https://www.reddit.com/r/NotionGeeks/,https://www.reddit.com/r/NotionGeeks/new/,,Legacy-Seed: Entscheidung neu bewertet; Aktivität bei fehlendem Live-Check nur als Proxy markiert.,SECONDARY,"Potential adjacent signal source, but not efficient enough for primary recurring problem discovery.",DO_NOT_CONTINUOUSLY_SCAN,0
r/NotionPromote,Notion_Templates,"Notion-Nutzer, Template-Kaeufer",MIXED,LEGACY_647,SEKUNDAER,S,SECONDARY_SIGNAL,NEIN_BIS_GEPRUEFT,PRUEFEN,LOW,Sehr kleine Community laut Legacy-Daten; vor Scan live prüfen.,LOW_TO_MEDIUM,LOW,,"Founder-/Promo-/Job-Community: nicht primär scannen; höchstens für Nachfrage-, Tool-, Job- oder Zahlungs-Signale.",150,569,,Ja (teilw.) - Promo-/Template-Subs,3.196,https://www.reddit.com/r/NotionPromote/,https://www.reddit.com/r/NotionPromote/new/,,Legacy-Seed: Entscheidung neu bewertet; Aktivität bei fehlendem Live-Check nur als Proxy markiert.,SECONDARY,"Potential adjacent signal source, but not efficient enough for primary recurring problem discovery.",DO_NOT_CONTINUOUSLY_SCAN,0
r/Notiontemplates,Notion_Templates,"Notion-Nutzer, Template-Kaeufer",MIXED,LEGACY_647,SEKUNDAER,S,SECONDARY_SIGNAL,NUR_SEKUNDAER,WAHRSCHEINLICH_AKTIV_PROXY,MEDIUM,Aktivität aus gelieferten Mitglieder-/Wachstumsdaten abgeleitet; nicht live verifiziert.,LOW_TO_MEDIUM,LOW,,"Kann ergänzende Markt-, Tool-, Trend- oder Zahlungs-Signale liefern, aber nicht als Kernquelle priorisieren.",150,24000,5000,Ja (teilw.) - Promo-/Template-Subs,4.585,https://www.reddit.com/r/Notiontemplates/,https://www.reddit.com/r/Notiontemplates/new/,,Legacy-Seed: Entscheidung neu bewertet; Aktivität bei fehlendem Live-Check nur als Proxy markiert.,SECONDARY,"Potential adjacent signal source, but not efficient enough for primary recurring problem discovery.",DO_NOT_CONTINUOUSLY_SCAN,0
r/backpacking,Outdoors_Travel,"Reisende, Outdoor-Fans",MIXED,LEGACY_647,HOBBY_PROSUMER,C,HOBBY_PROSUMER,NEIN_BIS_GEPRUEFT,PRUEFEN,LOW,Keine verwertbaren Aktivitätsmetriken in der gelieferten Legacy-Datei.,MEDIUM,LOW,,"Aktive Hobby-/Prosumer-Zielgruppe; interessant für Tools, Commerce, Organisation und Side-Hustles, aber geringere B2B-Priorität.",150,,,Streng - Mehrwert,1.8,https://www.reddit.com/r/backpacking/,https://www.reddit.com/r/backpacking/new/,,Legacy-Seed: Entscheidung neu bewertet; Aktivität bei fehlendem Live-Check nur als Proxy markiert.,SECONDARY,"Potential adjacent signal source, but not efficient enough for primary recurring problem discovery.",DO_NOT_CONTINUOUSLY_SCAN,0
r/camping,Outdoors_Travel,"Reisende, Outdoor-Fans",MIXED,LEGACY_647,HOBBY_PROSUMER,C,HOBBY_PROSUMER,NEIN_BIS_GEPRUEFT,PRUEFEN,LOW,Keine verwertbaren Aktivitätsmetriken in der gelieferten Legacy-Datei.,MEDIUM,LOW,,"Aktive Hobby-/Prosumer-Zielgruppe; interessant für Tools, Commerce, Organisation und Side-Hustles, aber geringere B2B-Priorität.",150,,,Streng - Mehrwert,1.8,https://www.reddit.com/r/camping/,https://www.reddit.com/r/camping/new/,,Legacy-Seed: Entscheidung neu bewertet; Aktivität bei fehlendem Live-Check nur als Proxy markiert.,SECONDARY,"Potential adjacent signal source, but not efficient enough for primary recurring problem discovery.",DO_NOT_CONTINUOUSLY_SCAN,0
r/CampingandHiking,Outdoors_Travel,"Reisende, Outdoor-Fans",MIXED,LEGACY_647,HOBBY_PROSUMER,C,HOBBY_PROSUMER,NEIN_BIS_GEPRUEFT,PRUEFEN,LOW,Keine verwertbaren Aktivitätsmetriken in der gelieferten Legacy-Datei.,MEDIUM,LOW,,"Aktive Hobby-/Prosumer-Zielgruppe; interessant für Tools, Commerce, Organisation und Side-Hustles, aber geringere B2B-Priorität.",150,,,Streng - Mehrwert,1.8,https://www.reddit.com/r/CampingandHiking/,https://www.reddit.com/r/CampingandHiking/new/,,Legacy-Seed: Entscheidung neu bewertet; Aktivität bei fehlendem Live-Check nur als Proxy markiert.,SECONDARY,"Potential adjacent signal source, but not efficient enough for primary recurring problem discovery.",DO_NOT_CONTINUOUSLY_SCAN,0
r/climbing,Outdoors_Travel,"Reisende, Outdoor-Fans",MIXED,LEGACY_647,HOBBY_PROSUMER,C,HOBBY_PROSUMER,NEIN_BIS_GEPRUEFT,PRUEFEN,LOW,Keine verwertbaren Aktivitätsmetriken in der gelieferten Legacy-Datei.,MEDIUM,LOW,,"Aktive Hobby-/Prosumer-Zielgruppe; interessant für Tools, Commerce, Organisation und Side-Hustles, aber geringere B2B-Priorität.",150,,,Streng - Mehrwert,1.8,https://www.reddit.com/r/climbing/,https://www.reddit.com/r/climbing/new/,,Legacy-Seed: Entscheidung neu bewertet; Aktivität bei fehlendem Live-Check nur als Proxy markiert.,SECONDARY,"Potential adjacent signal source, but not efficient enough for primary recurring problem discovery.",DO_NOT_CONTINUOUSLY_SCAN,0
r/Fishing,Outdoors_Travel,"Reisende, Outdoor-Fans",MIXED,LEGACY_647,HOBBY_PROSUMER,C,HOBBY_PROSUMER,NEIN_BIS_GEPRUEFT,PRUEFEN,LOW,Keine verwertbaren Aktivitätsmetriken in der gelieferten Legacy-Datei.,MEDIUM,LOW,,"Aktive Hobby-/Prosumer-Zielgruppe; interessant für Tools, Commerce, Organisation und Side-Hustles, aber geringere B2B-Priorität.",150,,,Streng - Mehrwert,1.8,https://www.reddit.com/r/Fishing/,https://www.reddit.com/r/Fishing/new/,,Legacy-Seed: Entscheidung neu bewertet; Aktivität bei fehlendem Live-Check nur als Proxy markiert.,SECONDARY,"Potential adjacent signal source, but not efficient enough for primary recurring problem discovery.",DO_NOT_CONTINUOUSLY_SCAN,0
r/hiking,Outdoors_Travel,"Reisende, Outdoor-Fans",MIXED,LEGACY_647,HOBBY_PROSUMER,C,HOBBY_PROSUMER,NEIN_BIS_GEPRUEFT,PRUEFEN,LOW,Keine verwertbaren Aktivitätsmetriken in der gelieferten Legacy-Datei.,MEDIUM,LOW,,"Aktive Hobby-/Prosumer-Zielgruppe; interessant für Tools, Commerce, Organisation und Side-Hustles, aber geringere B2B-Priorität.",150,,,Streng - Mehrwert,1.8,https://www.reddit.com/r/hiking/,https://www.reddit.com/r/hiking/new/,,Legacy-Seed: Entscheidung neu bewertet; Aktivität bei fehlendem Live-Check nur als Proxy markiert.,SECONDARY,"Potential adjacent signal source, but not efficient enough for primary recurring problem discovery.",DO_NOT_CONTINUOUSLY_SCAN,0
r/Hunting,Outdoors_Travel,"Reisende, Outdoor-Fans",MIXED,LEGACY_647,HOBBY_PROSUMER,C,HOBBY_PROSUMER,NEIN_BIS_GEPRUEFT,PRUEFEN,LOW,Keine verwertbaren Aktivitätsmetriken in der gelieferten Legacy-Datei.,MEDIUM,LOW,,"Aktive Hobby-/Prosumer-Zielgruppe; interessant für Tools, Commerce, Organisation und Side-Hustles, aber geringere B2B-Priorität.",150,,,Streng - Mehrwert,1.8,https://www.reddit.com/r/Hunting/,https://www.reddit.com/r/Hunting/new/,,Legacy-Seed: Entscheidung neu bewertet; Aktivität bei fehlendem Live-Check nur als Proxy markiert.,SECONDARY,"Potential adjacent signal source, but not efficient enough for primary recurring problem discovery.",DO_NOT_CONTINUOUSLY_SCAN,0
r/scuba,Outdoors_Travel,"Reisende, Outdoor-Fans",MIXED,LEGACY_647,HOBBY_PROSUMER,C,HOBBY_PROSUMER,NEIN_BIS_GEPRUEFT,PRUEFEN,LOW,Keine verwertbaren Aktivitätsmetriken in der gelieferten Legacy-Datei.,MEDIUM,LOW,,"Aktive Hobby-/Prosumer-Zielgruppe; interessant für Tools, Commerce, Organisation und Side-Hustles, aber geringere B2B-Priorität.",150,,,Streng - Mehrwert,1.8,https://www.reddit.com/r/scuba/,https://www.reddit.com/r/scuba/new/,,Legacy-Seed: Entscheidung neu bewertet; Aktivität bei fehlendem Live-Check nur als Proxy markiert.,SECONDARY,"Potential adjacent signal source, but not efficient enough for primary recurring problem discovery.",DO_NOT_CONTINUOUSLY_SCAN,0
r/solotravel,Outdoors_Travel,"Reisende, Outdoor-Fans",MIXED,LEGACY_647,HOBBY_PROSUMER,C,HOBBY_PROSUMER,NEIN_BIS_GEPRUEFT,PRUEFEN,LOW,Keine verwertbaren Aktivitätsmetriken in der gelieferten Legacy-Datei.,MEDIUM,LOW,,"Aktive Hobby-/Prosumer-Zielgruppe; interessant für Tools, Commerce, Organisation und Side-Hustles, aber geringere B2B-Priorität.",150,,,Streng - Mehrwert,1.8,https://www.reddit.com/r/solotravel/,https://www.reddit.com/r/solotravel/new/,,Legacy-Seed: Entscheidung neu bewertet; Aktivität bei fehlendem Live-Check nur als Proxy markiert.,SECONDARY,"Useful for adjacent trend/tool/market signals, but too broad, hobby-heavy, builder-heavy or promotional for primary pain discovery.",DO_NOT_CONTINUOUSLY_SCAN,0
r/Survival,Outdoors_Travel,"Reisende, Outdoor-Fans",MIXED,LEGACY_647,HOBBY_PROSUMER,C,HOBBY_PROSUMER,NEIN_BIS_GEPRUEFT,PRUEFEN,LOW,Keine verwertbaren Aktivitätsmetriken in der gelieferten Legacy-Datei.,MEDIUM,LOW,,"Aktive Hobby-/Prosumer-Zielgruppe; interessant für Tools, Commerce, Organisation und Side-Hustles, aber geringere B2B-Priorität.",150,,,Streng - Mehrwert,1.8,https://www.reddit.com/r/Survival/,https://www.reddit.com/r/Survival/new/,,Legacy-Seed: Entscheidung neu bewertet; Aktivität bei fehlendem Live-Check nur als Proxy markiert.,SECONDARY,"Potential adjacent signal source, but not efficient enough for primary recurring problem discovery.",DO_NOT_CONTINUOUSLY_SCAN,0
r/travel,Outdoors_Travel,"Reisende, Outdoor-Fans",MIXED,LEGACY_647,HOBBY_PROSUMER,C,HOBBY_PROSUMER,NEIN_BIS_GEPRUEFT,PRUEFEN,LOW,Keine verwertbaren Aktivitätsmetriken in der gelieferten Legacy-Datei.,MEDIUM,LOW,,"Aktive Hobby-/Prosumer-Zielgruppe; interessant für Tools, Commerce, Organisation und Side-Hustles, aber geringere B2B-Priorität.",150,,,Streng - Mehrwert,1.8,https://www.reddit.com/r/travel/,https://www.reddit.com/r/travel/new/,,Legacy-Seed: Entscheidung neu bewertet; Aktivität bei fehlendem Live-Check nur als Proxy markiert.,SECONDARY,"Useful for adjacent trend/tool/market signals, but too broad, hobby-heavy, builder-heavy or promotional for primary pain discovery.",DO_NOT_CONTINUOUSLY_SCAN,0
r/churning,PersonalFinance,"Personal-Finance, FIRE",MIXED,LEGACY_647,SEKUNDAER,S,SECONDARY_SIGNAL,NEIN_BIS_GEPRUEFT,PRUEFEN,LOW,Keine verwertbaren Aktivitätsmetriken in der gelieferten Legacy-Datei.,LOW_TO_MEDIUM,MEDIUM,,"Kann ergänzende Markt-, Tool-, Trend- oder Zahlungs-Signale liefern, aber nicht als Kernquelle priorisieren.",150,,,Streng - kein Promo,1.8,https://www.reddit.com/r/churning/,https://www.reddit.com/r/churning/new/,,Legacy-Seed: Entscheidung neu bewertet; Aktivität bei fehlendem Live-Check nur als Proxy markiert.,SECONDARY,"Potential adjacent signal source, but not efficient enough for primary recurring problem discovery.",DO_NOT_CONTINUOUSLY_SCAN,0
r/fatFIRE,PersonalFinance,"Personal-Finance, FIRE",MIXED,LEGACY_647,SEKUNDAER,S,SECONDARY_SIGNAL,NUR_SEKUNDAER,WAHRSCHEINLICH_AKTIV_PROXY,MEDIUM,Aktivität aus gelieferten Mitglieder-/Wachstumsdaten abgeleitet; nicht live verifiziert.,LOW_TO_MEDIUM,MEDIUM,,"Kann ergänzende Markt-, Tool-, Trend- oder Zahlungs-Signale liefern, aber nicht als Kernquelle priorisieren.",150,485000,45000,Streng - kein Promo,3.462,https://www.reddit.com/r/fatFIRE/,https://www.reddit.com/r/fatFIRE/new/,,Legacy-Seed: Entscheidung neu bewertet; Aktivität bei fehlendem Live-Check nur als Proxy markiert.,SECONDARY,"Potential adjacent signal source, but not efficient enough for primary recurring problem discovery.",DO_NOT_CONTINUOUSLY_SCAN,0
r/financialindependence,PersonalFinance,"Personal-Finance, FIRE",MIXED,LEGACY_647,SEKUNDAER,S,SECONDARY_SIGNAL,NUR_SEKUNDAER,WAHRSCHEINLICH_AKTIV_PROXY,MEDIUM,Aktivität aus gelieferten Mitglieder-/Wachstumsdaten abgeleitet; nicht live verifiziert.,LOW_TO_MEDIUM,MEDIUM,,"Kann ergänzende Markt-, Tool-, Trend- oder Zahlungs-Signale liefern, aber nicht als Kernquelle priorisieren.",150,2400000,93000,Streng - kein Promo,3.849,https://www.reddit.com/r/financialindependence/,https://www.reddit.com/r/financialindependence/new/,,Legacy-Seed: Entscheidung neu bewertet; Aktivität bei fehlendem Live-Check nur als Proxy markiert.,SECONDARY,"Potential adjacent signal source, but not efficient enough for primary recurring problem discovery.",DO_NOT_CONTINUOUSLY_SCAN,0
r/FinancialPlanning,PersonalFinance,"Personal-Finance, FIRE",MIXED,LEGACY_647,SEKUNDAER,S,SECONDARY_SIGNAL,NUR_SEKUNDAER,WAHRSCHEINLICH_AKTIV_PROXY,MEDIUM,Aktivität aus gelieferten Mitglieder-/Wachstumsdaten abgeleitet; nicht live verifiziert.,LOW_TO_MEDIUM,MEDIUM,,"Kann ergänzende Markt-, Tool-, Trend- oder Zahlungs-Signale liefern, aber nicht als Kernquelle priorisieren.",150,980000,,Streng - kein Promo,3.595,https://www.reddit.com/r/FinancialPlanning/,https://www.reddit.com/r/FinancialPlanning/new/,,Legacy-Seed: Entscheidung neu bewertet; Aktivität bei fehlendem Live-Check nur als Proxy markiert.,SECONDARY,"Potential adjacent signal source, but not efficient enough for primary recurring problem discovery.",DO_NOT_CONTINUOUSLY_SCAN,0
r/Fire,PersonalFinance,"Personal-Finance, FIRE",MIXED,LEGACY_647,SEKUNDAER,S,SECONDARY_SIGNAL,NUR_SEKUNDAER,WAHRSCHEINLICH_AKTIV_PROXY,MEDIUM,Aktivität aus gelieferten Mitglieder-/Wachstumsdaten abgeleitet; nicht live verifiziert.,LOW_TO_MEDIUM,MEDIUM,,"Kann ergänzende Markt-, Tool-, Trend- oder Zahlungs-Signale liefern, aber nicht als Kernquelle priorisieren.",150,947000,239000,Streng - kein Promo,3.722,https://www.reddit.com/r/Fire/,https://www.reddit.com/r/Fire/new/,,Legacy-Seed: Entscheidung neu bewertet; Aktivität bei fehlendem Live-Check nur als Proxy markiert.,SECONDARY,"Potential adjacent signal source, but not efficient enough for primary recurring problem discovery.",DO_NOT_CONTINUOUSLY_SCAN,0
r/FIREUK,PersonalFinance,"Personal-Finance, FIRE",MIXED,LEGACY_647,SEKUNDAER,S,SECONDARY_SIGNAL,NUR_SEKUNDAER,WAHRSCHEINLICH_AKTIV_PROXY,MEDIUM,Aktivität aus gelieferten Mitglieder-/Wachstumsdaten abgeleitet; nicht live verifiziert.,LOW_TO_MEDIUM,MEDIUM,,"Kann ergänzende Markt-, Tool-, Trend- oder Zahlungs-Signale liefern, aber nicht als Kernquelle priorisieren.",150,311000,38000,Streng - kein Promo,3.362,https://www.reddit.com/r/FIREUK/,https://www.reddit.com/r/FIREUK/new/,,Legacy-Seed: Entscheidung neu bewertet; Aktivität bei fehlendem Live-Check nur als Proxy markiert.,SECONDARY,"Potential adjacent signal source, but not efficient enough for primary recurring problem discovery.",DO_NOT_CONTINUOUSLY_SCAN,0
r/Frugal,PersonalFinance,"Personal-Finance, FIRE",MIXED,LEGACY_647,SEKUNDAER,S,SECONDARY_SIGNAL,NUR_SEKUNDAER,WAHRSCHEINLICH_AKTIV_PROXY,MEDIUM,Aktivität aus gelieferten Mitglieder-/Wachstumsdaten abgeleitet; nicht live verifiziert.,LOW_TO_MEDIUM,MEDIUM,,"Kann ergänzende Markt-, Tool-, Trend- oder Zahlungs-Signale liefern, aber nicht als Kernquelle priorisieren.",150,6800000,204000,Streng - kein Promo,4.116,https://www.reddit.com/r/Frugal/,https://www.reddit.com/r/Frugal/new/,,Legacy-Seed: Entscheidung neu bewertet; Aktivität bei fehlendem Live-Check nur als Proxy markiert.,SECONDARY,"Potential adjacent signal source, but not efficient enough for primary recurring problem discovery.",DO_NOT_CONTINUOUSLY_SCAN,0
r/Money,PersonalFinance,"Personal-Finance, FIRE",MIXED,LEGACY_647,SEKUNDAER,S,SECONDARY_SIGNAL,NEIN_BIS_GEPRUEFT,PRUEFEN,LOW,Keine verwertbaren Aktivitätsmetriken in der gelieferten Legacy-Datei.,LOW_TO_MEDIUM,MEDIUM,,"Kann ergänzende Markt-, Tool-, Trend- oder Zahlungs-Signale liefern, aber nicht als Kernquelle priorisieren.",150,,,Streng - kein Promo,1.8,https://www.reddit.com/r/Money/,https://www.reddit.com/r/Money/new/,,Legacy-Seed: Entscheidung neu bewertet; Aktivität bei fehlendem Live-Check nur als Proxy markiert.,SECONDARY,"Potential adjacent signal source, but not efficient enough for primary recurring problem discovery.",DO_NOT_CONTINUOUSLY_SCAN,0
r/personalfinance,PersonalFinance,"Personal-Finance, FIRE",MIXED,LEGACY_647,SEKUNDAER,S,SECONDARY_SIGNAL,NUR_SEKUNDAER,WAHRSCHEINLICH_AKTIV_PROXY,MEDIUM,Aktivität aus gelieferten Mitglieder-/Wachstumsdaten abgeleitet; nicht live verifiziert.,LOW_TO_MEDIUM,MEDIUM,,"Kann ergänzende Markt-, Tool-, Trend- oder Zahlungs-Signale liefern, aber nicht als Kernquelle priorisieren.",150,21700000,646000,Streng - kein Promo,4.418,https://www.reddit.com/r/personalfinance/,https://www.reddit.com/r/personalfinance/new/,,Legacy-Seed: Entscheidung neu bewertet; Aktivität bei fehlendem Live-Check nur als Proxy markiert.,SECONDARY,"Potential adjacent signal source, but not efficient enough for primary recurring problem discovery.",DO_NOT_CONTINUOUSLY_SCAN,0
r/PersonalFinanceCanada,PersonalFinance,"Personal-Finance, FIRE",MIXED,LEGACY_647,SEKUNDAER,S,SECONDARY_SIGNAL,NEIN_BIS_GEPRUEFT,PRUEFEN,LOW,Keine verwertbaren Aktivitätsmetriken in der gelieferten Legacy-Datei.,LOW_TO_MEDIUM,MEDIUM,,"Kann ergänzende Markt-, Tool-, Trend- oder Zahlungs-Signale liefern, aber nicht als Kernquelle priorisieren.",150,,,Streng - kein Promo,1.8,https://www.reddit.com/r/PersonalFinanceCanada/,https://www.reddit.com/r/PersonalFinanceCanada/new/,,Legacy-Seed: Entscheidung neu bewertet; Aktivität bei fehlendem Live-Check nur als Proxy markiert.,SECONDARY,"Potential adjacent signal source, but not efficient enough for primary recurring problem discovery.",DO_NOT_CONTINUOUSLY_SCAN,0
r/UKPersonalFinance,PersonalFinance,"Personal-Finance, FIRE",MIXED,LEGACY_647,SEKUNDAER,S,SECONDARY_SIGNAL,NUR_SEKUNDAER,WAHRSCHEINLICH_AKTIV_PROXY,MEDIUM,Aktivität aus gelieferten Mitglieder-/Wachstumsdaten abgeleitet; nicht live verifiziert.,LOW_TO_MEDIUM,MEDIUM,,"Kann ergänzende Markt-, Tool-, Trend- oder Zahlungs-Signale liefern, aber nicht als Kernquelle priorisieren.",150,1800000,109000,Streng - kein Promo,3.786,https://www.reddit.com/r/UKPersonalFinance/,https://www.reddit.com/r/UKPersonalFinance/new/,,Legacy-Seed: Entscheidung neu bewertet; Aktivität bei fehlendem Live-Check nur als Proxy markiert.,SECONDARY,"Potential adjacent signal source, but not efficient enough for primary recurring problem discovery.",DO_NOT_CONTINUOUSLY_SCAN,0
r/analog,Photography,Fotografen,MIXED,LEGACY_647,BRAUCHEN_TESTEN,B,EXPLORATION,JA,WAHRSCHEINLICH_AKTIV_PROXY,MEDIUM,Aktivität aus gelieferten Mitglieder-/Wachstumsdaten abgeleitet; nicht live verifiziert.,HIGH,LOW,,"Beruf/Prosumer-Mix; sinnvoller Pilot, tatsächlicher Research-Yield muss gemessen werden.",250,2700000,44000,Streng,3.868,https://www.reddit.com/r/analog/,https://www.reddit.com/r/analog/new/,,Legacy-Seed: Entscheidung neu bewertet; Aktivität bei fehlendem Live-Check nur als Proxy markiert.,SECONDARY,"Creator/design community is relevant but often dominated by craft, portfolio or platform discussion.",DO_NOT_CONTINUOUSLY_SCAN,0
r/AnalogCommunity,Photography,Fotografen,MIXED,LEGACY_647,BRAUCHEN_TESTEN,B,EXPLORATION,JA,WAHRSCHEINLICH_AKTIV_PROXY,MEDIUM,Aktivität aus gelieferten Mitglieder-/Wachstumsdaten abgeleitet; nicht live verifiziert.,HIGH,LOW,,"Beruf/Prosumer-Mix; sinnvoller Pilot, tatsächlicher Research-Yield muss gemessen werden.",250,391000,122000,Streng,3.524,https://www.reddit.com/r/AnalogCommunity/,https://www.reddit.com/r/AnalogCommunity/new/,,Legacy-Seed: Entscheidung neu bewertet; Aktivität bei fehlendem Live-Check nur als Proxy markiert.,SECONDARY,"Creator/design community is relevant but often dominated by craft, portfolio or platform discussion.",DO_NOT_CONTINUOUSLY_SCAN,0
r/AskPhotography,Photography,Fotografen,MIXED,LEGACY_647,BRAUCHEN_TESTEN,B,EXPLORATION,JA,WAHRSCHEINLICH_AKTIV_PROXY,MEDIUM,Aktivität aus gelieferten Mitglieder-/Wachstumsdaten abgeleitet; nicht live verifiziert.,HIGH,LOW,,"Beruf/Prosumer-Mix; sinnvoller Pilot, tatsächlicher Research-Yield muss gemessen werden.",250,727000,90000,Streng,3.584,https://www.reddit.com/r/AskPhotography/,https://www.reddit.com/r/AskPhotography/new/,,Legacy-Seed: Entscheidung neu bewertet; Aktivität bei fehlendem Live-Check nur als Proxy markiert.,SECONDARY,"Creator/design community is relevant but often dominated by craft, portfolio or platform discussion.",DO_NOT_CONTINUOUSLY_SCAN,0
r/Beginning_Photography,Photography,Fotografen,MIXED,LEGACY_647,BRAUCHEN_TESTEN,B,EXPLORATION,JA,WAHRSCHEINLICH_AKTIV_PROXY,MEDIUM,Aktivität aus gelieferten Mitglieder-/Wachstumsdaten abgeleitet; nicht live verifiziert.,HIGH,LOW,,"Beruf/Prosumer-Mix; sinnvoller Pilot, tatsächlicher Research-Yield muss gemessen werden.",250,58000,,Streng,2.863,https://www.reddit.com/r/Beginning_Photography/,https://www.reddit.com/r/Beginning_Photography/new/,,Legacy-Seed: Entscheidung neu bewertet; Aktivität bei fehlendem Live-Check nur als Proxy markiert.,SECONDARY,"Creator/design community is relevant but often dominated by craft, portfolio or platform discussion.",DO_NOT_CONTINUOUSLY_SCAN,0
r/canon,Photography,Fotografen,MIXED,LEGACY_647,BRAUCHEN_TESTEN,B,EXPLORATION,JA,WAHRSCHEINLICH_AKTIV_PROXY,MEDIUM,Aktivität aus gelieferten Mitglieder-/Wachstumsdaten abgeleitet; nicht live verifiziert.,HIGH,LOW,,"Beruf/Prosumer-Mix; sinnvoller Pilot, tatsächlicher Research-Yield muss gemessen werden.",250,221000,46000,Streng,3.32,https://www.reddit.com/r/canon/,https://www.reddit.com/r/canon/new/,,Legacy-Seed: Entscheidung neu bewertet; Aktivität bei fehlendem Live-Check nur als Proxy markiert.,SECONDARY,"Creator/design community is relevant but often dominated by craft, portfolio or platform discussion.",DO_NOT_CONTINUOUSLY_SCAN,0
r/Lightroom,Photography,Fotografen,MIXED,LEGACY_647,BRAUCHEN_TESTEN,B,EXPLORATION,NEIN_BIS_GEPRUEFT,PRUEFEN,LOW,Keine verwertbaren Aktivitätsmetriken in der gelieferten Legacy-Datei.,HIGH,LOW,,"Beruf/Prosumer-Mix; sinnvoller Pilot, tatsächlicher Research-Yield muss gemessen werden.",250,,,Streng,1.8,https://www.reddit.com/r/Lightroom/,https://www.reddit.com/r/Lightroom/new/,,Legacy-Seed: Entscheidung neu bewertet; Aktivität bei fehlendem Live-Check nur als Proxy markiert.,SECONDARY,"Creator/design community is relevant but often dominated by craft, portfolio or platform discussion.",DO_NOT_CONTINUOUSLY_SCAN,0
r/Nikon,Photography,Fotografen,MIXED,LEGACY_647,BRAUCHEN_TESTEN,B,EXPLORATION,JA,WAHRSCHEINLICH_AKTIV_PROXY,MEDIUM,Aktivität aus gelieferten Mitglieder-/Wachstumsdaten abgeleitet; nicht live verifiziert.,HIGH,LOW,,"Beruf/Prosumer-Mix; sinnvoller Pilot, tatsächlicher Research-Yield muss gemessen werden.",250,197000,39000,Streng,3.285,https://www.reddit.com/r/Nikon/,https://www.reddit.com/r/Nikon/new/,,Legacy-Seed: Entscheidung neu bewertet; Aktivität bei fehlendem Live-Check nur als Proxy markiert.,SECONDARY,"Creator/design community is relevant but often dominated by craft, portfolio or platform discussion.",DO_NOT_CONTINUOUSLY_SCAN,0
r/photography,Photography,Fotografen,MIXED,LEGACY_647,BRAUCHEN_TESTEN,B,EXPLORATION,JA,WAHRSCHEINLICH_AKTIV_PROXY,MEDIUM,Aktivität aus gelieferten Mitglieder-/Wachstumsdaten abgeleitet; nicht live verifiziert.,HIGH,LOW,,"Beruf/Prosumer-Mix; sinnvoller Pilot, tatsächlicher Research-Yield muss gemessen werden.",250,5600000,120000,Streng,4.061,https://www.reddit.com/r/photography/,https://www.reddit.com/r/photography/new/,,Legacy-Seed: Entscheidung neu bewertet; Aktivität bei fehlendem Live-Check nur als Proxy markiert.,SECONDARY,"Creator/design community is relevant but often dominated by craft, portfolio or platform discussion.",DO_NOT_CONTINUOUSLY_SCAN,0
r/postprocessing,Photography,Fotografen,MIXED,LEGACY_647,BRAUCHEN_TESTEN,B,EXPLORATION,JA,WAHRSCHEINLICH_AKTIV_PROXY,MEDIUM,Aktivität aus gelieferten Mitglieder-/Wachstumsdaten abgeleitet; nicht live verifiziert.,HIGH,LOW,,"Beruf/Prosumer-Mix; sinnvoller Pilot, tatsächlicher Research-Yield muss gemessen werden.",250,430000,56000,Streng,3.451,https://www.reddit.com/r/postprocessing/,https://www.reddit.com/r/postprocessing/new/,,Legacy-Seed: Entscheidung neu bewertet; Aktivität bei fehlendem Live-Check nur als Proxy markiert.,SECONDARY,"Creator/design community is relevant but often dominated by craft, portfolio or platform discussion.",DO_NOT_CONTINUOUSLY_SCAN,0
r/SonyAlpha,Photography,Fotografen,MIXED,LEGACY_647,BRAUCHEN_TESTEN,B,EXPLORATION,JA,WAHRSCHEINLICH_AKTIV_PROXY,MEDIUM,Aktivität aus gelieferten Mitglieder-/Wachstumsdaten abgeleitet; nicht live verifiziert.,HIGH,LOW,,"Beruf/Prosumer-Mix; sinnvoller Pilot, tatsächlicher Research-Yield muss gemessen werden.",250,346000,63000,Streng,3.423,https://www.reddit.com/r/SonyAlpha/,https://www.reddit.com/r/SonyAlpha/new/,,Legacy-Seed: Entscheidung neu bewertet; Aktivität bei fehlendem Live-Check nur als Proxy markiert.,SECONDARY,"Creator/design community is relevant but often dominated by craft, portfolio or platform discussion.",DO_NOT_CONTINUOUSLY_SCAN,0
r/streetphotography,Photography,Fotografen,MIXED,LEGACY_647,BRAUCHEN_TESTEN,B,EXPLORATION,JA,WAHRSCHEINLICH_AKTIV_PROXY,MEDIUM,Aktivität aus gelieferten Mitglieder-/Wachstumsdaten abgeleitet; nicht live verifiziert.,HIGH,LOW,,"Beruf/Prosumer-Mix; sinnvoller Pilot, tatsächlicher Research-Yield muss gemessen werden.",250,498000,58000,Streng,3.482,https://www.reddit.com/r/streetphotography/,https://www.reddit.com/r/streetphotography/new/,,Legacy-Seed: Entscheidung neu bewertet; Aktivität bei fehlendem Live-Check nur als Proxy markiert.,SECONDARY,"Creator/design community is relevant but often dominated by craft, portfolio or platform discussion.",DO_NOT_CONTINUOUSLY_SCAN,0
r/getdisciplined,Productivity,Produktivitaets-/Self-Improvement,MIXED,LEGACY_647,SEKUNDAER,S,SECONDARY_SIGNAL,NUR_SEKUNDAER,WAHRSCHEINLICH_AKTIV_PROXY,MEDIUM,Aktivität aus gelieferten Mitglieder-/Wachstumsdaten abgeleitet; nicht live verifiziert.,MEDIUM,LOW,,"Kann ergänzende Markt-, Tool-, Trend- oder Zahlungs-Signale liefern, aber nicht als Kernquelle priorisieren.",150,2200000,211000,Streng,3.857,https://www.reddit.com/r/getdisciplined/,https://www.reddit.com/r/getdisciplined/new/,,Legacy-Seed: Entscheidung neu bewertet; Aktivität bei fehlendem Live-Check nur als Proxy markiert.,SECONDARY,"Potential adjacent signal source, but not efficient enough for primary recurring problem discovery.",DO_NOT_CONTINUOUSLY_SCAN,0
r/lifehack,Productivity,Produktivitaets-/Self-Improvement,MIXED,LEGACY_647,SEKUNDAER,S,SECONDARY_SIGNAL,NUR_SEKUNDAER,WAHRSCHEINLICH_AKTIV_PROXY,MEDIUM,Aktivität aus gelieferten Mitglieder-/Wachstumsdaten abgeleitet; nicht live verifiziert.,MEDIUM,LOW,,"Kann ergänzende Markt-, Tool-, Trend- oder Zahlungs-Signale liefern, aber nicht als Kernquelle priorisieren.",150,110000,9000,Streng,3.071,https://www.reddit.com/r/lifehack/,https://www.reddit.com/r/lifehack/new/,,Legacy-Seed: Entscheidung neu bewertet; Aktivität bei fehlendem Live-Check nur als Proxy markiert.,SECONDARY,"Potential adjacent signal source, but not efficient enough for primary recurring problem discovery.",DO_NOT_CONTINUOUSLY_SCAN,0
r/LifeHack_Pro,Productivity,Produktivitaets-/Self-Improvement,MIXED,LEGACY_647,SEKUNDAER,S,SECONDARY_SIGNAL,NEIN_BIS_GEPRUEFT,PRUEFEN,LOW,Sehr kleine Community laut Legacy-Daten; vor Scan live prüfen.,MEDIUM,LOW,,"Kann ergänzende Markt-, Tool-, Trend- oder Zahlungs-Signale liefern, aber nicht als Kernquelle priorisieren.",150,2000,,Streng,2.086,https://www.reddit.com/r/LifeHack_Pro/,https://www.reddit.com/r/LifeHack_Pro/new/,,Legacy-Seed: Entscheidung neu bewertet; Aktivität bei fehlendem Live-Check nur als Proxy markiert.,SECONDARY,"Potential adjacent signal source, but not efficient enough for primary recurring problem discovery.",DO_NOT_CONTINUOUSLY_SCAN,0
r/lifehacks,Productivity,Produktivitaets-/Self-Improvement,MIXED,LEGACY_647,SEKUNDAER,S,SECONDARY_SIGNAL,NUR_SEKUNDAER,WAHRSCHEINLICH_AKTIV_PROXY,MEDIUM,Aktivität aus gelieferten Mitglieder-/Wachstumsdaten abgeleitet; nicht live verifiziert.,MEDIUM,LOW,,"Kann ergänzende Markt-, Tool-, Trend- oder Zahlungs-Signale liefern, aber nicht als Kernquelle priorisieren.",150,14600000,45000,Streng,4.3,https://www.reddit.com/r/lifehacks/,https://www.reddit.com/r/lifehacks/new/,,Legacy-Seed: Entscheidung neu bewertet; Aktivität bei fehlendem Live-Check nur als Proxy markiert.,SECONDARY,"Potential adjacent signal source, but not efficient enough for primary recurring problem discovery.",DO_NOT_CONTINUOUSLY_SCAN,0
r/LifeProTips,Productivity,Produktivitaets-/Self-Improvement,MIXED,LEGACY_647,SEKUNDAER,S,SECONDARY_SIGNAL,NUR_SEKUNDAER,WAHRSCHEINLICH_AKTIV_PROXY,MEDIUM,Aktivität aus gelieferten Mitglieder-/Wachstumsdaten abgeleitet; nicht live verifiziert.,MEDIUM,LOW,,"Kann ergänzende Markt-, Tool-, Trend- oder Zahlungs-Signale liefern, aber nicht als Kernquelle priorisieren.",150,23000000,161000,Streng,4.421,https://www.reddit.com/r/LifeProTips/,https://www.reddit.com/r/LifeProTips/new/,,Legacy-Seed: Entscheidung neu bewertet; Aktivität bei fehlendem Live-Check nur als Proxy markiert.,SECONDARY,"Potential adjacent signal source, but not efficient enough for primary recurring problem discovery.",DO_NOT_CONTINUOUSLY_SCAN,0
r/productivity,Productivity,Produktivitaets-/Self-Improvement,MIXED,LEGACY_647,SEKUNDAER,S,SECONDARY_SIGNAL,NUR_SEKUNDAER,WAHRSCHEINLICH_AKTIV_PROXY,MEDIUM,Aktivität aus gelieferten Mitglieder-/Wachstumsdaten abgeleitet; nicht live verifiziert.,MEDIUM,LOW,,"Kann ergänzende Markt-, Tool-, Trend- oder Zahlungs-Signale liefern, aber nicht als Kernquelle priorisieren.",150,4200000,247000,Streng,4.006,https://www.reddit.com/r/productivity/,https://www.reddit.com/r/productivity/new/,,Legacy-Seed: Entscheidung neu bewertet; Aktivität bei fehlendem Live-Check nur als Proxy markiert.,SECONDARY,"Potential adjacent signal source, but not efficient enough for primary recurring problem discovery.",DO_NOT_CONTINUOUSLY_SCAN,0
r/ProductivityHQ,Productivity,Produktivitaets-/Self-Improvement,MIXED,LEGACY_647,SEKUNDAER,S,SECONDARY_SIGNAL,NUR_SEKUNDAER,WAHRSCHEINLICH_AKTIV_PROXY,MEDIUM,Aktivität aus gelieferten Mitglieder-/Wachstumsdaten abgeleitet; nicht live verifiziert.,MEDIUM,LOW,,"Kann ergänzende Markt-, Tool-, Trend- oder Zahlungs-Signale liefern, aber nicht als Kernquelle priorisieren.",150,71000,,Streng,2.914,https://www.reddit.com/r/ProductivityHQ/,https://www.reddit.com/r/ProductivityHQ/new/,,Legacy-Seed: Entscheidung neu bewertet; Aktivität bei fehlendem Live-Check nur als Proxy markiert.,SECONDARY,"Potential adjacent signal source, but not efficient enough for primary recurring problem discovery.",DO_NOT_CONTINUOUSLY_SCAN,0
r/digitalnomad,RemoteWork,"Remote-Worker, Digital Nomads",MIXED,LEGACY_647,BRAUCHEN_TESTEN,B,EXPLORATION,JA,WAHRSCHEINLICH_AKTIV_PROXY,MEDIUM,Aktivität aus gelieferten Mitglieder-/Wachstumsdaten abgeleitet; nicht live verifiziert.,HIGH,LOW,,"Beruf/Prosumer-Mix; sinnvoller Pilot, tatsächlicher Research-Yield muss gemessen werden.",250,2400000,114000,Streng - kein Job-Spam,3.854,https://www.reddit.com/r/digitalnomad/,https://www.reddit.com/r/digitalnomad/new/,,Legacy-Seed: Entscheidung neu bewertet; Aktivität bei fehlendem Live-Check nur als Proxy markiert.,SECONDARY,"Potential adjacent signal source, but not efficient enough for primary recurring problem discovery.",DO_NOT_CONTINUOUSLY_SCAN,0
r/RemoteJobs,RemoteWork,"Remote-Worker, Digital Nomads",MIXED,LEGACY_647,SEKUNDAER,S,SECONDARY_SIGNAL,NUR_SEKUNDAER,WAHRSCHEINLICH_AKTIV_PROXY,MEDIUM,Aktivität aus gelieferten Mitglieder-/Wachstumsdaten abgeleitet; nicht live verifiziert.,HIGH,LOW,,"Founder-/Promo-/Job-Community: nicht primär scannen; höchstens für Nachfrage-, Tool-, Job- oder Zahlungs-Signale.",150,506000,217000,Streng - kein Job-Spam,3.655,https://www.reddit.com/r/RemoteJobs/,https://www.reddit.com/r/RemoteJobs/new/,,Legacy-Seed: Entscheidung neu bewertet; Aktivität bei fehlendem Live-Check nur als Proxy markiert.,SECONDARY,"Potential adjacent signal source, but not efficient enough for primary recurring problem discovery.",DO_NOT_CONTINUOUSLY_SCAN,0
r/remotework,RemoteWork,"Remote-Worker, Digital Nomads",MIXED,LEGACY_647,BRAUCHEN_TESTEN,B,EXPLORATION,JA,WAHRSCHEINLICH_AKTIV_PROXY,MEDIUM,Aktivität aus gelieferten Mitglieder-/Wachstumsdaten abgeleitet; nicht live verifiziert.,HIGH,LOW,,"Beruf/Prosumer-Mix; sinnvoller Pilot, tatsächlicher Research-Yield muss gemessen werden.",250,544000,298000,Streng - kein Job-Spam,3.738,https://www.reddit.com/r/remotework/,https://www.reddit.com/r/remotework/new/,,Legacy-Seed: Entscheidung neu bewertet; Aktivität bei fehlendem Live-Check nur als Proxy markiert.,SECONDARY,"Potential adjacent signal source, but not efficient enough for primary recurring problem discovery.",DO_NOT_CONTINUOUSLY_SCAN,0
r/work,RemoteWork,"Remote-Worker, Digital Nomads",MIXED,LEGACY_647,BRAUCHEN_TESTEN,B,EXPLORATION,JA,WAHRSCHEINLICH_AKTIV_PROXY,MEDIUM,Aktivität aus gelieferten Mitglieder-/Wachstumsdaten abgeleitet; nicht live verifiziert.,HIGH,LOW,,"Beruf/Prosumer-Mix; sinnvoller Pilot, tatsächlicher Research-Yield muss gemessen werden.",250,268000,84000,Streng - kein Job-Spam,3.427,https://www.reddit.com/r/work/,https://www.reddit.com/r/work/new/,,Legacy-Seed: Entscheidung neu bewertet; Aktivität bei fehlendem Live-Check nur als Proxy markiert.,SECONDARY,"Potential adjacent signal source, but not efficient enough for primary recurring problem discovery.",DO_NOT_CONTINUOUSLY_SCAN,0
r/workfromhome,RemoteWork,"Remote-Worker, Digital Nomads",MIXED,LEGACY_647,BRAUCHEN_TESTEN,B,EXPLORATION,JA,WAHRSCHEINLICH_AKTIV_PROXY,MEDIUM,Aktivität aus gelieferten Mitglieder-/Wachstumsdaten abgeleitet; nicht live verifiziert.,HIGH,LOW,,"Beruf/Prosumer-Mix; sinnvoller Pilot, tatsächlicher Research-Yield muss gemessen werden.",250,138000,,Streng - kein Job-Spam,3.086,https://www.reddit.com/r/workfromhome/,https://www.reddit.com/r/workfromhome/new/,,Legacy-Seed: Entscheidung neu bewertet; Aktivität bei fehlendem Live-Check nur als Proxy markiert.,SECONDARY,"Potential adjacent signal source, but not efficient enough for primary recurring problem discovery.",DO_NOT_CONTINUOUSLY_SCAN,0
r/B2BSaaS,SaaS,"SaaS-Founder, Indie-Hacker",MIXED,LEGACY_647,SEKUNDAER,S,SECONDARY_SIGNAL,NUR_SEKUNDAER,WAHRSCHEINLICH_AKTIV_PROXY,MEDIUM,Aktivität aus gelieferten Mitglieder-/Wachstumsdaten abgeleitet; nicht live verifiziert.,LOW_TO_MEDIUM,LOW,,"Founder-/Promo-/Job-Community: nicht primär scannen; höchstens für Nachfrage-, Tool-, Job- oder Zahlungs-Signale.",150,24000,18000,"Eingeschraenkt - Feedback/Threads, kein hartes Pitchen",4.058,https://www.reddit.com/r/B2BSaaS/,https://www.reddit.com/r/B2BSaaS/new/,,Legacy-Seed: Entscheidung neu bewertet; Aktivität bei fehlendem Live-Check nur als Proxy markiert.,SECONDARY,"Potential adjacent signal source, but not efficient enough for primary recurring problem discovery.",DO_NOT_CONTINUOUSLY_SCAN,0
r/hwstartups,SaaS,"SaaS-Founder, Indie-Hacker",MIXED,LEGACY_647,SEKUNDAER,S,SECONDARY_SIGNAL,NEIN_BIS_GEPRUEFT,PRUEFEN,LOW,Keine verwertbaren Aktivitätsmetriken in der gelieferten Legacy-Datei.,LOW_TO_MEDIUM,LOW,,"Founder-/Promo-/Job-Community: nicht primär scannen; höchstens für Nachfrage-, Tool-, Job- oder Zahlungs-Signale.",150,,,"Eingeschraenkt - Feedback/Threads, kein hartes Pitchen",2.4,https://www.reddit.com/r/hwstartups/,https://www.reddit.com/r/hwstartups/new/,,Legacy-Seed: Entscheidung neu bewertet; Aktivität bei fehlendem Live-Check nur als Proxy markiert.,SECONDARY,"Potential adjacent signal source, but not efficient enough for primary recurring problem discovery.",DO_NOT_CONTINUOUSLY_SCAN,0
r/microsaas,SaaS,"SaaS-Founder, Indie-Hacker",MIXED,LEGACY_647,SEKUNDAER,S,SECONDARY_SIGNAL,NUR_SEKUNDAER,WAHRSCHEINLICH_AKTIV_PROXY,MEDIUM,Aktivität aus gelieferten Mitglieder-/Wachstumsdaten abgeleitet; nicht live verifiziert.,LOW_TO_MEDIUM,LOW,,"Founder-/Promo-/Job-Community: nicht primär scannen; höchstens für Nachfrage-, Tool-, Job- oder Zahlungs-Signale.",150,194000,114000,"Eingeschraenkt - Feedback/Threads, kein hartes Pitchen",4.655,https://www.reddit.com/r/microsaas/,https://www.reddit.com/r/microsaas/new/,,Legacy-Seed: Entscheidung neu bewertet; Aktivität bei fehlendem Live-Check nur als Proxy markiert.,SECONDARY,"Potential adjacent signal source, but not efficient enough for primary recurring problem discovery.",DO_NOT_CONTINUOUSLY_SCAN,0
r/NoCodeSaaS,SaaS,"SaaS-Founder, Indie-Hacker",MIXED,LEGACY_647,SEKUNDAER,S,SECONDARY_SIGNAL,NUR_SEKUNDAER,WAHRSCHEINLICH_AKTIV_PROXY,MEDIUM,Aktivität aus gelieferten Mitglieder-/Wachstumsdaten abgeleitet; nicht live verifiziert.,LOW_TO_MEDIUM,LOW,,"Founder-/Promo-/Job-Community: nicht primär scannen; höchstens für Nachfrage-, Tool-, Job- oder Zahlungs-Signale.",150,45000,29000,"Eingeschraenkt - Feedback/Threads, kein hartes Pitchen",4.194,https://www.reddit.com/r/NoCodeSaaS/,https://www.reddit.com/r/NoCodeSaaS/new/,,Legacy-Seed: Entscheidung neu bewertet; Aktivität bei fehlendem Live-Check nur als Proxy markiert.,SECONDARY,"Potential adjacent signal source, but not efficient enough for primary recurring problem discovery.",DO_NOT_CONTINUOUSLY_SCAN,0
r/SaaS,SaaS,"SaaS-Founder, Indie-Hacker",MIXED,LEGACY_647,SEKUNDAER,S,SECONDARY_SIGNAL,NUR_SEKUNDAER,WAHRSCHEINLICH_AKTIV_PROXY,MEDIUM,Aktivität aus gelieferten Mitglieder-/Wachstumsdaten abgeleitet; nicht live verifiziert.,LOW_TO_MEDIUM,LOW,,"Founder-/Promo-/Job-Community: nicht primär scannen; höchstens für Nachfrage-, Tool-, Job- oder Zahlungs-Signale.",150,706000,399000,"Eingeschraenkt - Feedback/Threads, kein hartes Pitchen",5.086,https://www.reddit.com/r/SaaS/,https://www.reddit.com/r/SaaS/new/,,Legacy-Seed: Entscheidung neu bewertet; Aktivität bei fehlendem Live-Check nur als Proxy markiert.,SECONDARY,"Potential adjacent signal source, but not efficient enough for primary recurring problem discovery.",DO_NOT_CONTINUOUSLY_SCAN,0
r/SaaS_Email_Marketing,SaaS,"SaaS-Founder, Indie-Hacker",MIXED,LEGACY_647,SEKUNDAER,S,SECONDARY_SIGNAL,NUR_SEKUNDAER,AKTIV_NISCHE_PROXY,MEDIUM,Kleinere/nischige Community laut Legacy-Daten; vor großem Scan live prüfen.,LOW_TO_MEDIUM,LOW,,"Founder-/Promo-/Job-Community: nicht primär scannen; höchstens für Nachfrage-, Tool-, Job- oder Zahlungs-Signale.",150,13000,,"Eingeschraenkt - Feedback/Threads, kein hartes Pitchen",3.317,https://www.reddit.com/r/SaaS_Email_Marketing/,https://www.reddit.com/r/SaaS_Email_Marketing/new/,,Legacy-Seed: Entscheidung neu bewertet; Aktivität bei fehlendem Live-Check nur als Proxy markiert.,SECONDARY,"Potential adjacent signal source, but not efficient enough for primary recurring problem discovery.",DO_NOT_CONTINUOUSLY_SCAN,0
r/SaaSSales,SaaS,"SaaS-Founder, Indie-Hacker",MIXED,LEGACY_647,SEKUNDAER,S,SECONDARY_SIGNAL,NUR_SEKUNDAER,WAHRSCHEINLICH_AKTIV_PROXY,MEDIUM,Aktivität aus gelieferten Mitglieder-/Wachstumsdaten abgeleitet; nicht live verifiziert.,LOW_TO_MEDIUM,LOW,,"Founder-/Promo-/Job-Community: nicht primär scannen; höchstens für Nachfrage-, Tool-, Job- oder Zahlungs-Signale.",150,32000,17000,"Eingeschraenkt - Feedback/Threads, kein hartes Pitchen",3.997,https://www.reddit.com/r/SaaSSales/,https://www.reddit.com/r/SaaSSales/new/,,Legacy-Seed: Entscheidung neu bewertet; Aktivität bei fehlendem Live-Check nur als Proxy markiert.,SECONDARY,"Potential adjacent signal source, but not efficient enough for primary recurring problem discovery.",DO_NOT_CONTINUOUSLY_SCAN,0
r/SaasSelection,SaaS,"SaaS-Founder, Indie-Hacker",MIXED,LEGACY_647,SEKUNDAER,S,SECONDARY_SIGNAL,NEIN_BIS_GEPRUEFT,PRUEFEN,LOW,Sehr kleine Community laut Legacy-Daten; vor Scan live prüfen.,LOW_TO_MEDIUM,LOW,,"Founder-/Promo-/Job-Community: nicht primär scannen; höchstens für Nachfrage-, Tool-, Job- oder Zahlungs-Signale.",150,2000,,"Eingeschraenkt - Feedback/Threads, kein hartes Pitchen",2.782,https://www.reddit.com/r/SaasSelection/,https://www.reddit.com/r/SaasSelection/new/,,Legacy-Seed: Entscheidung neu bewertet; Aktivität bei fehlendem Live-Check nur als Proxy markiert.,SECONDARY,"Potential adjacent signal source, but not efficient enough for primary recurring problem discovery.",DO_NOT_CONTINUOUSLY_SCAN,0
r/SaaSStartups,SaaS,"SaaS-Founder, Indie-Hacker",MIXED,LEGACY_647,SEKUNDAER,S,SECONDARY_SIGNAL,NEIN_BIS_GEPRUEFT,PRUEFEN,LOW,Sehr kleine Community laut Legacy-Daten; vor Scan live prüfen.,LOW_TO_MEDIUM,LOW,,"Founder-/Promo-/Job-Community: nicht primär scannen; höchstens für Nachfrage-, Tool-, Job- oder Zahlungs-Signale.",150,714,,"Eingeschraenkt - Feedback/Threads, kein hartes Pitchen",2.587,https://www.reddit.com/r/SaaSStartups/,https://www.reddit.com/r/SaaSStartups/new/,,Legacy-Seed: Entscheidung neu bewertet; Aktivität bei fehlendem Live-Check nur als Proxy markiert.,SECONDARY,"Potential adjacent signal source, but not efficient enough for primary recurring problem discovery.",DO_NOT_CONTINUOUSLY_SCAN,0
r/VibeCodingSaaS,SaaS,"SaaS-Founder, Indie-Hacker",MIXED,LEGACY_647,SEKUNDAER,S,SECONDARY_SIGNAL,NUR_SEKUNDAER,WAHRSCHEINLICH_AKTIV_PROXY,MEDIUM,Aktivität aus gelieferten Mitglieder-/Wachstumsdaten abgeleitet; nicht live verifiziert.,LOW_TO_MEDIUM,LOW,,"Founder-/Promo-/Job-Community: nicht primär scannen; höchstens für Nachfrage-, Tool-, Job- oder Zahlungs-Signale.",150,10000,9000,"Eingeschraenkt - Feedback/Threads, kein hartes Pitchen",3.881,https://www.reddit.com/r/VibeCodingSaaS/,https://www.reddit.com/r/VibeCodingSaaS/new/,,Legacy-Seed: Entscheidung neu bewertet; Aktivität bei fehlendem Live-Check nur als Proxy markiert.,SECONDARY,"Potential adjacent signal source, but not efficient enough for primary recurring problem discovery.",DO_NOT_CONTINUOUSLY_SCAN,0
r/beermoney,Side_Hustle_Gig,"Side-Hustler, Gig Worker, Fahrer, Shopper und lokale Plattformarbeiter",SIDE_HUSTLE / GIG_WORKER,EXPANSION_314,BRAUCHEN_TESTEN,B,EXPLORATION,JA,ACTIVE_VERIFIED_2026-09,HIGH,Current /new feed checked via web in Sep 2026,MEDIUM,LOW,"Einnahmen, Plattformprobleme, Routen, Aufträge, Ausgaben, Tracking, Kundenkommunikation, Automatisierung",Sinnvoller Exploration-Pilot; Research-Yield messen.,250,,,,,https://www.reddit.com/r/beermoney/,https://www.reddit.com/r/beermoney/new/,2026-09-18,Current /new feed checked via web in Sep 2026,SECONDARY,"Useful for adjacent trend/tool/market signals, but too broad, hobby-heavy, builder-heavy or promotional for primary pain discovery.",DO_NOT_CONTINUOUSLY_SCAN,0
r/BeerMoneyGlobal,Side_Hustle_Gig,"Side-Hustler, Gig Worker, Fahrer, Shopper und lokale Plattformarbeiter",SIDE_HUSTLE / GIG_WORKER,EXPANSION_314,BRAUCHEN_TESTEN,B,EXPLORATION,JA,ACTIVE_VERIFIED_2026-09,HIGH,Current /new feed checked via web in Sep 2026,MEDIUM,LOW,"Einnahmen, Plattformprobleme, Routen, Aufträge, Ausgaben, Tracking, Kundenkommunikation, Automatisierung",Sinnvoller Exploration-Pilot; Research-Yield messen.,250,,,,,https://www.reddit.com/r/BeerMoneyGlobal/,https://www.reddit.com/r/BeerMoneyGlobal/new/,2026-09-18,Current /new feed checked via web in Sep 2026,SECONDARY,"Useful for adjacent trend/tool/market signals, but too broad, hobby-heavy, builder-heavy or promotional for primary pain discovery.",DO_NOT_CONTINUOUSLY_SCAN,0
r/FurnitureFlipping,Side_Hustle_Gig,Furniture flippers,PRACTITIONER / OWNER / BUYER,NEW_RECHECK_CANDIDATE,PRUEFEN,R,RECHECK,NEIN_BIS_GEPRUEFT,PRUEFEN,LOW,Web check returned unavailable/internal error; existence/activity not safely confirmed.,MEDIUM,LOW,,"Thematisch potenziell sehr wertvoll, aber vor automatischem Scan zuerst Existenz/Aktivität erneut prüfen.",0,,,,,https://www.reddit.com/r/FurnitureFlipping/,https://www.reddit.com/r/FurnitureFlipping/new/,,"Nicht automatisch scannen, bis der Source-Health-Check erfolgreich war.",SECONDARY,Generic side-hustle discussion is too idea/promotion-heavy for primary scanning.,DO_NOT_CONTINUOUSLY_SCAN,0
r/passive_income,Side_Hustle_Gig,"Side-Hustler, Gig Worker, Fahrer, Shopper und lokale Plattformarbeiter",SIDE_HUSTLE / GIG_WORKER,EXPANSION_314,BRAUCHEN_TESTEN,B,EXPLORATION,JA,ACTIVE_VERIFIED_2026-09,HIGH,Current /new feed checked via web in Sep 2026,MEDIUM,LOW,"Einnahmen, Plattformprobleme, Routen, Aufträge, Ausgaben, Tracking, Kundenkommunikation, Automatisierung",Sinnvoller Exploration-Pilot; Research-Yield messen.,250,,,,,https://www.reddit.com/r/passive_income/,https://www.reddit.com/r/passive_income/new/,2026-09-18,Current /new feed checked via web in Sep 2026,SECONDARY,"Useful for adjacent trend/tool/market signals, but too broad, hobby-heavy, builder-heavy or promotional for primary pain discovery.",DO_NOT_CONTINUOUSLY_SCAN,0
r/sidehustle,Side_Hustle_Gig,"Side-Hustler, Gig Worker, Fahrer, Shopper und lokale Plattformarbeiter",SIDE_HUSTLE / GIG_WORKER,EXPANSION_314,BRAUCHEN_TESTEN,B,EXPLORATION,JA,ACTIVE_VERIFIED_2026-09,HIGH,Current /new feed checked via web in Sep 2026,MEDIUM,LOW,"Einnahmen, Plattformprobleme, Routen, Aufträge, Ausgaben, Tracking, Kundenkommunikation, Automatisierung",Sinnvoller Exploration-Pilot; Research-Yield messen.,250,,,,,https://www.reddit.com/r/sidehustle/,https://www.reddit.com/r/sidehustle/new/,2026-09-18,Current /new feed checked via web in Sep 2026,SECONDARY,"Useful for adjacent trend/tool/market signals, but too broad, hobby-heavy, builder-heavy or promotional for primary pain discovery.",DO_NOT_CONTINUOUSLY_SCAN,0
r/Aquascape,Sports_Outdoors_Hobbies,Aquascaping hobbyists,HOBBY / CONSUMER / PROSUMER,NEW_WEB_RESEARCH,HOBBY_PROSUMER,C,HOBBY_PROSUMER,JA_LIGHT,ACTIVE_VERIFIED_2026-09,HIGH,Reddit /new page checked via web research in September 2026.,MEDIUM,LOW,"Planning, livestock/plants, maintenance, shopping","Aktive Hobby-/Prosumer-Community; niedrigeres Budget, aber potenziell gute Tool-/Commerce-Pains.",150,,,,,https://www.reddit.com/r/Aquascape/,https://www.reddit.com/r/Aquascape/new/,2026-09-18,Zusätzlich nach der 314er-Erweiterung gefunden und gegen vorhandene Namen dedupliziert.,SECONDARY,"Potential adjacent signal source, but not efficient enough for primary recurring problem discovery.",DO_NOT_CONTINUOUSLY_SCAN,0
r/Astronomy,Sports_Outdoors_Hobbies,Astronomy hobbyists,HOBBY / CONSUMER / PROSUMER,NEW_WEB_RESEARCH,HOBBY_PROSUMER,C,HOBBY_PROSUMER,JA_LIGHT,ACTIVE_VERIFIED_2026-09,HIGH,Reddit /new page checked via web research in September 2026.,MEDIUM,LOW,"Equipment, observation planning, setup, data","Aktive Hobby-/Prosumer-Community; niedrigeres Budget, aber potenziell gute Tool-/Commerce-Pains.",150,,,,,https://www.reddit.com/r/Astronomy/,https://www.reddit.com/r/Astronomy/new/,2026-09-18,Zusätzlich nach der 314er-Erweiterung gefunden und gegen vorhandene Namen dedupliziert.,SECONDARY,"Potential adjacent signal source, but not efficient enough for primary recurring problem discovery.",DO_NOT_CONTINUOUSLY_SCAN,0
r/boating,Sports_Outdoors_Hobbies,Sport- und Outdoor-Hobbyisten mit hoher Gear-/App-Nutzung,HOBBY_PROSUMER,EXPANSION_314,HOBBY_PROSUMER,C,HOBBY_PROSUMER,JA_LIGHT,ACTIVE_VERIFIED_2026-09,HIGH,Current /new feed checked via web in Sep 2026,HIGH,LOW,"Ausrüstung, Planung, Tracking, Training, Buchung, Daten, Community und Kaufentscheidungen",Hobby-/Prosumer-Quelle; nur leicht scannen und auf Tools/Commerce/Organisation fokussieren.,150,,,,,https://www.reddit.com/r/boating/,https://www.reddit.com/r/boating/new/,2026-09-18,Current /new feed checked via web in Sep 2026,SECONDARY,"Potential adjacent signal source, but not efficient enough for primary recurring problem discovery.",DO_NOT_CONTINUOUSLY_SCAN,0
r/CampingGear,Sports_Outdoors_Hobbies,Sport- und Outdoor-Hobbyisten mit hoher Gear-/App-Nutzung,HOBBY_PROSUMER,EXPANSION_314,HOBBY_PROSUMER,C,HOBBY_PROSUMER,JA_LIGHT,ACTIVE_VERIFIED_2026-09,HIGH,Current /new feed checked via web in Sep 2026,HIGH,LOW,"Ausrüstung, Planung, Tracking, Training, Buchung, Daten, Community und Kaufentscheidungen",Hobby-/Prosumer-Quelle; nur leicht scannen und auf Tools/Commerce/Organisation fokussieren.,150,,,,,https://www.reddit.com/r/CampingGear/,https://www.reddit.com/r/CampingGear/new/,2026-09-18,Current /new feed checked via web in Sep 2026,SECONDARY,"Potential adjacent signal source, but not efficient enough for primary recurring problem discovery.",DO_NOT_CONTINUOUSLY_SCAN,0
r/discgolf,Sports_Outdoors_Hobbies,Sport- und Outdoor-Hobbyisten mit hoher Gear-/App-Nutzung,HOBBY_PROSUMER,EXPANSION_314,HOBBY_PROSUMER,C,HOBBY_PROSUMER,JA_LIGHT,ACTIVE_VERIFIED_2026-09,HIGH,Current /new feed checked via web in Sep 2026,HIGH,LOW,"Ausrüstung, Planung, Tracking, Training, Buchung, Daten, Community und Kaufentscheidungen",Hobby-/Prosumer-Quelle; nur leicht scannen und auf Tools/Commerce/Organisation fokussieren.,150,,,,,https://www.reddit.com/r/discgolf/,https://www.reddit.com/r/discgolf/new/,2026-09-18,Current /new feed checked via web in Sep 2026,SECONDARY,"Potential adjacent signal source, but not efficient enough for primary recurring problem discovery.",DO_NOT_CONTINUOUSLY_SCAN,0
r/flyfishing,Sports_Outdoors_Hobbies,Sport- und Outdoor-Hobbyisten mit hoher Gear-/App-Nutzung,HOBBY_PROSUMER,EXPANSION_314,HOBBY_PROSUMER,C,HOBBY_PROSUMER,JA_LIGHT,ACTIVE_VERIFIED_2026-09,HIGH,Current /new feed checked via web in Sep 2026,HIGH,LOW,"Ausrüstung, Planung, Tracking, Training, Buchung, Daten, Community und Kaufentscheidungen",Hobby-/Prosumer-Quelle; nur leicht scannen und auf Tools/Commerce/Organisation fokussieren.,150,,,,,https://www.reddit.com/r/flyfishing/,https://www.reddit.com/r/flyfishing/new/,2026-09-18,Current /new feed checked via web in Sep 2026,SECONDARY,"Potential adjacent signal source, but not efficient enough for primary recurring problem discovery.",DO_NOT_CONTINUOUSLY_SCAN,0
r/golf,Sports_Outdoors_Hobbies,Sport- und Outdoor-Hobbyisten mit hoher Gear-/App-Nutzung,HOBBY_PROSUMER,EXPANSION_314,HOBBY_PROSUMER,C,HOBBY_PROSUMER,JA_LIGHT,ACTIVE_VERIFIED_2026-09,HIGH,Current /new feed checked via web in Sep 2026,HIGH,LOW,"Ausrüstung, Planung, Tracking, Training, Buchung, Daten, Community und Kaufentscheidungen",Hobby-/Prosumer-Quelle; nur leicht scannen und auf Tools/Commerce/Organisation fokussieren.,150,,,,,https://www.reddit.com/r/golf/,https://www.reddit.com/r/golf/new/,2026-09-18,Current /new feed checked via web in Sep 2026,SECONDARY,"Potential adjacent signal source, but not efficient enough for primary recurring problem discovery.",DO_NOT_CONTINUOUSLY_SCAN,0
r/Kayaking,Sports_Outdoors_Hobbies,Sport- und Outdoor-Hobbyisten mit hoher Gear-/App-Nutzung,HOBBY_PROSUMER,EXPANSION_314,HOBBY_PROSUMER,C,HOBBY_PROSUMER,JA_LIGHT,ACTIVE_VERIFIED_2026-09,HIGH,Current /new feed checked via web in Sep 2026,HIGH,LOW,"Ausrüstung, Planung, Tracking, Training, Buchung, Daten, Community und Kaufentscheidungen",Hobby-/Prosumer-Quelle; nur leicht scannen und auf Tools/Commerce/Organisation fokussieren.,150,,,,,https://www.reddit.com/r/Kayaking/,https://www.reddit.com/r/Kayaking/new/,2026-09-18,Current /new feed checked via web in Sep 2026,SECONDARY,"Potential adjacent signal source, but not efficient enough for primary recurring problem discovery.",DO_NOT_CONTINUOUSLY_SCAN,0
r/overlanding,Sports_Outdoors_Hobbies,Sport- und Outdoor-Hobbyisten mit hoher Gear-/App-Nutzung,HOBBY_PROSUMER,EXPANSION_314,HOBBY_PROSUMER,C,HOBBY_PROSUMER,JA_LIGHT,ACTIVE_VERIFIED_2026-09,HIGH,Current /new feed checked via web in Sep 2026,HIGH,LOW,"Ausrüstung, Planung, Tracking, Training, Buchung, Daten, Community und Kaufentscheidungen",Hobby-/Prosumer-Quelle; nur leicht scannen und auf Tools/Commerce/Organisation fokussieren.,150,,,,,https://www.reddit.com/r/overlanding/,https://www.reddit.com/r/overlanding/new/,2026-09-18,Current /new feed checked via web in Sep 2026,SECONDARY,"Potential adjacent signal source, but not efficient enough for primary recurring problem discovery.",DO_NOT_CONTINUOUSLY_SCAN,0
r/pickleball,Sports_Outdoors_Hobbies,Sport- und Outdoor-Hobbyisten mit hoher Gear-/App-Nutzung,HOBBY_PROSUMER,EXPANSION_314,HOBBY_PROSUMER,C,HOBBY_PROSUMER,JA_LIGHT,ACTIVE_VERIFIED_2026-09,HIGH,Current /new feed checked via web in Sep 2026,HIGH,LOW,"Ausrüstung, Planung, Tracking, Training, Buchung, Daten, Community und Kaufentscheidungen",Hobby-/Prosumer-Quelle; nur leicht scannen und auf Tools/Commerce/Organisation fokussieren.,150,,,,,https://www.reddit.com/r/pickleball/,https://www.reddit.com/r/pickleball/new/,2026-09-18,Current /new feed checked via web in Sep 2026,SECONDARY,"Potential adjacent signal source, but not efficient enough for primary recurring problem discovery.",DO_NOT_CONTINUOUSLY_SCAN,0
r/RVLiving,Sports_Outdoors_Hobbies,Sport- und Outdoor-Hobbyisten mit hoher Gear-/App-Nutzung,HOBBY_PROSUMER,EXPANSION_314,HOBBY_PROSUMER,C,HOBBY_PROSUMER,JA_LIGHT,ACTIVE_VERIFIED_2026-09,HIGH,Current /new feed checked via web in Sep 2026,HIGH,LOW,"Ausrüstung, Planung, Tracking, Training, Buchung, Daten, Community und Kaufentscheidungen",Hobby-/Prosumer-Quelle; nur leicht scannen und auf Tools/Commerce/Organisation fokussieren.,150,,,,,https://www.reddit.com/r/RVLiving/,https://www.reddit.com/r/RVLiving/new/,2026-09-18,Current /new feed checked via web in Sep 2026,SECONDARY,"Potential adjacent signal source, but not efficient enough for primary recurring problem discovery.",DO_NOT_CONTINUOUSLY_SCAN,0
r/Sailing,Sports_Outdoors_Hobbies,Sport- und Outdoor-Hobbyisten mit hoher Gear-/App-Nutzung,HOBBY_PROSUMER,EXPANSION_314,HOBBY_PROSUMER,C,HOBBY_PROSUMER,JA_LIGHT,ACTIVE_VERIFIED_2026-09,HIGH,Current /new feed checked via web in Sep 2026,HIGH,LOW,"Ausrüstung, Planung, Tracking, Training, Buchung, Daten, Community und Kaufentscheidungen",Hobby-/Prosumer-Quelle; nur leicht scannen und auf Tools/Commerce/Organisation fokussieren.,150,,,,,https://www.reddit.com/r/Sailing/,https://www.reddit.com/r/Sailing/new/,2026-09-18,Current /new feed checked via web in Sep 2026,SECONDARY,"Potential adjacent signal source, but not efficient enough for primary recurring problem discovery.",DO_NOT_CONTINUOUSLY_SCAN,0
r/skiing,Sports_Outdoors_Hobbies,Sport- und Outdoor-Hobbyisten mit hoher Gear-/App-Nutzung,HOBBY_PROSUMER,EXPANSION_314,HOBBY_PROSUMER,C,HOBBY_PROSUMER,JA_LIGHT,ACTIVE_VERIFIED_2026-09,HIGH,Current /new feed checked via web in Sep 2026,HIGH,LOW,"Ausrüstung, Planung, Tracking, Training, Buchung, Daten, Community und Kaufentscheidungen",Hobby-/Prosumer-Quelle; nur leicht scannen und auf Tools/Commerce/Organisation fokussieren.,150,,,,,https://www.reddit.com/r/skiing/,https://www.reddit.com/r/skiing/new/,2026-09-18,Current /new feed checked via web in Sep 2026,SECONDARY,"Potential adjacent signal source, but not efficient enough for primary recurring problem discovery.",DO_NOT_CONTINUOUSLY_SCAN,0
r/snowboarding,Sports_Outdoors_Hobbies,Sport- und Outdoor-Hobbyisten mit hoher Gear-/App-Nutzung,HOBBY_PROSUMER,EXPANSION_314,HOBBY_PROSUMER,C,HOBBY_PROSUMER,JA_LIGHT,ACTIVE_VERIFIED_2026-09,HIGH,Current /new feed checked via web in Sep 2026,HIGH,LOW,"Ausrüstung, Planung, Tracking, Training, Buchung, Daten, Community und Kaufentscheidungen",Hobby-/Prosumer-Quelle; nur leicht scannen und auf Tools/Commerce/Organisation fokussieren.,150,,,,,https://www.reddit.com/r/snowboarding/,https://www.reddit.com/r/snowboarding/new/,2026-09-18,Current /new feed checked via web in Sep 2026,SECONDARY,"Potential adjacent signal source, but not efficient enough for primary recurring problem discovery.",DO_NOT_CONTINUOUSLY_SCAN,0
r/Swimming,Sports_Outdoors_Hobbies,Sport- und Outdoor-Hobbyisten mit hoher Gear-/App-Nutzung,HOBBY_PROSUMER,EXPANSION_314,HOBBY_PROSUMER,C,HOBBY_PROSUMER,JA_LIGHT,ACTIVE_VERIFIED_2026-09,HIGH,Current /new feed checked via web in Sep 2026,HIGH,LOW,"Ausrüstung, Planung, Tracking, Training, Buchung, Daten, Community und Kaufentscheidungen",Hobby-/Prosumer-Quelle; nur leicht scannen und auf Tools/Commerce/Organisation fokussieren.,150,,,,,https://www.reddit.com/r/Swimming/,https://www.reddit.com/r/Swimming/new/,2026-09-18,Current /new feed checked via web in Sep 2026,SECONDARY,"Potential adjacent signal source, but not efficient enough for primary recurring problem discovery.",DO_NOT_CONTINUOUSLY_SCAN,0
r/tennis,Sports_Outdoors_Hobbies,Sport- und Outdoor-Hobbyisten mit hoher Gear-/App-Nutzung,HOBBY_PROSUMER,EXPANSION_314,HOBBY_PROSUMER,C,HOBBY_PROSUMER,JA_LIGHT,ACTIVE_VERIFIED_2026-09,HIGH,Current /new feed checked via web in Sep 2026,HIGH,LOW,"Ausrüstung, Planung, Tracking, Training, Buchung, Daten, Community und Kaufentscheidungen",Hobby-/Prosumer-Quelle; nur leicht scannen und auf Tools/Commerce/Organisation fokussieren.,150,,,,,https://www.reddit.com/r/tennis/,https://www.reddit.com/r/tennis/new/,2026-09-18,Current /new feed checked via web in Sep 2026,SECONDARY,"Potential adjacent signal source, but not efficient enough for primary recurring problem discovery.",DO_NOT_CONTINUOUSLY_SCAN,0
r/trailrunning,Sports_Outdoors_Hobbies,Sport- und Outdoor-Hobbyisten mit hoher Gear-/App-Nutzung,HOBBY_PROSUMER,EXPANSION_314,HOBBY_PROSUMER,C,HOBBY_PROSUMER,JA_LIGHT,ACTIVE_VERIFIED_2026-09,HIGH,Current /new feed checked via web in Sep 2026,HIGH,LOW,"Ausrüstung, Planung, Tracking, Training, Buchung, Daten, Community und Kaufentscheidungen",Hobby-/Prosumer-Quelle; nur leicht scannen und auf Tools/Commerce/Organisation fokussieren.,150,,,,,https://www.reddit.com/r/trailrunning/,https://www.reddit.com/r/trailrunning/new/,2026-09-18,Current /new feed checked via web in Sep 2026,SECONDARY,"Potential adjacent signal source, but not efficient enough for primary recurring problem discovery.",DO_NOT_CONTINUOUSLY_SCAN,0
r/Ultralight,Sports_Outdoors_Hobbies,Sport- und Outdoor-Hobbyisten mit hoher Gear-/App-Nutzung,HOBBY_PROSUMER,EXPANSION_314,HOBBY_PROSUMER,C,HOBBY_PROSUMER,JA_LIGHT,ACTIVE_VERIFIED_2026-09,HIGH,Current /new feed checked via web in Sep 2026,HIGH,LOW,"Ausrüstung, Planung, Tracking, Training, Buchung, Daten, Community und Kaufentscheidungen",Hobby-/Prosumer-Quelle; nur leicht scannen und auf Tools/Commerce/Organisation fokussieren.,150,,,,,https://www.reddit.com/r/Ultralight/,https://www.reddit.com/r/Ultralight/new/,2026-09-18,Current /new feed checked via web in Sep 2026,SECONDARY,"Potential adjacent signal source, but not efficient enough for primary recurring problem discovery.",DO_NOT_CONTINUOUSLY_SCAN,0
r/vandwellers,Sports_Outdoors_Hobbies,Sport- und Outdoor-Hobbyisten mit hoher Gear-/App-Nutzung,HOBBY_PROSUMER,EXPANSION_314,HOBBY_PROSUMER,C,HOBBY_PROSUMER,JA_LIGHT,ACTIVE_VERIFIED_2026-09,HIGH,Current /new feed checked via web in Sep 2026,HIGH,LOW,"Ausrüstung, Planung, Tracking, Training, Buchung, Daten, Community und Kaufentscheidungen",Hobby-/Prosumer-Quelle; nur leicht scannen und auf Tools/Commerce/Organisation fokussieren.,150,,,,,https://www.reddit.com/r/vandwellers/,https://www.reddit.com/r/vandwellers/new/,2026-09-18,Current /new feed checked via web in Sep 2026,SECONDARY,"Potential adjacent signal source, but not efficient enough for primary recurring problem discovery.",DO_NOT_CONTINUOUSLY_SCAN,0
r/android,Tech_Gadgets,"Tech-/Gadget-Fans, Maker",MIXED,LEGACY_647,HOBBY_PROSUMER,C,HOBBY_PROSUMER,NEIN_BIS_GEPRUEFT,PRUEFEN,LOW,Keine verwertbaren Aktivitätsmetriken in der gelieferten Legacy-Datei.,MEDIUM,LOW,,"Aktive Hobby-/Prosumer-Zielgruppe; interessant für Tools, Commerce, Organisation und Side-Hustles, aber geringere B2B-Priorität.",150,,,Streng - tw. Empfehlung,1.8,https://www.reddit.com/r/android/,https://www.reddit.com/r/android/new/,,Legacy-Seed: Entscheidung neu bewertet; Aktivität bei fehlendem Live-Check nur als Proxy markiert.,SECONDARY,"Potential adjacent signal source, but not efficient enough for primary recurring problem discovery.",DO_NOT_CONTINUOUSLY_SCAN,0
r/apple,Tech_Gadgets,"Tech-/Gadget-Fans, Maker",MIXED,LEGACY_647,HOBBY_PROSUMER,C,HOBBY_PROSUMER,NEIN_BIS_GEPRUEFT,PRUEFEN,LOW,Keine verwertbaren Aktivitätsmetriken in der gelieferten Legacy-Datei.,MEDIUM,LOW,,"Aktive Hobby-/Prosumer-Zielgruppe; interessant für Tools, Commerce, Organisation und Side-Hustles, aber geringere B2B-Priorität.",150,,,Streng - tw. Empfehlung,1.8,https://www.reddit.com/r/apple/,https://www.reddit.com/r/apple/new/,,Legacy-Seed: Entscheidung neu bewertet; Aktivität bei fehlendem Live-Check nur als Proxy markiert.,SECONDARY,"Potential adjacent signal source, but not efficient enough for primary recurring problem discovery.",DO_NOT_CONTINUOUSLY_SCAN,0
r/arduino,Tech_Gadgets,"Tech-/Gadget-Fans, Maker",MIXED,LEGACY_647,HOBBY_PROSUMER,C,HOBBY_PROSUMER,NEIN_BIS_GEPRUEFT,PRUEFEN,LOW,Keine verwertbaren Aktivitätsmetriken in der gelieferten Legacy-Datei.,MEDIUM,LOW,,"Aktive Hobby-/Prosumer-Zielgruppe; interessant für Tools, Commerce, Organisation und Side-Hustles, aber geringere B2B-Priorität.",150,,,Streng - tw. Empfehlung,1.8,https://www.reddit.com/r/arduino/,https://www.reddit.com/r/arduino/new/,,Legacy-Seed: Entscheidung neu bewertet; Aktivität bei fehlendem Live-Check nur als Proxy markiert.,SECONDARY,"Potential adjacent signal source, but not efficient enough for primary recurring problem discovery.",DO_NOT_CONTINUOUSLY_SCAN,0
r/buildapc,Tech_Gadgets,"Tech-/Gadget-Fans, Maker",MIXED,LEGACY_647,HOBBY_PROSUMER,C,HOBBY_PROSUMER,NEIN_BIS_GEPRUEFT,PRUEFEN,LOW,Keine verwertbaren Aktivitätsmetriken in der gelieferten Legacy-Datei.,MEDIUM,LOW,,"Aktive Hobby-/Prosumer-Zielgruppe; interessant für Tools, Commerce, Organisation und Side-Hustles, aber geringere B2B-Priorität.",150,,,Streng - tw. Empfehlung,1.8,https://www.reddit.com/r/buildapc/,https://www.reddit.com/r/buildapc/new/,,Legacy-Seed: Entscheidung neu bewertet; Aktivität bei fehlendem Live-Check nur als Proxy markiert.,SECONDARY,"Potential adjacent signal source, but not efficient enough for primary recurring problem discovery.",DO_NOT_CONTINUOUSLY_SCAN,0
r/gadgets,Tech_Gadgets,"Tech-/Gadget-Fans, Maker",MIXED,LEGACY_647,HOBBY_PROSUMER,C,HOBBY_PROSUMER,NEIN_BIS_GEPRUEFT,PRUEFEN,LOW,Keine verwertbaren Aktivitätsmetriken in der gelieferten Legacy-Datei.,MEDIUM,LOW,,"Aktive Hobby-/Prosumer-Zielgruppe; interessant für Tools, Commerce, Organisation und Side-Hustles, aber geringere B2B-Priorität.",150,,,Streng - tw. Empfehlung,1.8,https://www.reddit.com/r/gadgets/,https://www.reddit.com/r/gadgets/new/,,Legacy-Seed: Entscheidung neu bewertet; Aktivität bei fehlendem Live-Check nur als Proxy markiert.,SECONDARY,"Potential adjacent signal source, but not efficient enough for primary recurring problem discovery.",DO_NOT_CONTINUOUSLY_SCAN,0
r/hardware,Tech_Gadgets,"Tech-/Gadget-Fans, Maker",MIXED,LEGACY_647,HOBBY_PROSUMER,C,HOBBY_PROSUMER,NEIN_BIS_GEPRUEFT,PRUEFEN,LOW,Keine verwertbaren Aktivitätsmetriken in der gelieferten Legacy-Datei.,MEDIUM,LOW,,"Aktive Hobby-/Prosumer-Zielgruppe; interessant für Tools, Commerce, Organisation und Side-Hustles, aber geringere B2B-Priorität.",150,,,Streng - tw. Empfehlung,1.8,https://www.reddit.com/r/hardware/,https://www.reddit.com/r/hardware/new/,,Legacy-Seed: Entscheidung neu bewertet; Aktivität bei fehlendem Live-Check nur als Proxy markiert.,SECONDARY,"Potential adjacent signal source, but not efficient enough for primary recurring problem discovery.",DO_NOT_CONTINUOUSLY_SCAN,0
r/raspberry_pi,Tech_Gadgets,"Tech-/Gadget-Fans, Maker",MIXED,LEGACY_647,HOBBY_PROSUMER,C,HOBBY_PROSUMER,NEIN_BIS_GEPRUEFT,PRUEFEN,LOW,Keine verwertbaren Aktivitätsmetriken in der gelieferten Legacy-Datei.,MEDIUM,LOW,,"Aktive Hobby-/Prosumer-Zielgruppe; interessant für Tools, Commerce, Organisation und Side-Hustles, aber geringere B2B-Priorität.",150,,,Streng - tw. Empfehlung,1.8,https://www.reddit.com/r/raspberry_pi/,https://www.reddit.com/r/raspberry_pi/new/,,Legacy-Seed: Entscheidung neu bewertet; Aktivität bei fehlendem Live-Check nur als Proxy markiert.,SECONDARY,"Potential adjacent signal source, but not efficient enough for primary recurring problem discovery.",DO_NOT_CONTINUOUSLY_SCAN,0
r/drones,Tech_Hobbies_Makers,"Elektronik-, Netzwerk-, FPV- und Maker-Hobbyisten",HOBBY_PROSUMER / TECHNICAL,EXPANSION_314,BRAUCHEN_TESTEN,B,EXPLORATION,JA,ACTIVE_VERIFIED_2026-09,HIGH,Current /new feed checked via web in Sep 2026,HIGH,LOW,"Setup, Kompatibilität, Konfiguration, Automatisierung, Hardware/Software-Friktion",Sinnvoller Exploration-Pilot; Research-Yield messen.,250,,,,,https://www.reddit.com/r/drones/,https://www.reddit.com/r/drones/new/,2026-09-18,Current /new feed checked via web in Sep 2026,SECONDARY,"Potential adjacent signal source, but not efficient enough for primary recurring problem discovery.",DO_NOT_CONTINUOUSLY_SCAN,0
r/FPV,Tech_Hobbies_Makers,"Elektronik-, Netzwerk-, FPV- und Maker-Hobbyisten",HOBBY_PROSUMER / TECHNICAL,EXPANSION_314,BRAUCHEN_TESTEN,B,EXPLORATION,JA,ACTIVE_VERIFIED_2026-09,HIGH,Current /new feed checked via web in Sep 2026,HIGH,LOW,"Setup, Kompatibilität, Konfiguration, Automatisierung, Hardware/Software-Friktion",Sinnvoller Exploration-Pilot; Research-Yield messen.,250,,,,,https://www.reddit.com/r/FPV/,https://www.reddit.com/r/FPV/new/,2026-09-18,Current /new feed checked via web in Sep 2026,SECONDARY,"Potential adjacent signal source, but not efficient enough for primary recurring problem discovery.",DO_NOT_CONTINUOUSLY_SCAN,0
r/AirBnB,Travel_Prosumer,"Vielreisende, Van-/RV-Nutzer und Travel Hacker",HOBBY_PROSUMER / TRAVEL,EXPANSION_314,HOBBY_PROSUMER,C,HOBBY_PROSUMER,JA_LIGHT,ACTIVE_VERIFIED_2026-09,HIGH,Current /new feed checked via web in Sep 2026,HIGH,LOW,"Planung, Buchung, Gepäck, Punkte, Kosten, Routen, Unterkunft und wiederkehrende Reise-Workflows",Hobby-/Prosumer-Quelle; nur leicht scannen und auf Tools/Commerce/Organisation fokussieren.,150,,,,,https://www.reddit.com/r/AirBnB/,https://www.reddit.com/r/AirBnB/new/,2026-09-18,Current /new feed checked via web in Sep 2026,SECONDARY,"Potential adjacent signal source, but not efficient enough for primary recurring problem discovery.",DO_NOT_CONTINUOUSLY_SCAN,0
r/awardtravel,Travel_Prosumer,"Vielreisende, Van-/RV-Nutzer und Travel Hacker",HOBBY_PROSUMER / TRAVEL,EXPANSION_314,HOBBY_PROSUMER,C,HOBBY_PROSUMER,JA_LIGHT,ACTIVE_VERIFIED_2026-09,HIGH,Current /new feed checked via web in Sep 2026,HIGH,LOW,"Planung, Buchung, Gepäck, Punkte, Kosten, Routen, Unterkunft und wiederkehrende Reise-Workflows",Hobby-/Prosumer-Quelle; nur leicht scannen und auf Tools/Commerce/Organisation fokussieren.,150,,,,,https://www.reddit.com/r/awardtravel/,https://www.reddit.com/r/awardtravel/new/,2026-09-18,Current /new feed checked via web in Sep 2026,SECONDARY,"Potential adjacent signal source, but not efficient enough for primary recurring problem discovery.",DO_NOT_CONTINUOUSLY_SCAN,0
r/onebag,Travel_Prosumer,"Vielreisende, Van-/RV-Nutzer und Travel Hacker",HOBBY_PROSUMER / TRAVEL,EXPANSION_314,HOBBY_PROSUMER,C,HOBBY_PROSUMER,JA_LIGHT,ACTIVE_VERIFIED_2026-09,HIGH,Current /new feed checked via web in Sep 2026,HIGH,LOW,"Planung, Buchung, Gepäck, Punkte, Kosten, Routen, Unterkunft und wiederkehrende Reise-Workflows",Hobby-/Prosumer-Quelle; nur leicht scannen und auf Tools/Commerce/Organisation fokussieren.,150,,,,,https://www.reddit.com/r/onebag/,https://www.reddit.com/r/onebag/new/,2026-09-18,Current /new feed checked via web in Sep 2026,SECONDARY,"Potential adjacent signal source, but not efficient enough for primary recurring problem discovery.",DO_NOT_CONTINUOUSLY_SCAN,0
r/TravelHacks,Travel_Prosumer,"Vielreisende, Van-/RV-Nutzer und Travel Hacker",HOBBY_PROSUMER / TRAVEL,EXPANSION_314,HOBBY_PROSUMER,C,HOBBY_PROSUMER,JA_LIGHT,ACTIVE_VERIFIED_2026-09,HIGH,Current /new feed checked via web in Sep 2026,HIGH,LOW,"Planung, Buchung, Gepäck, Punkte, Kosten, Routen, Unterkunft und wiederkehrende Reise-Workflows",Hobby-/Prosumer-Quelle; nur leicht scannen und auf Tools/Commerce/Organisation fokussieren.,150,,,,,https://www.reddit.com/r/TravelHacks/,https://www.reddit.com/r/TravelHacks/new/,2026-09-18,Current /new feed checked via web in Sep 2026,SECONDARY,"Potential adjacent signal source, but not efficient enough for primary recurring problem discovery.",DO_NOT_CONTINUOUSLY_SCAN,0
r/VanLife,Travel_Prosumer,"Vielreisende, Van-/RV-Nutzer und Travel Hacker",HOBBY_PROSUMER / TRAVEL,EXPANSION_314,HOBBY_PROSUMER,C,HOBBY_PROSUMER,JA_LIGHT,ACTIVE_VERIFIED_2026-09,HIGH,Current /new feed checked via web in Sep 2026,HIGH,LOW,"Planung, Buchung, Gepäck, Punkte, Kosten, Routen, Unterkunft und wiederkehrende Reise-Workflows",Hobby-/Prosumer-Quelle; nur leicht scannen und auf Tools/Commerce/Organisation fokussieren.,150,,,,,https://www.reddit.com/r/VanLife/,https://www.reddit.com/r/VanLife/new/,2026-09-18,Current /new feed checked via web in Sep 2026,SECONDARY,"Potential adjacent signal source, but not efficient enough for primary recurring problem discovery.",DO_NOT_CONTINUOUSLY_SCAN,0
r/editing,Video_YouTube,"YouTuber, Video-Editoren",MIXED,LEGACY_647,BRAUCHEN_TESTEN,B,EXPLORATION,JA,WAHRSCHEINLICH_AKTIV_PROXY,MEDIUM,Aktivität aus gelieferten Mitglieder-/Wachstumsdaten abgeleitet; nicht live verifiziert.,HIGH,LOW,,"Beruf/Prosumer-Mix; sinnvoller Pilot, tatsächlicher Research-Yield muss gemessen werden.",250,55000,9000,Eingeschraenkt - tw. Promo-Subs,3.916,https://www.reddit.com/r/editing/,https://www.reddit.com/r/editing/new/,,Legacy-Seed: Entscheidung neu bewertet; Aktivität bei fehlendem Live-Check nur als Proxy markiert.,SECONDARY,"Creator/design community is relevant but often dominated by craft, portfolio or platform discussion.",DO_NOT_CONTINUOUSLY_SCAN,0
r/editors,Video_YouTube,"YouTuber, Video-Editoren",MIXED,LEGACY_647,BRAUCHEN_TESTEN,B,EXPLORATION,JA,WAHRSCHEINLICH_AKTIV_PROXY,MEDIUM,Aktivität aus gelieferten Mitglieder-/Wachstumsdaten abgeleitet; nicht live verifiziert.,HIGH,LOW,,"Beruf/Prosumer-Mix; sinnvoller Pilot, tatsächlicher Research-Yield muss gemessen werden.",250,188000,31000,Eingeschraenkt - tw. Promo-Subs,4.34,https://www.reddit.com/r/editors/,https://www.reddit.com/r/editors/new/,,Legacy-Seed: Entscheidung neu bewertet; Aktivität bei fehlendem Live-Check nur als Proxy markiert.,SECONDARY,"Creator/design community is relevant but often dominated by craft, portfolio or platform discussion.",DO_NOT_CONTINUOUSLY_SCAN,0
r/Filmmakers,Video_YouTube,"YouTuber, Video-Editoren",MIXED,LEGACY_647,BRAUCHEN_TESTEN,B,EXPLORATION,NEIN_BIS_GEPRUEFT,PRUEFEN,LOW,Keine verwertbaren Aktivitätsmetriken in der gelieferten Legacy-Datei.,HIGH,LOW,,"Beruf/Prosumer-Mix; sinnvoller Pilot, tatsächlicher Research-Yield muss gemessen werden.",250,,,Eingeschraenkt - tw. Promo-Subs,2.4,https://www.reddit.com/r/Filmmakers/,https://www.reddit.com/r/Filmmakers/new/,,Legacy-Seed: Entscheidung neu bewertet; Aktivität bei fehlendem Live-Check nur als Proxy markiert.,SECONDARY,"Creator/design community is relevant but often dominated by craft, portfolio or platform discussion.",DO_NOT_CONTINUOUSLY_SCAN,0
r/finalcutpro,Video_YouTube,"YouTuber, Video-Editoren",MIXED,LEGACY_647,BRAUCHEN_TESTEN,B,EXPLORATION,JA,WAHRSCHEINLICH_AKTIV_PROXY,MEDIUM,Aktivität aus gelieferten Mitglieder-/Wachstumsdaten abgeleitet; nicht live verifiziert.,HIGH,LOW,,"Beruf/Prosumer-Mix; sinnvoller Pilot, tatsächlicher Research-Yield muss gemessen werden.",250,40000,9000,Eingeschraenkt - tw. Promo-Subs,3.852,https://www.reddit.com/r/finalcutpro/,https://www.reddit.com/r/finalcutpro/new/,,Legacy-Seed: Entscheidung neu bewertet; Aktivität bei fehlendem Live-Check nur als Proxy markiert.,SECONDARY,"Creator/design community is relevant but often dominated by craft, portfolio or platform discussion.",DO_NOT_CONTINUOUSLY_SCAN,0
r/gopro,Video_YouTube,"YouTuber, Video-Editoren",MIXED,LEGACY_647,BRAUCHEN_TESTEN,B,EXPLORATION,JA,WAHRSCHEINLICH_AKTIV_PROXY,MEDIUM,Aktivität aus gelieferten Mitglieder-/Wachstumsdaten abgeleitet; nicht live verifiziert.,HIGH,LOW,,"Beruf/Prosumer-Mix; sinnvoller Pilot, tatsächlicher Research-Yield muss gemessen werden.",250,190000,12000,Eingeschraenkt - tw. Promo-Subs,4.27,https://www.reddit.com/r/gopro/,https://www.reddit.com/r/gopro/new/,,Legacy-Seed: Entscheidung neu bewertet; Aktivität bei fehlendem Live-Check nur als Proxy markiert.,SECONDARY,"Creator/design community is relevant but often dominated by craft, portfolio or platform discussion.",DO_NOT_CONTINUOUSLY_SCAN,0
r/iMovie,Video_YouTube,"YouTuber, Video-Editoren",MIXED,LEGACY_647,BRAUCHEN_TESTEN,B,EXPLORATION,JA,AKTIV_NISCHE_PROXY,MEDIUM,Kleinere/nischige Community laut Legacy-Daten; vor großem Scan live prüfen.,HIGH,LOW,,"Beruf/Prosumer-Mix; sinnvoller Pilot, tatsächlicher Research-Yield muss gemessen werden.",250,5000,,Eingeschraenkt - tw. Promo-Subs,3.023,https://www.reddit.com/r/iMovie/,https://www.reddit.com/r/iMovie/new/,,Legacy-Seed: Entscheidung neu bewertet; Aktivität bei fehlendem Live-Check nur als Proxy markiert.,SECONDARY,"Creator/design community is relevant but often dominated by craft, portfolio or platform discussion.",DO_NOT_CONTINUOUSLY_SCAN,0
r/NewTubers,Video_YouTube,"YouTuber, Video-Editoren",MIXED,LEGACY_647,BRAUCHEN_TESTEN,B,EXPLORATION,JA,WAHRSCHEINLICH_AKTIV_PROXY,MEDIUM,Aktivität aus gelieferten Mitglieder-/Wachstumsdaten abgeleitet; nicht live verifiziert.,HIGH,LOW,,"Beruf/Prosumer-Mix; sinnvoller Pilot, tatsächlicher Research-Yield muss gemessen werden.",250,686000,163000,Eingeschraenkt - tw. Promo-Subs,4.841,https://www.reddit.com/r/NewTubers/,https://www.reddit.com/r/NewTubers/new/,,Legacy-Seed: Entscheidung neu bewertet; Aktivität bei fehlendem Live-Check nur als Proxy markiert.,SECONDARY,"Creator/design community is relevant but often dominated by craft, portfolio or platform discussion.",DO_NOT_CONTINUOUSLY_SCAN,0
r/postproduction,Video_YouTube,"YouTuber, Video-Editoren",MIXED,LEGACY_647,BRAUCHEN_TESTEN,B,EXPLORATION,JA,AKTIV_NISCHE_PROXY,MEDIUM,Kleinere/nischige Community laut Legacy-Daten; vor großem Scan live prüfen.,HIGH,LOW,,"Beruf/Prosumer-Mix; sinnvoller Pilot, tatsächlicher Research-Yield muss gemessen werden.",250,3000,,Eingeschraenkt - tw. Promo-Subs,2.882,https://www.reddit.com/r/postproduction/,https://www.reddit.com/r/postproduction/new/,,Legacy-Seed: Entscheidung neu bewertet; Aktivität bei fehlendem Live-Check nur als Proxy markiert.,SECONDARY,"Creator/design community is relevant but often dominated by craft, portfolio or platform discussion.",DO_NOT_CONTINUOUSLY_SCAN,0
r/premiere,Video_YouTube,"YouTuber, Video-Editoren",MIXED,LEGACY_647,BRAUCHEN_TESTEN,B,EXPLORATION,JA,WAHRSCHEINLICH_AKTIV_PROXY,MEDIUM,Aktivität aus gelieferten Mitglieder-/Wachstumsdaten abgeleitet; nicht live verifiziert.,HIGH,LOW,,"Beruf/Prosumer-Mix; sinnvoller Pilot, tatsächlicher Research-Yield muss gemessen werden.",250,182000,23000,Eingeschraenkt - tw. Promo-Subs,4.301,https://www.reddit.com/r/premiere/,https://www.reddit.com/r/premiere/new/,,Legacy-Seed: Entscheidung neu bewertet; Aktivität bei fehlendem Live-Check nur als Proxy markiert.,SECONDARY,"Creator/design community is relevant but often dominated by craft, portfolio or platform discussion.",DO_NOT_CONTINUOUSLY_SCAN,0
r/Screenwriting,Video_YouTube,"YouTuber, Video-Editoren",MIXED,LEGACY_647,BRAUCHEN_TESTEN,B,EXPLORATION,NEIN_BIS_GEPRUEFT,PRUEFEN,LOW,Keine verwertbaren Aktivitätsmetriken in der gelieferten Legacy-Datei.,HIGH,LOW,,"Beruf/Prosumer-Mix; sinnvoller Pilot, tatsächlicher Research-Yield muss gemessen werden.",250,,,Eingeschraenkt - tw. Promo-Subs,2.4,https://www.reddit.com/r/Screenwriting/,https://www.reddit.com/r/Screenwriting/new/,,Legacy-Seed: Entscheidung neu bewertet; Aktivität bei fehlendem Live-Check nur als Proxy markiert.,SECONDARY,"Creator/design community is relevant but often dominated by craft, portfolio or platform discussion.",DO_NOT_CONTINUOUSLY_SCAN,0
r/VideoEditors,Video_YouTube,"YouTuber, Video-Editoren",MIXED,LEGACY_647,BRAUCHEN_TESTEN,B,EXPLORATION,JA,WAHRSCHEINLICH_AKTIV_PROXY,MEDIUM,Aktivität aus gelieferten Mitglieder-/Wachstumsdaten abgeleitet; nicht live verifiziert.,HIGH,LOW,,"Beruf/Prosumer-Mix; sinnvoller Pilot, tatsächlicher Research-Yield muss gemessen werden.",250,65000,36000,Eingeschraenkt - tw. Promo-Subs,4.254,https://www.reddit.com/r/VideoEditors/,https://www.reddit.com/r/VideoEditors/new/,,Legacy-Seed: Entscheidung neu bewertet; Aktivität bei fehlendem Live-Check nur als Proxy markiert.,SECONDARY,"Creator/design community is relevant but often dominated by craft, portfolio or platform discussion.",DO_NOT_CONTINUOUSLY_SCAN,0
r/videomaker,Video_YouTube,"YouTuber, Video-Editoren",MIXED,LEGACY_647,BRAUCHEN_TESTEN,B,EXPLORATION,NEIN_BIS_GEPRUEFT,PRUEFEN,LOW,Sehr kleine Community laut Legacy-Daten; vor Scan live prüfen.,HIGH,LOW,,"Beruf/Prosumer-Mix; sinnvoller Pilot, tatsächlicher Research-Yield muss gemessen werden.",250,99,,Eingeschraenkt - tw. Promo-Subs,2.433,https://www.reddit.com/r/videomaker/,https://www.reddit.com/r/videomaker/new/,,Legacy-Seed: Entscheidung neu bewertet; Aktivität bei fehlendem Live-Check nur als Proxy markiert.,SECONDARY,"Creator/design community is relevant but often dominated by craft, portfolio or platform discussion.",DO_NOT_CONTINUOUSLY_SCAN,0
r/youtubers,Video_YouTube,"YouTuber, Video-Editoren",MIXED,LEGACY_647,BRAUCHEN_TESTEN,B,EXPLORATION,JA,WAHRSCHEINLICH_AKTIV_PROXY,MEDIUM,Aktivität aus gelieferten Mitglieder-/Wachstumsdaten abgeleitet; nicht live verifiziert.,HIGH,LOW,,"Beruf/Prosumer-Mix; sinnvoller Pilot, tatsächlicher Research-Yield muss gemessen werden.",250,334000,49000,Eingeschraenkt - tw. Promo-Subs,4.526,https://www.reddit.com/r/youtubers/,https://www.reddit.com/r/youtubers/new/,,Legacy-Seed: Entscheidung neu bewertet; Aktivität bei fehlendem Live-Check nur als Proxy markiert.,SECONDARY,"Creator/design community is relevant but often dominated by craft, portfolio or platform discussion.",DO_NOT_CONTINUOUSLY_SCAN,0
r/Youtubevideo,Video_YouTube,"YouTuber, Video-Editoren",MIXED,LEGACY_647,BRAUCHEN_TESTEN,B,EXPLORATION,JA,AKTIV_NISCHE_PROXY,MEDIUM,Kleinere/nischige Community laut Legacy-Daten; vor großem Scan live prüfen.,HIGH,LOW,,"Beruf/Prosumer-Mix; sinnvoller Pilot, tatsächlicher Research-Yield muss gemessen werden.",250,18000,1000,Eingeschraenkt - tw. Promo-Subs,3.463,https://www.reddit.com/r/Youtubevideo/,https://www.reddit.com/r/Youtubevideo/new/,,Legacy-Seed: Entscheidung neu bewertet; Aktivität bei fehlendem Live-Check nur als Proxy markiert.,SECONDARY,"Creator/design community is relevant but often dominated by craft, portfolio or platform discussion.",DO_NOT_CONTINUOUSLY_SCAN,0
r/youtubeworkshop,Video_YouTube,"YouTuber, Video-Editoren",MIXED,LEGACY_647,BRAUCHEN_TESTEN,B,EXPLORATION,JA,AKTIV_NISCHE_PROXY,MEDIUM,Kleinere/nischige Community laut Legacy-Daten; vor großem Scan live prüfen.,HIGH,LOW,,"Beruf/Prosumer-Mix; sinnvoller Pilot, tatsächlicher Research-Yield muss gemessen werden.",250,5000,,Eingeschraenkt - tw. Promo-Subs,3.023,https://www.reddit.com/r/youtubeworkshop/,https://www.reddit.com/r/youtubeworkshop/new/,,Legacy-Seed: Entscheidung neu bewertet; Aktivität bei fehlendem Live-Check nur als Proxy markiert.,SECONDARY,"Creator/design community is relevant but often dominated by craft, portfolio or platform discussion.",DO_NOT_CONTINUOUSLY_SCAN,0
r/AskEngineers,WebDev_Programming,"Entwickler, Programmierer",MIXED,LEGACY_647,BRAUCHEN_TESTEN,B,EXPLORATION,JA,WAHRSCHEINLICH_AKTIV_PROXY,MEDIUM,Aktivität aus gelieferten Mitglieder-/Wachstumsdaten abgeleitet; nicht live verifiziert.,HIGH,LOW,,"Beruf/Prosumer-Mix; sinnvoller Pilot, tatsächlicher Research-Yield muss gemessen werden.",250,2700000,67000,Streng - Self-Promo limitiert,3.872,https://www.reddit.com/r/AskEngineers/,https://www.reddit.com/r/AskEngineers/new/,,Legacy-Seed: Entscheidung neu bewertet; Aktivität bei fehlendem Live-Check nur als Proxy markiert.,SECONDARY,Broad programming source with substantial learning/debugging content and builder-world overlap.,DO_NOT_CONTINUOUSLY_SCAN,0
r/coding,WebDev_Programming,"Entwickler, Programmierer",MIXED,LEGACY_647,BRAUCHEN_TESTEN,B,EXPLORATION,JA,WAHRSCHEINLICH_AKTIV_PROXY,MEDIUM,Aktivität aus gelieferten Mitglieder-/Wachstumsdaten abgeleitet; nicht live verifiziert.,HIGH,LOW,,"Beruf/Prosumer-Mix; sinnvoller Pilot, tatsächlicher Research-Yield muss gemessen werden.",250,638000,30000,Streng - Self-Promo limitiert,3.509,https://www.reddit.com/r/coding/,https://www.reddit.com/r/coding/new/,,Legacy-Seed: Entscheidung neu bewertet; Aktivität bei fehlendem Live-Check nur als Proxy markiert.,SECONDARY,Broad programming source with substantial learning/debugging content and builder-world overlap.,DO_NOT_CONTINUOUSLY_SCAN,0
r/computerscience,WebDev_Programming,"Entwickler, Programmierer",MIXED,LEGACY_647,BRAUCHEN_TESTEN,B,EXPLORATION,JA,WAHRSCHEINLICH_AKTIV_PROXY,MEDIUM,Aktivität aus gelieferten Mitglieder-/Wachstumsdaten abgeleitet; nicht live verifiziert.,HIGH,LOW,,"Beruf/Prosumer-Mix; sinnvoller Pilot, tatsächlicher Research-Yield muss gemessen werden.",250,506000,57000,Streng - Self-Promo limitiert,3.484,https://www.reddit.com/r/computerscience/,https://www.reddit.com/r/computerscience/new/,,Legacy-Seed: Entscheidung neu bewertet; Aktivität bei fehlendem Live-Check nur als Proxy markiert.,SECONDARY,"Useful for adjacent trend/tool/market signals, but too broad, hobby-heavy, builder-heavy or promotional for primary pain discovery.",DO_NOT_CONTINUOUSLY_SCAN,0
r/cscareerquestions,WebDev_Programming,"Entwickler, Programmierer",MIXED,LEGACY_647,BRAUCHEN_TESTEN,B,EXPLORATION,JA,WAHRSCHEINLICH_AKTIV_PROXY,MEDIUM,Aktivität aus gelieferten Mitglieder-/Wachstumsdaten abgeleitet; nicht live verifiziert.,HIGH,LOW,,"Beruf/Prosumer-Mix; sinnvoller Pilot, tatsächlicher Research-Yield muss gemessen werden.",250,2400000,97000,Streng - Self-Promo limitiert,3.85,https://www.reddit.com/r/cscareerquestions/,https://www.reddit.com/r/cscareerquestions/new/,,Legacy-Seed: Entscheidung neu bewertet; Aktivität bei fehlendem Live-Check nur als Proxy markiert.,SECONDARY,"Useful for adjacent trend/tool/market signals, but too broad, hobby-heavy, builder-heavy or promotional for primary pain discovery.",DO_NOT_CONTINUOUSLY_SCAN,0
r/csharp,WebDev_Programming,"Entwickler, Programmierer",MIXED,LEGACY_647,BRAUCHEN_TESTEN,B,EXPLORATION,JA,WAHRSCHEINLICH_AKTIV_PROXY,MEDIUM,Aktivität aus gelieferten Mitglieder-/Wachstumsdaten abgeleitet; nicht live verifiziert.,HIGH,LOW,,"Beruf/Prosumer-Mix; sinnvoller Pilot, tatsächlicher Research-Yield muss gemessen werden.",250,322000,29000,Streng - Self-Promo limitiert,3.354,https://www.reddit.com/r/csharp/,https://www.reddit.com/r/csharp/new/,,Legacy-Seed: Entscheidung neu bewertet; Aktivität bei fehlendem Live-Check nur als Proxy markiert.,SECONDARY,"Useful for adjacent trend/tool/market signals, but too broad, hobby-heavy, builder-heavy or promotional for primary pain discovery.",DO_NOT_CONTINUOUSLY_SCAN,0
r/Development,WebDev_Programming,"Entwickler, Programmierer",MIXED,LEGACY_647,BRAUCHEN_TESTEN,B,EXPLORATION,JA,WAHRSCHEINLICH_AKTIV_PROXY,MEDIUM,Aktivität aus gelieferten Mitglieder-/Wachstumsdaten abgeleitet; nicht live verifiziert.,HIGH,LOW,,"Beruf/Prosumer-Mix; sinnvoller Pilot, tatsächlicher Research-Yield muss gemessen werden.",250,12000,6000,Streng - Self-Promo limitiert,2.738,https://www.reddit.com/r/Development/,https://www.reddit.com/r/Development/new/,,Legacy-Seed: Entscheidung neu bewertet; Aktivität bei fehlendem Live-Check nur als Proxy markiert.,SECONDARY,Broad programming source with substantial learning/debugging content and builder-world overlap.,DO_NOT_CONTINUOUSLY_SCAN,0
r/django,WebDev_Programming,"Entwickler, Programmierer",MIXED,LEGACY_647,BRAUCHEN_TESTEN,B,EXPLORATION,NEIN_BIS_GEPRUEFT,PRUEFEN,LOW,Keine verwertbaren Aktivitätsmetriken in der gelieferten Legacy-Datei.,HIGH,LOW,,"Beruf/Prosumer-Mix; sinnvoller Pilot, tatsächlicher Research-Yield muss gemessen werden.",250,,,Streng - Self-Promo limitiert,1.8,https://www.reddit.com/r/django/,https://www.reddit.com/r/django/new/,,Legacy-Seed: Entscheidung neu bewertet; Aktivität bei fehlendem Live-Check nur als Proxy markiert.,SECONDARY,Broad programming source with substantial learning/debugging content and builder-world overlap.,DO_NOT_CONTINUOUSLY_SCAN,0
r/dotnet,WebDev_Programming,"Entwickler, Programmierer",MIXED,LEGACY_647,BRAUCHEN_TESTEN,B,EXPLORATION,NEIN_BIS_GEPRUEFT,PRUEFEN,LOW,Keine verwertbaren Aktivitätsmetriken in der gelieferten Legacy-Datei.,HIGH,LOW,,"Beruf/Prosumer-Mix; sinnvoller Pilot, tatsächlicher Research-Yield muss gemessen werden.",250,,,Streng - Self-Promo limitiert,1.8,https://www.reddit.com/r/dotnet/,https://www.reddit.com/r/dotnet/new/,,Legacy-Seed: Entscheidung neu bewertet; Aktivität bei fehlendem Live-Check nur als Proxy markiert.,SECONDARY,Broad programming source with substantial learning/debugging content and builder-world overlap.,DO_NOT_CONTINUOUSLY_SCAN,0
r/elixir,WebDev_Programming,"Entwickler, Programmierer",MIXED,LEGACY_647,BRAUCHEN_TESTEN,B,EXPLORATION,JA,AKTIV_NISCHE_PROXY,MEDIUM,Kleinere/nischige Community laut Legacy-Daten; vor großem Scan live prüfen.,HIGH,LOW,,"Beruf/Prosumer-Mix; sinnvoller Pilot, tatsächlicher Research-Yield muss gemessen werden.",250,39000,,Streng - Self-Promo limitiert,2.761,https://www.reddit.com/r/elixir/,https://www.reddit.com/r/elixir/new/,,Legacy-Seed: Entscheidung neu bewertet; Aktivität bei fehlendem Live-Check nur als Proxy markiert.,SECONDARY,Broad programming source with substantial learning/debugging content and builder-world overlap.,DO_NOT_CONTINUOUSLY_SCAN,0
r/git,WebDev_Programming,"Entwickler, Programmierer",MIXED,LEGACY_647,BRAUCHEN_TESTEN,B,EXPLORATION,NEIN_BIS_GEPRUEFT,PRUEFEN,LOW,Keine verwertbaren Aktivitätsmetriken in der gelieferten Legacy-Datei.,HIGH,LOW,,"Beruf/Prosumer-Mix; sinnvoller Pilot, tatsächlicher Research-Yield muss gemessen werden.",250,,,Streng - Self-Promo limitiert,1.8,https://www.reddit.com/r/git/,https://www.reddit.com/r/git/new/,,Legacy-Seed: Entscheidung neu bewertet; Aktivität bei fehlendem Live-Check nur als Proxy markiert.,SECONDARY,Broad programming source with substantial learning/debugging content and builder-world overlap.,DO_NOT_CONTINUOUSLY_SCAN,0
r/golang,WebDev_Programming,"Entwickler, Programmierer",MIXED,LEGACY_647,BRAUCHEN_TESTEN,B,EXPLORATION,NEIN_BIS_GEPRUEFT,PRUEFEN,LOW,Keine verwertbaren Aktivitätsmetriken in der gelieferten Legacy-Datei.,HIGH,LOW,,"Beruf/Prosumer-Mix; sinnvoller Pilot, tatsächlicher Research-Yield muss gemessen werden.",250,,,Streng - Self-Promo limitiert,1.8,https://www.reddit.com/r/golang/,https://www.reddit.com/r/golang/new/,,Legacy-Seed: Entscheidung neu bewertet; Aktivität bei fehlendem Live-Check nur als Proxy markiert.,SECONDARY,Broad programming source with substantial learning/debugging content and builder-world overlap.,DO_NOT_CONTINUOUSLY_SCAN,0
r/iOSProgramming,WebDev_Programming,"Entwickler, Programmierer",MIXED,LEGACY_647,BRAUCHEN_TESTEN,B,EXPLORATION,JA,WAHRSCHEINLICH_AKTIV_PROXY,MEDIUM,Aktivität aus gelieferten Mitglieder-/Wachstumsdaten abgeleitet; nicht live verifiziert.,HIGH,LOW,,"Beruf/Prosumer-Mix; sinnvoller Pilot, tatsächlicher Research-Yield muss gemessen werden.",250,197000,34000,Streng - Self-Promo limitiert,3.271,https://www.reddit.com/r/iOSProgramming/,https://www.reddit.com/r/iOSProgramming/new/,,Legacy-Seed: Entscheidung neu bewertet; Aktivität bei fehlendem Live-Check nur als Proxy markiert.,SECONDARY,Broad programming source with substantial learning/debugging content and builder-world overlap.,DO_NOT_CONTINUOUSLY_SCAN,0
r/java,WebDev_Programming,"Entwickler, Programmierer",MIXED,LEGACY_647,BRAUCHEN_TESTEN,B,EXPLORATION,NEIN_BIS_GEPRUEFT,PRUEFEN,LOW,Keine verwertbaren Aktivitätsmetriken in der gelieferten Legacy-Datei.,HIGH,LOW,,"Beruf/Prosumer-Mix; sinnvoller Pilot, tatsächlicher Research-Yield muss gemessen werden.",250,,,Streng - Self-Promo limitiert,1.8,https://www.reddit.com/r/java/,https://www.reddit.com/r/java/new/,,Legacy-Seed: Entscheidung neu bewertet; Aktivität bei fehlendem Live-Check nur als Proxy markiert.,SECONDARY,"Useful for adjacent trend/tool/market signals, but too broad, hobby-heavy, builder-heavy or promotional for primary pain discovery.",DO_NOT_CONTINUOUSLY_SCAN,0
r/javascript,WebDev_Programming,"Entwickler, Programmierer",MIXED,LEGACY_647,BRAUCHEN_TESTEN,B,EXPLORATION,JA,WAHRSCHEINLICH_AKTIV_PROXY,MEDIUM,Aktivität aus gelieferten Mitglieder-/Wachstumsdaten abgeleitet; nicht live verifiziert.,HIGH,LOW,,"Beruf/Prosumer-Mix; sinnvoller Pilot, tatsächlicher Research-Yield muss gemessen werden.",250,2400000,32000,Streng - Self-Promo limitiert,3.835,https://www.reddit.com/r/javascript/,https://www.reddit.com/r/javascript/new/,,Legacy-Seed: Entscheidung neu bewertet; Aktivität bei fehlendem Live-Check nur als Proxy markiert.,SECONDARY,"Useful for adjacent trend/tool/market signals, but too broad, hobby-heavy, builder-heavy or promotional for primary pain discovery.",DO_NOT_CONTINUOUSLY_SCAN,0
r/linux,WebDev_Programming,"Entwickler, Programmierer",MIXED,LEGACY_647,BRAUCHEN_TESTEN,B,EXPLORATION,JA,WAHRSCHEINLICH_AKTIV_PROXY,MEDIUM,Aktivität aus gelieferten Mitglieder-/Wachstumsdaten abgeleitet; nicht live verifiziert.,HIGH,LOW,,"Beruf/Prosumer-Mix; sinnvoller Pilot, tatsächlicher Research-Yield muss gemessen werden.",250,1900000,160000,Streng - Self-Promo limitiert,3.813,https://www.reddit.com/r/linux/,https://www.reddit.com/r/linux/new/,,Legacy-Seed: Entscheidung neu bewertet; Aktivität bei fehlendem Live-Check nur als Proxy markiert.,SECONDARY,Broad programming source with substantial learning/debugging content and builder-world overlap.,DO_NOT_CONTINUOUSLY_SCAN,0
r/node,WebDev_Programming,"Entwickler, Programmierer",MIXED,LEGACY_647,BRAUCHEN_TESTEN,B,EXPLORATION,NEIN_BIS_GEPRUEFT,PRUEFEN,LOW,Keine verwertbaren Aktivitätsmetriken in der gelieferten Legacy-Datei.,HIGH,LOW,,"Beruf/Prosumer-Mix; sinnvoller Pilot, tatsächlicher Research-Yield muss gemessen werden.",250,,,Streng - Self-Promo limitiert,1.8,https://www.reddit.com/r/node/,https://www.reddit.com/r/node/new/,,Legacy-Seed: Entscheidung neu bewertet; Aktivität bei fehlendem Live-Check nur als Proxy markiert.,SECONDARY,Broad programming source with substantial learning/debugging content and builder-world overlap.,DO_NOT_CONTINUOUSLY_SCAN,0
r/PHP,WebDev_Programming,"Entwickler, Programmierer",MIXED,LEGACY_647,BRAUCHEN_TESTEN,B,EXPLORATION,NEIN_BIS_GEPRUEFT,PRUEFEN,LOW,Keine verwertbaren Aktivitätsmetriken in der gelieferten Legacy-Datei.,HIGH,LOW,,"Beruf/Prosumer-Mix; sinnvoller Pilot, tatsächlicher Research-Yield muss gemessen werden.",250,,,Streng - Self-Promo limitiert,1.8,https://www.reddit.com/r/PHP/,https://www.reddit.com/r/PHP/new/,,Legacy-Seed: Entscheidung neu bewertet; Aktivität bei fehlendem Live-Check nur als Proxy markiert.,SECONDARY,"Useful for adjacent trend/tool/market signals, but too broad, hobby-heavy, builder-heavy or promotional for primary pain discovery.",DO_NOT_CONTINUOUSLY_SCAN,0
r/programming,WebDev_Programming,"Entwickler, Programmierer",MIXED,LEGACY_647,BRAUCHEN_TESTEN,B,EXPLORATION,JA,WAHRSCHEINLICH_AKTIV_PROXY,MEDIUM,Aktivität aus gelieferten Mitglieder-/Wachstumsdaten abgeleitet; nicht live verifiziert.,HIGH,LOW,,"Beruf/Prosumer-Mix; sinnvoller Pilot, tatsächlicher Research-Yield muss gemessen werden.",250,6900000,106000,Streng - Self-Promo limitiert,4.112,https://www.reddit.com/r/programming/,https://www.reddit.com/r/programming/new/,,Legacy-Seed: Entscheidung neu bewertet; Aktivität bei fehlendem Live-Check nur als Proxy markiert.,SECONDARY,"Useful for adjacent trend/tool/market signals, but too broad, hobby-heavy, builder-heavy or promotional for primary pain discovery.",DO_NOT_CONTINUOUSLY_SCAN,0
r/Python,WebDev_Programming,"Entwickler, Programmierer",MIXED,LEGACY_647,BRAUCHEN_TESTEN,B,EXPLORATION,JA,WAHRSCHEINLICH_AKTIV_PROXY,MEDIUM,Aktivität aus gelieferten Mitglieder-/Wachstumsdaten abgeleitet; nicht live verifiziert.,HIGH,LOW,,"Beruf/Prosumer-Mix; sinnvoller Pilot, tatsächlicher Research-Yield muss gemessen werden.",250,1500000,123000,Streng - Self-Promo limitiert,3.75,https://www.reddit.com/r/Python/,https://www.reddit.com/r/Python/new/,,Legacy-Seed: Entscheidung neu bewertet; Aktivität bei fehlendem Live-Check nur als Proxy markiert.,SECONDARY,"Useful for adjacent trend/tool/market signals, but too broad, hobby-heavy, builder-heavy or promotional for primary pain discovery.",DO_NOT_CONTINUOUSLY_SCAN,0
r/reactjs,WebDev_Programming,"Entwickler, Programmierer",MIXED,LEGACY_647,BRAUCHEN_TESTEN,B,EXPLORATION,JA,WAHRSCHEINLICH_AKTIV_PROXY,MEDIUM,Aktivität aus gelieferten Mitglieder-/Wachstumsdaten abgeleitet; nicht live verifiziert.,HIGH,LOW,,"Beruf/Prosumer-Mix; sinnvoller Pilot, tatsächlicher Research-Yield muss gemessen werden.",250,504000,44000,Streng - Self-Promo limitiert,3.469,https://www.reddit.com/r/reactjs/,https://www.reddit.com/r/reactjs/new/,,Legacy-Seed: Entscheidung neu bewertet; Aktivität bei fehlendem Live-Check nur als Proxy markiert.,SECONDARY,"Useful for adjacent trend/tool/market signals, but too broad, hobby-heavy, builder-heavy or promotional for primary pain discovery.",DO_NOT_CONTINUOUSLY_SCAN,0
r/reactnative,WebDev_Programming,"Entwickler, Programmierer",MIXED,LEGACY_647,BRAUCHEN_TESTEN,B,EXPLORATION,JA,WAHRSCHEINLICH_AKTIV_PROXY,MEDIUM,Aktivität aus gelieferten Mitglieder-/Wachstumsdaten abgeleitet; nicht live verifiziert.,HIGH,LOW,,"Beruf/Prosumer-Mix; sinnvoller Pilot, tatsächlicher Research-Yield muss gemessen werden.",250,183000,26000,Streng - Self-Promo limitiert,3.236,https://www.reddit.com/r/reactnative/,https://www.reddit.com/r/reactnative/new/,,Legacy-Seed: Entscheidung neu bewertet; Aktivität bei fehlendem Live-Check nur als Proxy markiert.,SECONDARY,Broad programming source with substantial learning/debugging content and builder-world overlap.,DO_NOT_CONTINUOUSLY_SCAN,0
r/ruby,WebDev_Programming,"Entwickler, Programmierer",MIXED,LEGACY_647,BRAUCHEN_TESTEN,B,EXPLORATION,NEIN_BIS_GEPRUEFT,PRUEFEN,LOW,Keine verwertbaren Aktivitätsmetriken in der gelieferten Legacy-Datei.,HIGH,LOW,,"Beruf/Prosumer-Mix; sinnvoller Pilot, tatsächlicher Research-Yield muss gemessen werden.",250,,,Streng - Self-Promo limitiert,1.8,https://www.reddit.com/r/ruby/,https://www.reddit.com/r/ruby/new/,,Legacy-Seed: Entscheidung neu bewertet; Aktivität bei fehlendem Live-Check nur als Proxy markiert.,SECONDARY,Broad programming source with substantial learning/debugging content and builder-world overlap.,DO_NOT_CONTINUOUSLY_SCAN,0
r/rubyonrails,WebDev_Programming,"Entwickler, Programmierer",MIXED,LEGACY_647,BRAUCHEN_TESTEN,B,EXPLORATION,NEIN_BIS_GEPRUEFT,PRUEFEN,LOW,Keine verwertbaren Aktivitätsmetriken in der gelieferten Legacy-Datei.,HIGH,LOW,,"Beruf/Prosumer-Mix; sinnvoller Pilot, tatsächlicher Research-Yield muss gemessen werden.",250,,,Streng - Self-Promo limitiert,1.8,https://www.reddit.com/r/rubyonrails/,https://www.reddit.com/r/rubyonrails/new/,,Legacy-Seed: Entscheidung neu bewertet; Aktivität bei fehlendem Live-Check nur als Proxy markiert.,SECONDARY,Broad programming source with substantial learning/debugging content and builder-world overlap.,DO_NOT_CONTINUOUSLY_SCAN,0
r/rust,WebDev_Programming,"Entwickler, Programmierer",MIXED,LEGACY_647,BRAUCHEN_TESTEN,B,EXPLORATION,JA,WAHRSCHEINLICH_AKTIV_PROXY,MEDIUM,Aktivität aus gelieferten Mitglieder-/Wachstumsdaten abgeleitet; nicht live verifiziert.,HIGH,LOW,,"Beruf/Prosumer-Mix; sinnvoller Pilot, tatsächlicher Research-Yield muss gemessen werden.",250,406000,57000,Streng - Self-Promo limitiert,3.442,https://www.reddit.com/r/rust/,https://www.reddit.com/r/rust/new/,,Legacy-Seed: Entscheidung neu bewertet; Aktivität bei fehlendem Live-Check nur als Proxy markiert.,SECONDARY,"Useful for adjacent trend/tool/market signals, but too broad, hobby-heavy, builder-heavy or promotional for primary pain discovery.",DO_NOT_CONTINUOUSLY_SCAN,0
r/software,WebDev_Programming,"Entwickler, Programmierer",MIXED,LEGACY_647,BRAUCHEN_TESTEN,B,EXPLORATION,JA,WAHRSCHEINLICH_AKTIV_PROXY,MEDIUM,Aktivität aus gelieferten Mitglieder-/Wachstumsdaten abgeleitet; nicht live verifiziert.,HIGH,LOW,,"Beruf/Prosumer-Mix; sinnvoller Pilot, tatsächlicher Research-Yield muss gemessen werden.",250,356000,74000,Streng - Self-Promo limitiert,3.444,https://www.reddit.com/r/software/,https://www.reddit.com/r/software/new/,,Legacy-Seed: Entscheidung neu bewertet; Aktivität bei fehlendem Live-Check nur als Proxy markiert.,SECONDARY,Broad programming source with substantial learning/debugging content and builder-world overlap.,DO_NOT_CONTINUOUSLY_SCAN,0
r/softwaredevelopment,WebDev_Programming,"Entwickler, Programmierer",MIXED,LEGACY_647,BRAUCHEN_TESTEN,B,EXPLORATION,JA,WAHRSCHEINLICH_AKTIV_PROXY,MEDIUM,Aktivität aus gelieferten Mitglieder-/Wachstumsdaten abgeleitet; nicht live verifiziert.,HIGH,LOW,,"Beruf/Prosumer-Mix; sinnvoller Pilot, tatsächlicher Research-Yield muss gemessen werden.",250,148000,39000,Streng - Self-Promo limitiert,3.246,https://www.reddit.com/r/softwaredevelopment/,https://www.reddit.com/r/softwaredevelopment/new/,,Legacy-Seed: Entscheidung neu bewertet; Aktivität bei fehlendem Live-Check nur als Proxy markiert.,SECONDARY,"Useful for adjacent trend/tool/market signals, but too broad, hobby-heavy, builder-heavy or promotional for primary pain discovery.",DO_NOT_CONTINUOUSLY_SCAN,0
r/SoftwareEngineering,WebDev_Programming,"Entwickler, Programmierer",MIXED,LEGACY_647,BRAUCHEN_TESTEN,B,EXPLORATION,JA,WAHRSCHEINLICH_AKTIV_PROXY,MEDIUM,Aktivität aus gelieferten Mitglieder-/Wachstumsdaten abgeleitet; nicht live verifiziert.,HIGH,LOW,,"Beruf/Prosumer-Mix; sinnvoller Pilot, tatsächlicher Research-Yield muss gemessen werden.",250,168000,25000,Streng - Self-Promo limitiert,3.217,https://www.reddit.com/r/SoftwareEngineering/,https://www.reddit.com/r/SoftwareEngineering/new/,,Legacy-Seed: Entscheidung neu bewertet; Aktivität bei fehlendem Live-Check nur als Proxy markiert.,SECONDARY,"Useful for adjacent trend/tool/market signals, but too broad, hobby-heavy, builder-heavy or promotional for primary pain discovery.",DO_NOT_CONTINUOUSLY_SCAN,0
r/webdesign,WebDev_Programming,"Entwickler, Programmierer",MIXED,LEGACY_647,BRAUCHEN_TESTEN,B,EXPLORATION,NEIN_BIS_GEPRUEFT,PRUEFEN,LOW,Keine verwertbaren Aktivitätsmetriken in der gelieferten Legacy-Datei.,HIGH,LOW,,"Beruf/Prosumer-Mix; sinnvoller Pilot, tatsächlicher Research-Yield muss gemessen werden.",250,,,Streng - Self-Promo limitiert,1.8,https://www.reddit.com/r/webdesign/,https://www.reddit.com/r/webdesign/new/,,Legacy-Seed: Entscheidung neu bewertet; Aktivität bei fehlendem Live-Check nur als Proxy markiert.,SECONDARY,Broad programming source with substantial learning/debugging content and builder-world overlap.,DO_NOT_CONTINUOUSLY_SCAN,0
r/webdev,WebDev_Programming,"Entwickler, Programmierer",MIXED,LEGACY_647,BRAUCHEN_TESTEN,B,EXPLORATION,JA,WAHRSCHEINLICH_AKTIV_PROXY,MEDIUM,Aktivität aus gelieferten Mitglieder-/Wachstumsdaten abgeleitet; nicht live verifiziert.,HIGH,LOW,,"Beruf/Prosumer-Mix; sinnvoller Pilot, tatsächlicher Research-Yield muss gemessen werden.",250,3300000,214000,Streng - Self-Promo limitiert,3.946,https://www.reddit.com/r/webdev/,https://www.reddit.com/r/webdev/new/,,Legacy-Seed: Entscheidung neu bewertet; Aktivität bei fehlendem Live-Check nur als Proxy markiert.,SECONDARY,"Useful for adjacent trend/tool/market signals, but too broad, hobby-heavy, builder-heavy or promotional for primary pain discovery.",DO_NOT_CONTINUOUSLY_SCAN,0
r/Wordpress,WebDev_Programming,"Entwickler, Programmierer",MIXED,LEGACY_647,BRAUCHEN_TESTEN,B,EXPLORATION,NEIN_BIS_GEPRUEFT,PRUEFEN,LOW,Keine verwertbaren Aktivitätsmetriken in der gelieferten Legacy-Datei.,HIGH,LOW,,"Beruf/Prosumer-Mix; sinnvoller Pilot, tatsächlicher Research-Yield muss gemessen werden.",250,,,Streng - Self-Promo limitiert,1.8,https://www.reddit.com/r/Wordpress/,https://www.reddit.com/r/Wordpress/new/,,Legacy-Seed: Entscheidung neu bewertet; Aktivität bei fehlendem Live-Check nur als Proxy markiert.,SECONDARY,Broad programming source with substantial learning/debugging content and builder-world overlap.,DO_NOT_CONTINUOUSLY_SCAN,0
r/taxpros,Accounting_Tax_Finance,"Buchhalter, Steuerprofis, FP&A, Auditoren, Versicherungs- und Finanzprofis",PRACTITIONER / OWNER / BUYER,EXPANSION_314,BRAUCHEN_CORE,A,PRIMARY_DISCOVERY,JA,ACTIVE_VERIFIED_2026-09,HIGH,Current /new feed checked via web in Sep 2026,HIGH,LOW,"Buchhaltung, Reporting, Compliance, Abstimmung, Dokumente, Softwarewechsel, Mandantenprozesse",Sehr guter Practitioner-/Business-Kandidat für Pain-Point-Research.,500,,,,,https://www.reddit.com/r/taxpros/,https://www.reddit.com/r/taxpros/new/,2026-09-18,Current /new feed checked via web in Sep 2026,RECHECK_ACCESS,"Very relevant practitioner source, but current public accessibility appears restricted/private; do not depend on it until access is verified.",VERIFY_ACCESS,0
r/AskAcademia,Education,"Lernende, Studenten, Lehrer",MIXED,LEGACY_647,BRAUCHEN_TESTEN,B,EXPLORATION,NEIN_BIS_GEPRUEFT,PRUEFEN,LOW,Keine verwertbaren Aktivitätsmetriken in der gelieferten Legacy-Datei.,MEDIUM,LOW,,"Beruf/Prosumer-Mix; sinnvoller Pilot, tatsächlicher Research-Yield muss gemessen werden.",250,,,Streng,1.8,https://www.reddit.com/r/AskAcademia/,https://www.reddit.com/r/AskAcademia/new/,,Legacy-Seed: Entscheidung neu bewertet; Aktivität bei fehlendem Live-Check nur als Proxy markiert.,DROP,Mostly consumer/student/advice/entertainment content; poor fit for recurring business/workflow problem discovery.,EXCLUDE,0
r/college,Education,"Lernende, Studenten, Lehrer",MIXED,LEGACY_647,BRAUCHEN_TESTEN,B,EXPLORATION,NEIN_BIS_GEPRUEFT,PRUEFEN,LOW,Keine verwertbaren Aktivitätsmetriken in der gelieferten Legacy-Datei.,MEDIUM,LOW,,"Beruf/Prosumer-Mix; sinnvoller Pilot, tatsächlicher Research-Yield muss gemessen werden.",250,,,Streng,1.8,https://www.reddit.com/r/college/,https://www.reddit.com/r/college/new/,,Legacy-Seed: Entscheidung neu bewertet; Aktivität bei fehlendem Live-Check nur als Proxy markiert.,DROP,Mostly consumer/student/advice/entertainment content; poor fit for recurring business/workflow problem discovery.,EXCLUDE,0
r/education,Education,"Lernende, Studenten, Lehrer",MIXED,LEGACY_647,BRAUCHEN_TESTEN,B,EXPLORATION,NEIN_BIS_GEPRUEFT,PRUEFEN,LOW,Keine verwertbaren Aktivitätsmetriken in der gelieferten Legacy-Datei.,MEDIUM,LOW,,"Beruf/Prosumer-Mix; sinnvoller Pilot, tatsächlicher Research-Yield muss gemessen werden.",250,,,Streng,1.8,https://www.reddit.com/r/education/,https://www.reddit.com/r/education/new/,,Legacy-Seed: Entscheidung neu bewertet; Aktivität bei fehlendem Live-Check nur als Proxy markiert.,DROP,Mostly consumer/student/advice/entertainment content; poor fit for recurring business/workflow problem discovery.,EXCLUDE,0
r/GradSchool,Education,"Lernende, Studenten, Lehrer",MIXED,LEGACY_647,BRAUCHEN_TESTEN,B,EXPLORATION,NEIN_BIS_GEPRUEFT,PRUEFEN,LOW,Keine verwertbaren Aktivitätsmetriken in der gelieferten Legacy-Datei.,MEDIUM,LOW,,"Beruf/Prosumer-Mix; sinnvoller Pilot, tatsächlicher Research-Yield muss gemessen werden.",250,,,Streng,1.8,https://www.reddit.com/r/GradSchool/,https://www.reddit.com/r/GradSchool/new/,,Legacy-Seed: Entscheidung neu bewertet; Aktivität bei fehlendem Live-Check nur als Proxy markiert.,DROP,Mostly consumer/student/advice/entertainment content; poor fit for recurring business/workflow problem discovery.,EXCLUDE,0
r/homeschool,Education,"Lernende, Studenten, Lehrer",MIXED,LEGACY_647,BRAUCHEN_TESTEN,B,EXPLORATION,NEIN_BIS_GEPRUEFT,PRUEFEN,LOW,Keine verwertbaren Aktivitätsmetriken in der gelieferten Legacy-Datei.,MEDIUM,LOW,,"Beruf/Prosumer-Mix; sinnvoller Pilot, tatsächlicher Research-Yield muss gemessen werden.",250,,,Streng,1.8,https://www.reddit.com/r/homeschool/,https://www.reddit.com/r/homeschool/new/,,Legacy-Seed: Entscheidung neu bewertet; Aktivität bei fehlendem Live-Check nur als Proxy markiert.,DROP,Mostly learner/general education discussion rather than buyer/operator workflow pain.,EXCLUDE,0
r/LawSchool,Education,"Lernende, Studenten, Lehrer",MIXED,LEGACY_647,BRAUCHEN_TESTEN,B,EXPLORATION,NEIN_BIS_GEPRUEFT,PRUEFEN,LOW,Keine verwertbaren Aktivitätsmetriken in der gelieferten Legacy-Datei.,MEDIUM,LOW,,"Beruf/Prosumer-Mix; sinnvoller Pilot, tatsächlicher Research-Yield muss gemessen werden.",250,,,Streng,1.8,https://www.reddit.com/r/LawSchool/,https://www.reddit.com/r/LawSchool/new/,,Legacy-Seed: Entscheidung neu bewertet; Aktivität bei fehlendem Live-Check nur als Proxy markiert.,DROP,Mostly consumer/student/advice/entertainment content; poor fit for recurring business/workflow problem discovery.,EXCLUDE,0
r/medicalschool,Education,"Lernende, Studenten, Lehrer",MIXED,LEGACY_647,BRAUCHEN_TESTEN,B,EXPLORATION,NEIN_BIS_GEPRUEFT,PRUEFEN,LOW,Keine verwertbaren Aktivitätsmetriken in der gelieferten Legacy-Datei.,MEDIUM,LOW,,"Beruf/Prosumer-Mix; sinnvoller Pilot, tatsächlicher Research-Yield muss gemessen werden.",250,,,Streng,1.8,https://www.reddit.com/r/medicalschool/,https://www.reddit.com/r/medicalschool/new/,,Legacy-Seed: Entscheidung neu bewertet; Aktivität bei fehlendem Live-Check nur als Proxy markiert.,DROP,Mostly consumer/student/advice/entertainment content; poor fit for recurring business/workflow problem discovery.,EXCLUDE,0
r/premed,Education,"Lernende, Studenten, Lehrer",MIXED,LEGACY_647,BRAUCHEN_TESTEN,B,EXPLORATION,NEIN_BIS_GEPRUEFT,PRUEFEN,LOW,Keine verwertbaren Aktivitätsmetriken in der gelieferten Legacy-Datei.,MEDIUM,LOW,,"Beruf/Prosumer-Mix; sinnvoller Pilot, tatsächlicher Research-Yield muss gemessen werden.",250,,,Streng,1.8,https://www.reddit.com/r/premed/,https://www.reddit.com/r/premed/new/,,Legacy-Seed: Entscheidung neu bewertet; Aktivität bei fehlendem Live-Check nur als Proxy markiert.,DROP,Mostly consumer/student/advice/entertainment content; poor fit for recurring business/workflow problem discovery.,EXCLUDE,0
r/AsianBeauty,Fashion_Beauty,Mode-/Beauty-Interessierte,MIXED,LEGACY_647,HOBBY_PROSUMER,C,HOBBY_PROSUMER,NEIN_BIS_GEPRUEFT,PRUEFEN,LOW,Keine verwertbaren Aktivitätsmetriken in der gelieferten Legacy-Datei.,MEDIUM,LOW,,"Aktive Hobby-/Prosumer-Zielgruppe; interessant für Tools, Commerce, Organisation und Side-Hustles, aber geringere B2B-Priorität.",150,,,Streng - tw. Haul/Empfehlung,1.8,https://www.reddit.com/r/AsianBeauty/,https://www.reddit.com/r/AsianBeauty/new/,,Legacy-Seed: Entscheidung neu bewertet; Aktivität bei fehlendem Live-Check nur als Proxy markiert.,DROP,Primarily consumer/hobby/lifestyle content; weak fit for core opportunity discovery.,EXCLUDE,0
r/femalefashionadvice,Fashion_Beauty,Mode-/Beauty-Interessierte,MIXED,LEGACY_647,HOBBY_PROSUMER,C,HOBBY_PROSUMER,NEIN_BIS_GEPRUEFT,PRUEFEN,LOW,Keine verwertbaren Aktivitätsmetriken in der gelieferten Legacy-Datei.,MEDIUM,LOW,,"Aktive Hobby-/Prosumer-Zielgruppe; interessant für Tools, Commerce, Organisation und Side-Hustles, aber geringere B2B-Priorität.",150,,,Streng - tw. Haul/Empfehlung,1.8,https://www.reddit.com/r/femalefashionadvice/,https://www.reddit.com/r/femalefashionadvice/new/,,Legacy-Seed: Entscheidung neu bewertet; Aktivität bei fehlendem Live-Check nur als Proxy markiert.,DROP,Primarily consumer/hobby/lifestyle content; weak fit for core opportunity discovery.,EXCLUDE,0
r/findfashion,Fashion_Beauty,Mode-/Beauty-Interessierte,MIXED,LEGACY_647,HOBBY_PROSUMER,C,HOBBY_PROSUMER,NEIN_BIS_GEPRUEFT,PRUEFEN,LOW,Keine verwertbaren Aktivitätsmetriken in der gelieferten Legacy-Datei.,MEDIUM,LOW,,"Aktive Hobby-/Prosumer-Zielgruppe; interessant für Tools, Commerce, Organisation und Side-Hustles, aber geringere B2B-Priorität.",150,,,Streng - tw. Haul/Empfehlung,1.8,https://www.reddit.com/r/findfashion/,https://www.reddit.com/r/findfashion/new/,,Legacy-Seed: Entscheidung neu bewertet; Aktivität bei fehlendem Live-Check nur als Proxy markiert.,DROP,Primarily consumer/hobby/lifestyle content; weak fit for core opportunity discovery.,EXCLUDE,0
r/frugalmalefashion,Fashion_Beauty,Mode-/Beauty-Interessierte,MIXED,LEGACY_647,HOBBY_PROSUMER,C,HOBBY_PROSUMER,NEIN_BIS_GEPRUEFT,PRUEFEN,LOW,Keine verwertbaren Aktivitätsmetriken in der gelieferten Legacy-Datei.,MEDIUM,LOW,,"Aktive Hobby-/Prosumer-Zielgruppe; interessant für Tools, Commerce, Organisation und Side-Hustles, aber geringere B2B-Priorität.",150,,,Streng - tw. Haul/Empfehlung,1.8,https://www.reddit.com/r/frugalmalefashion/,https://www.reddit.com/r/frugalmalefashion/new/,,Legacy-Seed: Entscheidung neu bewertet; Aktivität bei fehlendem Live-Check nur als Proxy markiert.,DROP,Primarily consumer/hobby/lifestyle content; weak fit for core opportunity discovery.,EXCLUDE,0
r/MakeupAddiction,Fashion_Beauty,Mode-/Beauty-Interessierte,MIXED,LEGACY_647,HOBBY_PROSUMER,C,HOBBY_PROSUMER,NEIN_BIS_GEPRUEFT,PRUEFEN,LOW,Keine verwertbaren Aktivitätsmetriken in der gelieferten Legacy-Datei.,MEDIUM,LOW,,"Aktive Hobby-/Prosumer-Zielgruppe; interessant für Tools, Commerce, Organisation und Side-Hustles, aber geringere B2B-Priorität.",150,,,Streng - tw. Haul/Empfehlung,1.8,https://www.reddit.com/r/MakeupAddiction/,https://www.reddit.com/r/MakeupAddiction/new/,,Legacy-Seed: Entscheidung neu bewertet; Aktivität bei fehlendem Live-Check nur als Proxy markiert.,DROP,Primarily consumer/hobby/lifestyle content; weak fit for core opportunity discovery.,EXCLUDE,0
r/malefashionadvice,Fashion_Beauty,Mode-/Beauty-Interessierte,MIXED,LEGACY_647,HOBBY_PROSUMER,C,HOBBY_PROSUMER,NEIN_BIS_GEPRUEFT,PRUEFEN,LOW,Keine verwertbaren Aktivitätsmetriken in der gelieferten Legacy-Datei.,MEDIUM,LOW,,"Aktive Hobby-/Prosumer-Zielgruppe; interessant für Tools, Commerce, Organisation und Side-Hustles, aber geringere B2B-Priorität.",150,,,Streng - tw. Haul/Empfehlung,1.8,https://www.reddit.com/r/malefashionadvice/,https://www.reddit.com/r/malefashionadvice/new/,,Legacy-Seed: Entscheidung neu bewertet; Aktivität bei fehlendem Live-Check nur als Proxy markiert.,DROP,Primarily consumer/hobby/lifestyle content; weak fit for core opportunity discovery.,EXCLUDE,0
r/sewing,Fashion_Beauty,Mode-/Beauty-Interessierte,MIXED,LEGACY_647,HOBBY_PROSUMER,C,HOBBY_PROSUMER,NEIN_BIS_GEPRUEFT,PRUEFEN,LOW,Keine verwertbaren Aktivitätsmetriken in der gelieferten Legacy-Datei.,MEDIUM,LOW,,"Aktive Hobby-/Prosumer-Zielgruppe; interessant für Tools, Commerce, Organisation und Side-Hustles, aber geringere B2B-Priorität.",150,,,Streng - tw. Haul/Empfehlung,1.8,https://www.reddit.com/r/sewing/,https://www.reddit.com/r/sewing/new/,,Legacy-Seed: Entscheidung neu bewertet; Aktivität bei fehlendem Live-Check nur als Proxy markiert.,DROP,Primarily consumer/hobby/lifestyle content; weak fit for core opportunity discovery.,EXCLUDE,0
r/SkincareAddiction,Fashion_Beauty,Mode-/Beauty-Interessierte,MIXED,LEGACY_647,HOBBY_PROSUMER,C,HOBBY_PROSUMER,NEIN_BIS_GEPRUEFT,PRUEFEN,LOW,Keine verwertbaren Aktivitätsmetriken in der gelieferten Legacy-Datei.,MEDIUM,LOW,,"Aktive Hobby-/Prosumer-Zielgruppe; interessant für Tools, Commerce, Organisation und Side-Hustles, aber geringere B2B-Priorität.",150,,,Streng - tw. Haul/Empfehlung,1.8,https://www.reddit.com/r/SkincareAddiction/,https://www.reddit.com/r/SkincareAddiction/new/,,Legacy-Seed: Entscheidung neu bewertet; Aktivität bei fehlendem Live-Check nur als Proxy markiert.,DROP,Primarily consumer/hobby/lifestyle content; weak fit for core opportunity discovery.,EXCLUDE,0
r/Sneakers,Fashion_Beauty,Mode-/Beauty-Interessierte,MIXED,LEGACY_647,HOBBY_PROSUMER,C,HOBBY_PROSUMER,NEIN_BIS_GEPRUEFT,PRUEFEN,LOW,Keine verwertbaren Aktivitätsmetriken in der gelieferten Legacy-Datei.,MEDIUM,LOW,,"Aktive Hobby-/Prosumer-Zielgruppe; interessant für Tools, Commerce, Organisation und Side-Hustles, aber geringere B2B-Priorität.",150,,,Streng - tw. Haul/Empfehlung,1.8,https://www.reddit.com/r/Sneakers/,https://www.reddit.com/r/Sneakers/new/,,Legacy-Seed: Entscheidung neu bewertet; Aktivität bei fehlendem Live-Check nur als Proxy markiert.,DROP,Primarily consumer/hobby/lifestyle content; weak fit for core opportunity discovery.,EXCLUDE,0
r/streetwear,Fashion_Beauty,Mode-/Beauty-Interessierte,MIXED,LEGACY_647,HOBBY_PROSUMER,C,HOBBY_PROSUMER,NEIN_BIS_GEPRUEFT,PRUEFEN,LOW,Keine verwertbaren Aktivitätsmetriken in der gelieferten Legacy-Datei.,MEDIUM,LOW,,"Aktive Hobby-/Prosumer-Zielgruppe; interessant für Tools, Commerce, Organisation und Side-Hustles, aber geringere B2B-Priorität.",150,,,Streng - tw. Haul/Empfehlung,1.8,https://www.reddit.com/r/streetwear/,https://www.reddit.com/r/streetwear/new/,,Legacy-Seed: Entscheidung neu bewertet; Aktivität bei fehlendem Live-Check nur als Proxy markiert.,DROP,Primarily consumer/hobby/lifestyle content; weak fit for core opportunity discovery.,EXCLUDE,0
r/Watches,Fashion_Beauty,Mode-/Beauty-Interessierte,MIXED,LEGACY_647,HOBBY_PROSUMER,C,HOBBY_PROSUMER,NEIN_BIS_GEPRUEFT,PRUEFEN,LOW,Keine verwertbaren Aktivitätsmetriken in der gelieferten Legacy-Datei.,MEDIUM,LOW,,"Aktive Hobby-/Prosumer-Zielgruppe; interessant für Tools, Commerce, Organisation und Side-Hustles, aber geringere B2B-Priorität.",150,,,Streng - tw. Haul/Empfehlung,1.8,https://www.reddit.com/r/Watches/,https://www.reddit.com/r/Watches/new/,,Legacy-Seed: Entscheidung neu bewertet; Aktivität bei fehlendem Live-Check nur als Proxy markiert.,DROP,Primarily consumer/hobby/lifestyle content; weak fit for core opportunity discovery.,EXCLUDE,0
r/Fitness,Fitness,"Fitness, Gym, Health",MIXED,LEGACY_647,HOBBY_PROSUMER,C,HOBBY_PROSUMER,JA,WAHRSCHEINLICH_AKTIV_PROXY,MEDIUM,Aktivität aus gelieferten Mitglieder-/Wachstumsdaten abgeleitet; nicht live verifiziert.,MEDIUM,LOW,,"Aktive Hobby-/Prosumer-Zielgruppe; interessant für Tools, Commerce, Organisation und Side-Hustles, aber geringere B2B-Priorität.",150,12500000,118000,Streng,4.263,https://www.reddit.com/r/Fitness/,https://www.reddit.com/r/Fitness/new/,,Legacy-Seed: Entscheidung neu bewertet; Aktivität bei fehlendem Live-Check nur als Proxy markiert.,DROP,Primarily consumer/hobby/lifestyle content; weak fit for core opportunity discovery.,EXCLUDE,0
r/fitness30plus,Fitness,"Fitness, Gym, Health",MIXED,LEGACY_647,HOBBY_PROSUMER,C,HOBBY_PROSUMER,JA,WAHRSCHEINLICH_AKTIV_PROXY,MEDIUM,Aktivität aus gelieferten Mitglieder-/Wachstumsdaten abgeleitet; nicht live verifiziert.,MEDIUM,LOW,,"Aktive Hobby-/Prosumer-Zielgruppe; interessant für Tools, Commerce, Organisation und Side-Hustles, aber geringere B2B-Priorität.",150,195000,21000,Streng,3.234,https://www.reddit.com/r/fitness30plus/,https://www.reddit.com/r/fitness30plus/new/,,Legacy-Seed: Entscheidung neu bewertet; Aktivität bei fehlendem Live-Check nur als Proxy markiert.,DROP,Primarily consumer/hobby/lifestyle content; weak fit for core opportunity discovery.,EXCLUDE,0
r/GYM,Fitness,"Fitness, Gym, Health",MIXED,LEGACY_647,HOBBY_PROSUMER,C,HOBBY_PROSUMER,JA,WAHRSCHEINLICH_AKTIV_PROXY,MEDIUM,Aktivität aus gelieferten Mitglieder-/Wachstumsdaten abgeleitet; nicht live verifiziert.,MEDIUM,LOW,,"Aktive Hobby-/Prosumer-Zielgruppe; interessant für Tools, Commerce, Organisation und Side-Hustles, aber geringere B2B-Priorität.",150,1200000,178000,Streng,3.728,https://www.reddit.com/r/GYM/,https://www.reddit.com/r/GYM/new/,,Legacy-Seed: Entscheidung neu bewertet; Aktivität bei fehlendem Live-Check nur als Proxy markiert.,DROP,Primarily consumer/hobby/lifestyle content; weak fit for core opportunity discovery.,EXCLUDE,0
r/GymMotivation,Fitness,"Fitness, Gym, Health",MIXED,LEGACY_647,NICHT_BRAUCHEN,X,EXCLUDE,NEIN,WAHRSCHEINLICH_AKTIV_PROXY,MEDIUM,Aktivität aus gelieferten Mitglieder-/Wachstumsdaten abgeleitet; nicht live verifiziert.,MEDIUM,LOW,,"Überwiegend Unterhaltung, Promotion oder sehr schwacher Bezug zu lösbaren Arbeits-/Business-Problemen.",0,543000,48000,Streng,3.489,https://www.reddit.com/r/GymMotivation/,https://www.reddit.com/r/GymMotivation/new/,,Legacy-Seed: Entscheidung neu bewertet; Aktivität bei fehlendem Live-Check nur als Proxy markiert.,DROP,Primarily consumer/hobby/lifestyle content; weak fit for core opportunity discovery.,EXCLUDE,0
r/Health,Fitness,"Fitness, Gym, Health",MIXED,LEGACY_647,HOBBY_PROSUMER,C,HOBBY_PROSUMER,JA,WAHRSCHEINLICH_AKTIV_PROXY,MEDIUM,Aktivität aus gelieferten Mitglieder-/Wachstumsdaten abgeleitet; nicht live verifiziert.,MEDIUM,LOW,,"Aktive Hobby-/Prosumer-Zielgruppe; interessant für Tools, Commerce, Organisation und Side-Hustles, aber geringere B2B-Priorität.",150,3600000,4000,Streng,3.934,https://www.reddit.com/r/Health/,https://www.reddit.com/r/Health/new/,,Legacy-Seed: Entscheidung neu bewertet; Aktivität bei fehlendem Live-Check nur als Proxy markiert.,DROP,Primarily consumer/hobby/lifestyle content; weak fit for core opportunity discovery.,EXCLUDE,0
r/loseit,Fitness,"Fitness, Gym, Health",MIXED,LEGACY_647,HOBBY_PROSUMER,C,HOBBY_PROSUMER,JA,WAHRSCHEINLICH_AKTIV_PROXY,MEDIUM,Aktivität aus gelieferten Mitglieder-/Wachstumsdaten abgeleitet; nicht live verifiziert.,MEDIUM,LOW,,"Aktive Hobby-/Prosumer-Zielgruppe; interessant für Tools, Commerce, Organisation und Side-Hustles, aber geringere B2B-Priorität.",150,4200000,111000,Streng,3.988,https://www.reddit.com/r/loseit/,https://www.reddit.com/r/loseit/new/,,Legacy-Seed: Entscheidung neu bewertet; Aktivität bei fehlendem Live-Check nur als Proxy markiert.,DROP,Primarily consumer/hobby/lifestyle content; weak fit for core opportunity discovery.,EXCLUDE,0
r/personaltraining,Fitness,"Fitness, Gym, Health",MIXED,LEGACY_647,HOBBY_PROSUMER,C,HOBBY_PROSUMER,JA,WAHRSCHEINLICH_AKTIV_PROXY,MEDIUM,Aktivität aus gelieferten Mitglieder-/Wachstumsdaten abgeleitet; nicht live verifiziert.,MEDIUM,LOW,,"Aktive Hobby-/Prosumer-Zielgruppe; interessant für Tools, Commerce, Organisation und Side-Hustles, aber geringere B2B-Priorität.",150,89000,23000,Streng,3.112,https://www.reddit.com/r/personaltraining/,https://www.reddit.com/r/personaltraining/new/,,Legacy-Seed: Entscheidung neu bewertet; Aktivität bei fehlendem Live-Check nur als Proxy markiert.,DROP,Primarily consumer/hobby/lifestyle content; weak fit for core opportunity discovery.,EXCLUDE,0
r/physicaltherapy,Fitness,"Fitness, Gym, Health",MIXED,LEGACY_647,HOBBY_PROSUMER,C,HOBBY_PROSUMER,JA,WAHRSCHEINLICH_AKTIV_PROXY,MEDIUM,Aktivität aus gelieferten Mitglieder-/Wachstumsdaten abgeleitet; nicht live verifiziert.,MEDIUM,LOW,,"Aktive Hobby-/Prosumer-Zielgruppe; interessant für Tools, Commerce, Organisation und Side-Hustles, aber geringere B2B-Priorität.",150,97000,14000,Streng,3.073,https://www.reddit.com/r/physicaltherapy/,https://www.reddit.com/r/physicaltherapy/new/,,Legacy-Seed: Entscheidung neu bewertet; Aktivität bei fehlendem Live-Check nur als Proxy markiert.,DROP,Primarily consumer/hobby/lifestyle content; weak fit for core opportunity discovery.,EXCLUDE,0
r/strength_training,Fitness,"Fitness, Gym, Health",MIXED,LEGACY_647,HOBBY_PROSUMER,C,HOBBY_PROSUMER,JA,WAHRSCHEINLICH_AKTIV_PROXY,MEDIUM,Aktivität aus gelieferten Mitglieder-/Wachstumsdaten abgeleitet; nicht live verifiziert.,MEDIUM,LOW,,"Aktive Hobby-/Prosumer-Zielgruppe; interessant für Tools, Commerce, Organisation und Side-Hustles, aber geringere B2B-Priorität.",150,5000000,12000,Streng,4.021,https://www.reddit.com/r/strength_training/,https://www.reddit.com/r/strength_training/new/,,Legacy-Seed: Entscheidung neu bewertet; Aktivität bei fehlendem Live-Check nur als Proxy markiert.,DROP,Primarily consumer/hobby/lifestyle content; weak fit for core opportunity discovery.,EXCLUDE,0
r/weightroom,Fitness,"Fitness, Gym, Health",MIXED,LEGACY_647,HOBBY_PROSUMER,C,HOBBY_PROSUMER,JA,WAHRSCHEINLICH_AKTIV_PROXY,MEDIUM,Aktivität aus gelieferten Mitglieder-/Wachstumsdaten abgeleitet; nicht live verifiziert.,MEDIUM,LOW,,"Aktive Hobby-/Prosumer-Zielgruppe; interessant für Tools, Commerce, Organisation und Side-Hustles, aber geringere B2B-Priorität.",150,395000,,Streng,3.359,https://www.reddit.com/r/weightroom/,https://www.reddit.com/r/weightroom/new/,,Legacy-Seed: Entscheidung neu bewertet; Aktivität bei fehlendem Live-Check nur als Proxy markiert.,DROP,Primarily consumer/hobby/lifestyle content; weak fit for core opportunity discovery.,EXCLUDE,0
r/workout,Fitness,"Fitness, Gym, Health",MIXED,LEGACY_647,HOBBY_PROSUMER,C,HOBBY_PROSUMER,JA,WAHRSCHEINLICH_AKTIV_PROXY,MEDIUM,Aktivität aus gelieferten Mitglieder-/Wachstumsdaten abgeleitet; nicht live verifiziert.,MEDIUM,LOW,,"Aktive Hobby-/Prosumer-Zielgruppe; interessant für Tools, Commerce, Organisation und Side-Hustles, aber geringere B2B-Priorität.",150,587000,141000,Streng,3.591,https://www.reddit.com/r/workout/,https://www.reddit.com/r/workout/new/,,Legacy-Seed: Entscheidung neu bewertet; Aktivität bei fehlendem Live-Check nur als Proxy markiert.,DROP,Primarily consumer/hobby/lifestyle content; weak fit for core opportunity discovery.,EXCLUDE,0
r/yoga,Fitness,"Fitness, Gym, Health",MIXED,LEGACY_647,HOBBY_PROSUMER,C,HOBBY_PROSUMER,JA,WAHRSCHEINLICH_AKTIV_PROXY,MEDIUM,Aktivität aus gelieferten Mitglieder-/Wachstumsdaten abgeleitet; nicht live verifiziert.,MEDIUM,LOW,,"Aktive Hobby-/Prosumer-Zielgruppe; interessant für Tools, Commerce, Organisation und Side-Hustles, aber geringere B2B-Priorität.",150,3300000,42000,Streng,3.918,https://www.reddit.com/r/yoga/,https://www.reddit.com/r/yoga/new/,,Legacy-Seed: Entscheidung neu bewertet; Aktivität bei fehlendem Live-Check nur als Proxy markiert.,DROP,Primarily consumer/hobby/lifestyle content; weak fit for core opportunity discovery.,EXCLUDE,0
r/AskCulinary,Food_Cooking,"Hobbykoeche, Foodies",MIXED,LEGACY_647,HOBBY_PROSUMER,C,HOBBY_PROSUMER,NEIN_BIS_GEPRUEFT,PRUEFEN,LOW,Keine verwertbaren Aktivitätsmetriken in der gelieferten Legacy-Datei.,MEDIUM,LOW,,"Aktive Hobby-/Prosumer-Zielgruppe; interessant für Tools, Commerce, Organisation und Side-Hustles, aber geringere B2B-Priorität.",150,,,Streng - Mehrwert/Rezepte,1.8,https://www.reddit.com/r/AskCulinary/,https://www.reddit.com/r/AskCulinary/new/,,Legacy-Seed: Entscheidung neu bewertet; Aktivität bei fehlendem Live-Check nur als Proxy markiert.,DROP,Primarily consumer/hobby/lifestyle content; weak fit for core opportunity discovery.,EXCLUDE,0
r/Baking,Food_Cooking,"Hobbykoeche, Foodies",MIXED,LEGACY_647,HOBBY_PROSUMER,C,HOBBY_PROSUMER,NEIN_BIS_GEPRUEFT,PRUEFEN,LOW,Keine verwertbaren Aktivitätsmetriken in der gelieferten Legacy-Datei.,MEDIUM,LOW,,"Aktive Hobby-/Prosumer-Zielgruppe; interessant für Tools, Commerce, Organisation und Side-Hustles, aber geringere B2B-Priorität.",150,,,Streng - Mehrwert/Rezepte,1.8,https://www.reddit.com/r/Baking/,https://www.reddit.com/r/Baking/new/,,Legacy-Seed: Entscheidung neu bewertet; Aktivität bei fehlendem Live-Check nur als Proxy markiert.,DROP,Primarily consumer/hobby/lifestyle content; weak fit for core opportunity discovery.,EXCLUDE,0
r/BBQ,Food_Cooking,"Hobbykoeche, Foodies",MIXED,LEGACY_647,HOBBY_PROSUMER,C,HOBBY_PROSUMER,NEIN_BIS_GEPRUEFT,PRUEFEN,LOW,Keine verwertbaren Aktivitätsmetriken in der gelieferten Legacy-Datei.,MEDIUM,LOW,,"Aktive Hobby-/Prosumer-Zielgruppe; interessant für Tools, Commerce, Organisation und Side-Hustles, aber geringere B2B-Priorität.",150,,,Streng - Mehrwert/Rezepte,1.8,https://www.reddit.com/r/BBQ/,https://www.reddit.com/r/BBQ/new/,,Legacy-Seed: Entscheidung neu bewertet; Aktivität bei fehlendem Live-Check nur als Proxy markiert.,DROP,Primarily consumer/hobby/lifestyle content; weak fit for core opportunity discovery.,EXCLUDE,0
r/beer,Food_Cooking,"Hobbykoeche, Foodies",MIXED,LEGACY_647,HOBBY_PROSUMER,C,HOBBY_PROSUMER,NEIN_BIS_GEPRUEFT,PRUEFEN,LOW,Keine verwertbaren Aktivitätsmetriken in der gelieferten Legacy-Datei.,MEDIUM,LOW,,"Aktive Hobby-/Prosumer-Zielgruppe; interessant für Tools, Commerce, Organisation und Side-Hustles, aber geringere B2B-Priorität.",150,,,Streng - Mehrwert/Rezepte,1.8,https://www.reddit.com/r/beer/,https://www.reddit.com/r/beer/new/,,Legacy-Seed: Entscheidung neu bewertet; Aktivität bei fehlendem Live-Check nur als Proxy markiert.,DROP,Primarily consumer/hobby/lifestyle content; weak fit for core opportunity discovery.,EXCLUDE,0
r/Breadit,Food_Cooking,"Hobbykoeche, Foodies",MIXED,LEGACY_647,HOBBY_PROSUMER,C,HOBBY_PROSUMER,NEIN_BIS_GEPRUEFT,PRUEFEN,LOW,Keine verwertbaren Aktivitätsmetriken in der gelieferten Legacy-Datei.,MEDIUM,LOW,,"Aktive Hobby-/Prosumer-Zielgruppe; interessant für Tools, Commerce, Organisation und Side-Hustles, aber geringere B2B-Priorität.",150,,,Streng - Mehrwert/Rezepte,1.8,https://www.reddit.com/r/Breadit/,https://www.reddit.com/r/Breadit/new/,,Legacy-Seed: Entscheidung neu bewertet; Aktivität bei fehlendem Live-Check nur als Proxy markiert.,DROP,Primarily consumer/hobby/lifestyle content; weak fit for core opportunity discovery.,EXCLUDE,0
r/Canning,Food_Cooking,"Hobbykoeche, Foodies",MIXED,LEGACY_647,HOBBY_PROSUMER,C,HOBBY_PROSUMER,NEIN_BIS_GEPRUEFT,PRUEFEN,LOW,Keine verwertbaren Aktivitätsmetriken in der gelieferten Legacy-Datei.,MEDIUM,LOW,,"Aktive Hobby-/Prosumer-Zielgruppe; interessant für Tools, Commerce, Organisation und Side-Hustles, aber geringere B2B-Priorität.",150,,,Streng - Mehrwert/Rezepte,1.8,https://www.reddit.com/r/Canning/,https://www.reddit.com/r/Canning/new/,,Legacy-Seed: Entscheidung neu bewertet; Aktivität bei fehlendem Live-Check nur als Proxy markiert.,DROP,Primarily consumer/hobby/lifestyle content; weak fit for core opportunity discovery.,EXCLUDE,0
r/cocktails,Food_Cooking,"Hobbykoeche, Foodies",MIXED,LEGACY_647,HOBBY_PROSUMER,C,HOBBY_PROSUMER,NEIN_BIS_GEPRUEFT,PRUEFEN,LOW,Keine verwertbaren Aktivitätsmetriken in der gelieferten Legacy-Datei.,MEDIUM,LOW,,"Aktive Hobby-/Prosumer-Zielgruppe; interessant für Tools, Commerce, Organisation und Side-Hustles, aber geringere B2B-Priorität.",150,,,Streng - Mehrwert/Rezepte,1.8,https://www.reddit.com/r/cocktails/,https://www.reddit.com/r/cocktails/new/,,Legacy-Seed: Entscheidung neu bewertet; Aktivität bei fehlendem Live-Check nur als Proxy markiert.,DROP,Primarily consumer/hobby/lifestyle content; weak fit for core opportunity discovery.,EXCLUDE,0
r/Coffee,Food_Cooking,"Hobbykoeche, Foodies",MIXED,LEGACY_647,HOBBY_PROSUMER,C,HOBBY_PROSUMER,NEIN_BIS_GEPRUEFT,PRUEFEN,LOW,Keine verwertbaren Aktivitätsmetriken in der gelieferten Legacy-Datei.,MEDIUM,LOW,,"Aktive Hobby-/Prosumer-Zielgruppe; interessant für Tools, Commerce, Organisation und Side-Hustles, aber geringere B2B-Priorität.",150,,,Streng - Mehrwert/Rezepte,1.8,https://www.reddit.com/r/Coffee/,https://www.reddit.com/r/Coffee/new/,,Legacy-Seed: Entscheidung neu bewertet; Aktivität bei fehlendem Live-Check nur als Proxy markiert.,DROP,Primarily consumer/hobby/lifestyle content; weak fit for core opportunity discovery.,EXCLUDE,0
r/Cooking,Food_Cooking,"Hobbykoeche, Foodies",MIXED,LEGACY_647,HOBBY_PROSUMER,C,HOBBY_PROSUMER,NEIN_BIS_GEPRUEFT,PRUEFEN,LOW,Keine verwertbaren Aktivitätsmetriken in der gelieferten Legacy-Datei.,MEDIUM,LOW,,"Aktive Hobby-/Prosumer-Zielgruppe; interessant für Tools, Commerce, Organisation und Side-Hustles, aber geringere B2B-Priorität.",150,,,Streng - Mehrwert/Rezepte,1.8,https://www.reddit.com/r/Cooking/,https://www.reddit.com/r/Cooking/new/,,Legacy-Seed: Entscheidung neu bewertet; Aktivität bei fehlendem Live-Check nur als Proxy markiert.,DROP,Primarily consumer/hobby/lifestyle content; weak fit for core opportunity discovery.,EXCLUDE,0
r/EatCheapAndHealthy,Food_Cooking,"Hobbykoeche, Foodies",MIXED,LEGACY_647,HOBBY_PROSUMER,C,HOBBY_PROSUMER,NEIN_BIS_GEPRUEFT,PRUEFEN,LOW,Keine verwertbaren Aktivitätsmetriken in der gelieferten Legacy-Datei.,MEDIUM,LOW,,"Aktive Hobby-/Prosumer-Zielgruppe; interessant für Tools, Commerce, Organisation und Side-Hustles, aber geringere B2B-Priorität.",150,,,Streng - Mehrwert/Rezepte,1.8,https://www.reddit.com/r/EatCheapAndHealthy/,https://www.reddit.com/r/EatCheapAndHealthy/new/,,Legacy-Seed: Entscheidung neu bewertet; Aktivität bei fehlendem Live-Check nur als Proxy markiert.,DROP,Primarily consumer/hobby/lifestyle content; weak fit for core opportunity discovery.,EXCLUDE,0
r/fermentation,Food_Cooking,"Hobbykoeche, Foodies",MIXED,LEGACY_647,HOBBY_PROSUMER,C,HOBBY_PROSUMER,NEIN_BIS_GEPRUEFT,PRUEFEN,LOW,Keine verwertbaren Aktivitätsmetriken in der gelieferten Legacy-Datei.,MEDIUM,LOW,,"Aktive Hobby-/Prosumer-Zielgruppe; interessant für Tools, Commerce, Organisation und Side-Hustles, aber geringere B2B-Priorität.",150,,,Streng - Mehrwert/Rezepte,1.8,https://www.reddit.com/r/fermentation/,https://www.reddit.com/r/fermentation/new/,,Legacy-Seed: Entscheidung neu bewertet; Aktivität bei fehlendem Live-Check nur als Proxy markiert.,DROP,Primarily consumer/hobby/lifestyle content; weak fit for core opportunity discovery.,EXCLUDE,0
r/FoodPorn,Food_Cooking,"Hobbykoeche, Foodies",MIXED,LEGACY_647,NICHT_BRAUCHEN,X,EXCLUDE,NEIN,PRUEFEN,LOW,Keine verwertbaren Aktivitätsmetriken in der gelieferten Legacy-Datei.,MEDIUM,LOW,,"Überwiegend Unterhaltung, Promotion oder sehr schwacher Bezug zu lösbaren Arbeits-/Business-Problemen.",0,,,Streng - Mehrwert/Rezepte,1.8,https://www.reddit.com/r/FoodPorn/,https://www.reddit.com/r/FoodPorn/new/,,Legacy-Seed: Entscheidung neu bewertet; Aktivität bei fehlendem Live-Check nur als Proxy markiert.,DROP,Mostly consumer/student/advice/entertainment content; poor fit for recurring business/workflow problem discovery.,EXCLUDE,0
r/glutenfree,Food_Cooking,"Hobbykoeche, Foodies",MIXED,LEGACY_647,HOBBY_PROSUMER,C,HOBBY_PROSUMER,NEIN_BIS_GEPRUEFT,PRUEFEN,LOW,Keine verwertbaren Aktivitätsmetriken in der gelieferten Legacy-Datei.,MEDIUM,LOW,,"Aktive Hobby-/Prosumer-Zielgruppe; interessant für Tools, Commerce, Organisation und Side-Hustles, aber geringere B2B-Priorität.",150,,,Streng - Mehrwert/Rezepte,1.8,https://www.reddit.com/r/glutenfree/,https://www.reddit.com/r/glutenfree/new/,,Legacy-Seed: Entscheidung neu bewertet; Aktivität bei fehlendem Live-Check nur als Proxy markiert.,DROP,Primarily consumer/hobby/lifestyle content; weak fit for core opportunity discovery.,EXCLUDE,0
r/keto,Food_Cooking,"Hobbykoeche, Foodies",MIXED,LEGACY_647,HOBBY_PROSUMER,C,HOBBY_PROSUMER,NEIN_BIS_GEPRUEFT,PRUEFEN,LOW,Keine verwertbaren Aktivitätsmetriken in der gelieferten Legacy-Datei.,MEDIUM,LOW,,"Aktive Hobby-/Prosumer-Zielgruppe; interessant für Tools, Commerce, Organisation und Side-Hustles, aber geringere B2B-Priorität.",150,,,Streng - Mehrwert/Rezepte,1.8,https://www.reddit.com/r/keto/,https://www.reddit.com/r/keto/new/,,Legacy-Seed: Entscheidung neu bewertet; Aktivität bei fehlendem Live-Check nur als Proxy markiert.,DROP,Primarily consumer/hobby/lifestyle content; weak fit for core opportunity discovery.,EXCLUDE,0
r/recipes,Food_Cooking,"Hobbykoeche, Foodies",MIXED,LEGACY_647,HOBBY_PROSUMER,C,HOBBY_PROSUMER,NEIN_BIS_GEPRUEFT,PRUEFEN,LOW,Keine verwertbaren Aktivitätsmetriken in der gelieferten Legacy-Datei.,MEDIUM,LOW,,"Aktive Hobby-/Prosumer-Zielgruppe; interessant für Tools, Commerce, Organisation und Side-Hustles, aber geringere B2B-Priorität.",150,,,Streng - Mehrwert/Rezepte,1.8,https://www.reddit.com/r/recipes/,https://www.reddit.com/r/recipes/new/,,Legacy-Seed: Entscheidung neu bewertet; Aktivität bei fehlendem Live-Check nur als Proxy markiert.,DROP,Primarily consumer/hobby/lifestyle content; weak fit for core opportunity discovery.,EXCLUDE,0
r/slowcooking,Food_Cooking,"Hobbykoeche, Foodies",MIXED,LEGACY_647,HOBBY_PROSUMER,C,HOBBY_PROSUMER,NEIN_BIS_GEPRUEFT,PRUEFEN,LOW,Keine verwertbaren Aktivitätsmetriken in der gelieferten Legacy-Datei.,MEDIUM,LOW,,"Aktive Hobby-/Prosumer-Zielgruppe; interessant für Tools, Commerce, Organisation und Side-Hustles, aber geringere B2B-Priorität.",150,,,Streng - Mehrwert/Rezepte,1.8,https://www.reddit.com/r/slowcooking/,https://www.reddit.com/r/slowcooking/new/,,Legacy-Seed: Entscheidung neu bewertet; Aktivität bei fehlendem Live-Check nur als Proxy markiert.,DROP,Primarily consumer/hobby/lifestyle content; weak fit for core opportunity discovery.,EXCLUDE,0
r/tea,Food_Cooking,"Hobbykoeche, Foodies",MIXED,LEGACY_647,HOBBY_PROSUMER,C,HOBBY_PROSUMER,NEIN_BIS_GEPRUEFT,PRUEFEN,LOW,Keine verwertbaren Aktivitätsmetriken in der gelieferten Legacy-Datei.,MEDIUM,LOW,,"Aktive Hobby-/Prosumer-Zielgruppe; interessant für Tools, Commerce, Organisation und Side-Hustles, aber geringere B2B-Priorität.",150,,,Streng - Mehrwert/Rezepte,1.8,https://www.reddit.com/r/tea/,https://www.reddit.com/r/tea/new/,,Legacy-Seed: Entscheidung neu bewertet; Aktivität bei fehlendem Live-Check nur als Proxy markiert.,DROP,Primarily consumer/hobby/lifestyle content; weak fit for core opportunity discovery.,EXCLUDE,0
r/vegan,Food_Cooking,"Hobbykoeche, Foodies",MIXED,LEGACY_647,HOBBY_PROSUMER,C,HOBBY_PROSUMER,NEIN_BIS_GEPRUEFT,PRUEFEN,LOW,Keine verwertbaren Aktivitätsmetriken in der gelieferten Legacy-Datei.,MEDIUM,LOW,,"Aktive Hobby-/Prosumer-Zielgruppe; interessant für Tools, Commerce, Organisation und Side-Hustles, aber geringere B2B-Priorität.",150,,,Streng - Mehrwert/Rezepte,1.8,https://www.reddit.com/r/vegan/,https://www.reddit.com/r/vegan/new/,,Legacy-Seed: Entscheidung neu bewertet; Aktivität bei fehlendem Live-Check nur als Proxy markiert.,DROP,Primarily consumer/hobby/lifestyle content; weak fit for core opportunity discovery.,EXCLUDE,0
r/vegetarian,Food_Cooking,"Hobbykoeche, Foodies",MIXED,LEGACY_647,HOBBY_PROSUMER,C,HOBBY_PROSUMER,NEIN_BIS_GEPRUEFT,PRUEFEN,LOW,Keine verwertbaren Aktivitätsmetriken in der gelieferten Legacy-Datei.,MEDIUM,LOW,,"Aktive Hobby-/Prosumer-Zielgruppe; interessant für Tools, Commerce, Organisation und Side-Hustles, aber geringere B2B-Priorität.",150,,,Streng - Mehrwert/Rezepte,1.8,https://www.reddit.com/r/vegetarian/,https://www.reddit.com/r/vegetarian/new/,,Legacy-Seed: Entscheidung neu bewertet; Aktivität bei fehlendem Live-Check nur als Proxy markiert.,DROP,Primarily consumer/hobby/lifestyle content; weak fit for core opportunity discovery.,EXCLUDE,0
r/wine,Food_Cooking,"Hobbykoeche, Foodies",MIXED,LEGACY_647,HOBBY_PROSUMER,C,HOBBY_PROSUMER,NEIN_BIS_GEPRUEFT,PRUEFEN,LOW,Keine verwertbaren Aktivitätsmetriken in der gelieferten Legacy-Datei.,MEDIUM,LOW,,"Aktive Hobby-/Prosumer-Zielgruppe; interessant für Tools, Commerce, Organisation und Side-Hustles, aber geringere B2B-Priorität.",150,,,Streng - Mehrwert/Rezepte,1.8,https://www.reddit.com/r/wine/,https://www.reddit.com/r/wine/new/,,Legacy-Seed: Entscheidung neu bewertet; Aktivität bei fehlendem Live-Check nur als Proxy markiert.,DROP,Primarily consumer/hobby/lifestyle content; weak fit for core opportunity discovery.,EXCLUDE,0
r/CozyGamers,Gaming,"Gamer, Indie-Gaming, Streamer",MIXED,LEGACY_647,HOBBY_PROSUMER,C,HOBBY_PROSUMER,JA,WAHRSCHEINLICH_AKTIV_PROXY,MEDIUM,Aktivität aus gelieferten Mitglieder-/Wachstumsdaten abgeleitet; nicht live verifiziert.,MEDIUM,LOW,,"Aktive Hobby-/Prosumer-Zielgruppe; interessant für Tools, Commerce, Organisation und Side-Hustles, aber geringere B2B-Priorität.",150,393000,118000,Streng - kein Verkauf/Selbstpromo,3.519,https://www.reddit.com/r/CozyGamers/,https://www.reddit.com/r/CozyGamers/new/,,Legacy-Seed: Entscheidung neu bewertet; Aktivität bei fehlendem Live-Check nur als Proxy markiert.,DROP,Primarily consumer/hobby/lifestyle content; weak fit for core opportunity discovery.,EXCLUDE,0
r/GamerPals,Gaming,"Gamer, Indie-Gaming, Streamer",MIXED,LEGACY_647,NICHT_BRAUCHEN,X,EXCLUDE,NEIN,WAHRSCHEINLICH_AKTIV_PROXY,MEDIUM,Aktivität aus gelieferten Mitglieder-/Wachstumsdaten abgeleitet; nicht live verifiziert.,MEDIUM,LOW,,"Überwiegend Unterhaltung, Promotion oder sehr schwacher Bezug zu lösbaren Arbeits-/Business-Problemen.",0,197000,32000,Streng - kein Verkauf/Selbstpromo,3.266,https://www.reddit.com/r/GamerPals/,https://www.reddit.com/r/GamerPals/new/,,Legacy-Seed: Entscheidung neu bewertet; Aktivität bei fehlendem Live-Check nur als Proxy markiert.,DROP,Mostly consumer/student/advice/entertainment content; poor fit for recurring business/workflow problem discovery.,EXCLUDE,0
r/gamers,Gaming,"Gamer, Indie-Gaming, Streamer",MIXED,LEGACY_647,HOBBY_PROSUMER,C,HOBBY_PROSUMER,JA,WAHRSCHEINLICH_AKTIV_PROXY,MEDIUM,Aktivität aus gelieferten Mitglieder-/Wachstumsdaten abgeleitet; nicht live verifiziert.,MEDIUM,LOW,,"Aktive Hobby-/Prosumer-Zielgruppe; interessant für Tools, Commerce, Organisation und Side-Hustles, aber geringere B2B-Priorität.",150,82000,46000,Streng - kein Verkauf/Selbstpromo,3.254,https://www.reddit.com/r/gamers/,https://www.reddit.com/r/gamers/new/,,Legacy-Seed: Entscheidung neu bewertet; Aktivität bei fehlendem Live-Check nur als Proxy markiert.,DROP,Mostly consumer/student/advice/entertainment content; poor fit for recurring business/workflow problem discovery.,EXCLUDE,0
r/gaming,Gaming,"Gamer, Indie-Gaming, Streamer",MIXED,LEGACY_647,HOBBY_PROSUMER,C,HOBBY_PROSUMER,JA,WAHRSCHEINLICH_AKTIV_PROXY,MEDIUM,Aktivität aus gelieferten Mitglieder-/Wachstumsdaten abgeleitet; nicht live verifiziert.,MEDIUM,LOW,,"Aktive Hobby-/Prosumer-Zielgruppe; interessant für Tools, Commerce, Organisation und Side-Hustles, aber geringere B2B-Priorität.",150,47100000,349000,Streng - kein Verkauf/Selbstpromo,4.608,https://www.reddit.com/r/gaming/,https://www.reddit.com/r/gaming/new/,,Legacy-Seed: Entscheidung neu bewertet; Aktivität bei fehlendem Live-Check nur als Proxy markiert.,DROP,Mostly consumer/student/advice/entertainment content; poor fit for recurring business/workflow problem discovery.,EXCLUDE,0
r/GamingLeaksAndRumours,Gaming,"Gamer, Indie-Gaming, Streamer",MIXED,LEGACY_647,NICHT_BRAUCHEN,X,EXCLUDE,NEIN,WAHRSCHEINLICH_AKTIV_PROXY,MEDIUM,Aktivität aus gelieferten Mitglieder-/Wachstumsdaten abgeleitet; nicht live verifiziert.,MEDIUM,LOW,,"Überwiegend Unterhaltung, Promotion oder sehr schwacher Bezug zu lösbaren Arbeits-/Business-Problemen.",0,576000,70000,Streng - kein Verkauf/Selbstpromo,3.522,https://www.reddit.com/r/GamingLeaksAndRumours/,https://www.reddit.com/r/GamingLeaksAndRumours/new/,,Legacy-Seed: Entscheidung neu bewertet; Aktivität bei fehlendem Live-Check nur als Proxy markiert.,DROP,Mostly consumer/student/advice/entertainment content; poor fit for recurring business/workflow problem discovery.,EXCLUDE,0
r/indiegames,Gaming,"Gamer, Indie-Gaming, Streamer",MIXED,LEGACY_647,HOBBY_PROSUMER,C,HOBBY_PROSUMER,NEIN_BIS_GEPRUEFT,PRUEFEN,LOW,Keine verwertbaren Aktivitätsmetriken in der gelieferten Legacy-Datei.,MEDIUM,LOW,,"Aktive Hobby-/Prosumer-Zielgruppe; interessant für Tools, Commerce, Organisation und Side-Hustles, aber geringere B2B-Priorität.",150,,,Streng - kein Verkauf/Selbstpromo,1.8,https://www.reddit.com/r/indiegames/,https://www.reddit.com/r/indiegames/new/,,Legacy-Seed: Entscheidung neu bewertet; Aktivität bei fehlendem Live-Check nur als Proxy markiert.,DROP,Primarily consumer/hobby/lifestyle content; weak fit for core opportunity discovery.,EXCLUDE,0
r/IndieGaming,Gaming,"Gamer, Indie-Gaming, Streamer",MIXED,LEGACY_647,HOBBY_PROSUMER,C,HOBBY_PROSUMER,JA,WAHRSCHEINLICH_AKTIV_PROXY,MEDIUM,Aktivität aus gelieferten Mitglieder-/Wachstumsdaten abgeleitet; nicht live verifiziert.,MEDIUM,LOW,,"Aktive Hobby-/Prosumer-Zielgruppe; interessant für Tools, Commerce, Organisation und Side-Hustles, aber geringere B2B-Priorität.",150,486000,88000,Streng - kein Verkauf/Selbstpromo,3.51,https://www.reddit.com/r/IndieGaming/,https://www.reddit.com/r/IndieGaming/new/,,Legacy-Seed: Entscheidung neu bewertet; Aktivität bei fehlendem Live-Check nur als Proxy markiert.,DROP,Primarily consumer/hobby/lifestyle content; weak fit for core opportunity discovery.,EXCLUDE,0
r/linux_gaming,Gaming,"Gamer, Indie-Gaming, Streamer",MIXED,LEGACY_647,HOBBY_PROSUMER,C,HOBBY_PROSUMER,JA,WAHRSCHEINLICH_AKTIV_PROXY,MEDIUM,Aktivität aus gelieferten Mitglieder-/Wachstumsdaten abgeleitet; nicht live verifiziert.,MEDIUM,LOW,,"Aktive Hobby-/Prosumer-Zielgruppe; interessant für Tools, Commerce, Organisation und Side-Hustles, aber geringere B2B-Priorität.",150,418000,87000,Streng - kein Verkauf/Selbstpromo,3.486,https://www.reddit.com/r/linux_gaming/,https://www.reddit.com/r/linux_gaming/new/,,Legacy-Seed: Entscheidung neu bewertet; Aktivität bei fehlendem Live-Check nur als Proxy markiert.,DROP,Primarily consumer/hobby/lifestyle content; weak fit for core opportunity discovery.,EXCLUDE,0
r/macgaming,Gaming,"Gamer, Indie-Gaming, Streamer",MIXED,LEGACY_647,HOBBY_PROSUMER,C,HOBBY_PROSUMER,JA,WAHRSCHEINLICH_AKTIV_PROXY,MEDIUM,Aktivität aus gelieferten Mitglieder-/Wachstumsdaten abgeleitet; nicht live verifiziert.,MEDIUM,LOW,,"Aktive Hobby-/Prosumer-Zielgruppe; interessant für Tools, Commerce, Organisation und Side-Hustles, aber geringere B2B-Priorität.",150,264000,48000,Streng - kein Verkauf/Selbstpromo,3.352,https://www.reddit.com/r/macgaming/,https://www.reddit.com/r/macgaming/new/,,Legacy-Seed: Entscheidung neu bewertet; Aktivität bei fehlendem Live-Check nur als Proxy markiert.,DROP,Primarily consumer/hobby/lifestyle content; weak fit for core opportunity discovery.,EXCLUDE,0
r/pcgaming,Gaming,"Gamer, Indie-Gaming, Streamer",MIXED,LEGACY_647,HOBBY_PROSUMER,C,HOBBY_PROSUMER,JA,WAHRSCHEINLICH_AKTIV_PROXY,MEDIUM,Aktivität aus gelieferten Mitglieder-/Wachstumsdaten abgeleitet; nicht live verifiziert.,MEDIUM,LOW,,"Aktive Hobby-/Prosumer-Zielgruppe; interessant für Tools, Commerce, Organisation und Side-Hustles, aber geringere B2B-Priorität.",150,4000000,135000,Streng - kein Verkauf/Selbstpromo,3.98,https://www.reddit.com/r/pcgaming/,https://www.reddit.com/r/pcgaming/new/,,Legacy-Seed: Entscheidung neu bewertet; Aktivität bei fehlendem Live-Check nur als Proxy markiert.,DROP,Primarily consumer/hobby/lifestyle content; weak fit for core opportunity discovery.,EXCLUDE,0
r/TwitchStreaming,Gaming,"Gamer, Indie-Gaming, Streamer",MIXED,LEGACY_647,HOBBY_PROSUMER,C,HOBBY_PROSUMER,JA,AKTIV_NISCHE_PROXY,MEDIUM,Kleinere/nischige Community laut Legacy-Daten; vor großem Scan live prüfen.,MEDIUM,LOW,,"Aktive Hobby-/Prosumer-Zielgruppe; interessant für Tools, Commerce, Organisation und Side-Hustles, aber geringere B2B-Priorität.",150,20000,,Streng - kein Verkauf/Selbstpromo,2.593,https://www.reddit.com/r/TwitchStreaming/,https://www.reddit.com/r/TwitchStreaming/new/,,Legacy-Seed: Entscheidung neu bewertet; Aktivität bei fehlendem Live-Check nur als Proxy markiert.,DROP,Primarily consumer/hobby/lifestyle content; weak fit for core opportunity discovery.,EXCLUDE,0
r/XboxGamers,Gaming,"Gamer, Indie-Gaming, Streamer",MIXED,LEGACY_647,HOBBY_PROSUMER,C,HOBBY_PROSUMER,JA,WAHRSCHEINLICH_AKTIV_PROXY,MEDIUM,Aktivität aus gelieferten Mitglieder-/Wachstumsdaten abgeleitet; nicht live verifiziert.,MEDIUM,LOW,,"Aktive Hobby-/Prosumer-Zielgruppe; interessant für Tools, Commerce, Organisation und Side-Hustles, aber geringere B2B-Priorität.",150,22000,11000,Streng - kein Verkauf/Selbstpromo,2.887,https://www.reddit.com/r/XboxGamers/,https://www.reddit.com/r/XboxGamers/new/,,Legacy-Seed: Entscheidung neu bewertet; Aktivität bei fehlendem Live-Check nur als Proxy markiert.,DROP,Primarily consumer/hobby/lifestyle content; weak fit for core opportunity discovery.,EXCLUDE,0
r/BackYardChickens,Gardening,"Gaertner, Pflanzen-Fans",MIXED,LEGACY_647,HOBBY_PROSUMER,C,HOBBY_PROSUMER,NEIN_BIS_GEPRUEFT,PRUEFEN,LOW,Keine verwertbaren Aktivitätsmetriken in der gelieferten Legacy-Datei.,MEDIUM,LOW,,"Aktive Hobby-/Prosumer-Zielgruppe; interessant für Tools, Commerce, Organisation und Side-Hustles, aber geringere B2B-Priorität.",150,,,Streng - nur ueber Mehrwert,1.8,https://www.reddit.com/r/BackYardChickens/,https://www.reddit.com/r/BackYardChickens/new/,,Legacy-Seed: Entscheidung neu bewertet; Aktivität bei fehlendem Live-Check nur als Proxy markiert.,DROP,Primarily consumer/hobby/lifestyle content; weak fit for core opportunity discovery.,EXCLUDE,0
r/Bonsai,Gardening,"Gaertner, Pflanzen-Fans",MIXED,LEGACY_647,HOBBY_PROSUMER,C,HOBBY_PROSUMER,NEIN_BIS_GEPRUEFT,PRUEFEN,LOW,Keine verwertbaren Aktivitätsmetriken in der gelieferten Legacy-Datei.,MEDIUM,LOW,,"Aktive Hobby-/Prosumer-Zielgruppe; interessant für Tools, Commerce, Organisation und Side-Hustles, aber geringere B2B-Priorität.",150,,,Streng - nur ueber Mehrwert,1.8,https://www.reddit.com/r/Bonsai/,https://www.reddit.com/r/Bonsai/new/,,Legacy-Seed: Entscheidung neu bewertet; Aktivität bei fehlendem Live-Check nur als Proxy markiert.,DROP,Primarily consumer/hobby/lifestyle content; weak fit for core opportunity discovery.,EXCLUDE,0
r/flowers,Gardening,"Gaertner, Pflanzen-Fans",MIXED,LEGACY_647,HOBBY_PROSUMER,C,HOBBY_PROSUMER,JA,WAHRSCHEINLICH_AKTIV_PROXY,MEDIUM,Aktivität aus gelieferten Mitglieder-/Wachstumsdaten abgeleitet; nicht live verifiziert.,MEDIUM,LOW,,"Aktive Hobby-/Prosumer-Zielgruppe; interessant für Tools, Commerce, Organisation und Side-Hustles, aber geringere B2B-Priorität.",150,217000,53000,Streng - nur ueber Mehrwert,3.335,https://www.reddit.com/r/flowers/,https://www.reddit.com/r/flowers/new/,,Legacy-Seed: Entscheidung neu bewertet; Aktivität bei fehlendem Live-Check nur als Proxy markiert.,DROP,Primarily consumer/hobby/lifestyle content; weak fit for core opportunity discovery.,EXCLUDE,0
r/foraging,Gardening,"Gaertner, Pflanzen-Fans",MIXED,LEGACY_647,HOBBY_PROSUMER,C,HOBBY_PROSUMER,NEIN_BIS_GEPRUEFT,PRUEFEN,LOW,Keine verwertbaren Aktivitätsmetriken in der gelieferten Legacy-Datei.,MEDIUM,LOW,,"Aktive Hobby-/Prosumer-Zielgruppe; interessant für Tools, Commerce, Organisation und Side-Hustles, aber geringere B2B-Priorität.",150,,,Streng - nur ueber Mehrwert,1.8,https://www.reddit.com/r/foraging/,https://www.reddit.com/r/foraging/new/,,Legacy-Seed: Entscheidung neu bewertet; Aktivität bei fehlendem Live-Check nur als Proxy markiert.,DROP,Primarily consumer/hobby/lifestyle content; weak fit for core opportunity discovery.,EXCLUDE,0
r/GardenersWorld,Gardening,"Gaertner, Pflanzen-Fans",MIXED,LEGACY_647,HOBBY_PROSUMER,C,HOBBY_PROSUMER,JA,AKTIV_NISCHE_PROXY,MEDIUM,Kleinere/nischige Community laut Legacy-Daten; vor großem Scan live prüfen.,MEDIUM,LOW,,"Aktive Hobby-/Prosumer-Zielgruppe; interessant für Tools, Commerce, Organisation und Side-Hustles, aber geringere B2B-Priorität.",150,4000,,Streng - nur ueber Mehrwert,2.219,https://www.reddit.com/r/GardenersWorld/,https://www.reddit.com/r/GardenersWorld/new/,,Legacy-Seed: Entscheidung neu bewertet; Aktivität bei fehlendem Live-Check nur als Proxy markiert.,DROP,Primarily consumer/hobby/lifestyle content; weak fit for core opportunity discovery.,EXCLUDE,0
r/GardeningUK,Gardening,"Gaertner, Pflanzen-Fans",MIXED,LEGACY_647,HOBBY_PROSUMER,C,HOBBY_PROSUMER,JA,WAHRSCHEINLICH_AKTIV_PROXY,MEDIUM,Aktivität aus gelieferten Mitglieder-/Wachstumsdaten abgeleitet; nicht live verifiziert.,MEDIUM,LOW,,"Aktive Hobby-/Prosumer-Zielgruppe; interessant für Tools, Commerce, Organisation und Side-Hustles, aber geringere B2B-Priorität.",150,244000,48000,Streng - nur ueber Mehrwert,3.34,https://www.reddit.com/r/GardeningUK/,https://www.reddit.com/r/GardeningUK/new/,,Legacy-Seed: Entscheidung neu bewertet; Aktivität bei fehlendem Live-Check nur als Proxy markiert.,DROP,Primarily consumer/hobby/lifestyle content; weak fit for core opportunity discovery.,EXCLUDE,0
r/IndoorGarden,Gardening,"Gaertner, Pflanzen-Fans",MIXED,LEGACY_647,HOBBY_PROSUMER,C,HOBBY_PROSUMER,NEIN_BIS_GEPRUEFT,PRUEFEN,LOW,Keine verwertbaren Aktivitätsmetriken in der gelieferten Legacy-Datei.,MEDIUM,LOW,,"Aktive Hobby-/Prosumer-Zielgruppe; interessant für Tools, Commerce, Organisation und Side-Hustles, aber geringere B2B-Priorität.",150,,,Streng - nur ueber Mehrwert,1.8,https://www.reddit.com/r/IndoorGarden/,https://www.reddit.com/r/IndoorGarden/new/,,Legacy-Seed: Entscheidung neu bewertet; Aktivität bei fehlendem Live-Check nur als Proxy markiert.,DROP,Primarily consumer/hobby/lifestyle content; weak fit for core opportunity discovery.,EXCLUDE,0
r/mycology,Gardening,"Gaertner, Pflanzen-Fans",MIXED,LEGACY_647,HOBBY_PROSUMER,C,HOBBY_PROSUMER,JA,WAHRSCHEINLICH_AKTIV_PROXY,MEDIUM,Aktivität aus gelieferten Mitglieder-/Wachstumsdaten abgeleitet; nicht live verifiziert.,MEDIUM,LOW,,"Aktive Hobby-/Prosumer-Zielgruppe; interessant für Tools, Commerce, Organisation und Side-Hustles, aber geringere B2B-Priorität.",150,901000,112000,Streng - nur ueber Mehrwert,3.64,https://www.reddit.com/r/mycology/,https://www.reddit.com/r/mycology/new/,,Legacy-Seed: Entscheidung neu bewertet; Aktivität bei fehlendem Live-Check nur als Proxy markiert.,DROP,Primarily consumer/hobby/lifestyle content; weak fit for core opportunity discovery.,EXCLUDE,0
r/OrganicGardening,Gardening,"Gaertner, Pflanzen-Fans",MIXED,LEGACY_647,HOBBY_PROSUMER,C,HOBBY_PROSUMER,NEIN_BIS_GEPRUEFT,PRUEFEN,LOW,Keine verwertbaren Aktivitätsmetriken in der gelieferten Legacy-Datei.,MEDIUM,LOW,,"Aktive Hobby-/Prosumer-Zielgruppe; interessant für Tools, Commerce, Organisation und Side-Hustles, aber geringere B2B-Priorität.",150,,,Streng - nur ueber Mehrwert,1.8,https://www.reddit.com/r/OrganicGardening/,https://www.reddit.com/r/OrganicGardening/new/,,Legacy-Seed: Entscheidung neu bewertet; Aktivität bei fehlendem Live-Check nur als Proxy markiert.,DROP,Primarily consumer/hobby/lifestyle content; weak fit for core opportunity discovery.,EXCLUDE,0
r/Permaculture,Gardening,"Gaertner, Pflanzen-Fans",MIXED,LEGACY_647,HOBBY_PROSUMER,C,HOBBY_PROSUMER,JA,WAHRSCHEINLICH_AKTIV_PROXY,MEDIUM,Aktivität aus gelieferten Mitglieder-/Wachstumsdaten abgeleitet; nicht live verifiziert.,MEDIUM,LOW,,"Aktive Hobby-/Prosumer-Zielgruppe; interessant für Tools, Commerce, Organisation und Side-Hustles, aber geringere B2B-Priorität.",150,362000,39000,Streng - nur ueber Mehrwert,3.394,https://www.reddit.com/r/Permaculture/,https://www.reddit.com/r/Permaculture/new/,,Legacy-Seed: Entscheidung neu bewertet; Aktivität bei fehlendem Live-Check nur als Proxy markiert.,DROP,Primarily consumer/hobby/lifestyle content; weak fit for core opportunity discovery.,EXCLUDE,0
r/SavageGarden,Gardening,"Gaertner, Pflanzen-Fans",MIXED,LEGACY_647,HOBBY_PROSUMER,C,HOBBY_PROSUMER,JA,WAHRSCHEINLICH_AKTIV_PROXY,MEDIUM,Aktivität aus gelieferten Mitglieder-/Wachstumsdaten abgeleitet; nicht live verifiziert.,MEDIUM,LOW,,"Aktive Hobby-/Prosumer-Zielgruppe; interessant für Tools, Commerce, Organisation und Side-Hustles, aber geringere B2B-Priorität.",150,237000,24000,Streng - nur ueber Mehrwert,3.281,https://www.reddit.com/r/SavageGarden/,https://www.reddit.com/r/SavageGarden/new/,,Legacy-Seed: Entscheidung neu bewertet; Aktivität bei fehlendem Live-Check nur als Proxy markiert.,DROP,Primarily consumer/hobby/lifestyle content; weak fit for core opportunity discovery.,EXCLUDE,0
r/succulents,Gardening,"Gaertner, Pflanzen-Fans",MIXED,LEGACY_647,HOBBY_PROSUMER,C,HOBBY_PROSUMER,JA,WAHRSCHEINLICH_AKTIV_PROXY,MEDIUM,Aktivität aus gelieferten Mitglieder-/Wachstumsdaten abgeleitet; nicht live verifiziert.,MEDIUM,LOW,,"Aktive Hobby-/Prosumer-Zielgruppe; interessant für Tools, Commerce, Organisation und Side-Hustles, aber geringere B2B-Priorität.",150,744000,47000,Streng - nur ueber Mehrwert,3.557,https://www.reddit.com/r/succulents/,https://www.reddit.com/r/succulents/new/,,Legacy-Seed: Entscheidung neu bewertet; Aktivität bei fehlendem Live-Check nur als Proxy markiert.,DROP,Primarily consumer/hobby/lifestyle content; weak fit for core opportunity discovery.,EXCLUDE,0
r/UrbanGardening,Gardening,"Gaertner, Pflanzen-Fans",MIXED,LEGACY_647,HOBBY_PROSUMER,C,HOBBY_PROSUMER,JA,WAHRSCHEINLICH_AKTIV_PROXY,MEDIUM,Aktivität aus gelieferten Mitglieder-/Wachstumsdaten abgeleitet; nicht live verifiziert.,MEDIUM,LOW,,"Aktive Hobby-/Prosumer-Zielgruppe; interessant für Tools, Commerce, Organisation und Side-Hustles, aber geringere B2B-Priorität.",150,64000,19000,Streng - nur ueber Mehrwert,3.048,https://www.reddit.com/r/UrbanGardening/,https://www.reddit.com/r/UrbanGardening/new/,,Legacy-Seed: Entscheidung neu bewertet; Aktivität bei fehlendem Live-Check nur als Proxy markiert.,DROP,Primarily consumer/hobby/lifestyle content; weak fit for core opportunity discovery.,EXCLUDE,0
r/vegetablegardening,Gardening,"Gaertner, Pflanzen-Fans",MIXED,LEGACY_647,HOBBY_PROSUMER,C,HOBBY_PROSUMER,JA,WAHRSCHEINLICH_AKTIV_PROXY,MEDIUM,Aktivität aus gelieferten Mitglieder-/Wachstumsdaten abgeleitet; nicht live verifiziert.,MEDIUM,LOW,,"Aktive Hobby-/Prosumer-Zielgruppe; interessant für Tools, Commerce, Organisation und Side-Hustles, aber geringere B2B-Priorität.",150,800000,112000,Streng - nur ueber Mehrwert,3.618,https://www.reddit.com/r/vegetablegardening/,https://www.reddit.com/r/vegetablegardening/new/,,Legacy-Seed: Entscheidung neu bewertet; Aktivität bei fehlendem Live-Check nur als Proxy markiert.,DROP,Primarily consumer/hobby/lifestyle content; weak fit for core opportunity discovery.,EXCLUDE,0
r/whatsthisplant,Gardening,"Gaertner, Pflanzen-Fans",MIXED,LEGACY_647,HOBBY_PROSUMER,C,HOBBY_PROSUMER,JA,WAHRSCHEINLICH_AKTIV_PROXY,MEDIUM,Aktivität aus gelieferten Mitglieder-/Wachstumsdaten abgeleitet; nicht live verifiziert.,MEDIUM,LOW,,"Aktive Hobby-/Prosumer-Zielgruppe; interessant für Tools, Commerce, Organisation und Side-Hustles, aber geringere B2B-Priorität.",150,1800000,242000,Streng - nur ueber Mehrwert,3.826,https://www.reddit.com/r/whatsthisplant/,https://www.reddit.com/r/whatsthisplant/new/,,Legacy-Seed: Entscheidung neu bewertet; Aktivität bei fehlendem Live-Check nur als Proxy markiert.,DROP,Primarily consumer/hobby/lifestyle content; weak fit for core opportunity discovery.,EXCLUDE,0
r/bodyweightfitness,Health_Wellness,Health-/Wellness-Interessierte,MIXED,LEGACY_647,HOBBY_PROSUMER,C,HOBBY_PROSUMER,NEIN_BIS_GEPRUEFT,PRUEFEN,LOW,Keine verwertbaren Aktivitätsmetriken in der gelieferten Legacy-Datei.,MEDIUM,HIGH,,"Aktive Hobby-/Prosumer-Zielgruppe; interessant für Tools, Commerce, Organisation und Side-Hustles, aber geringere B2B-Priorität.",150,,,Streng,1.8,https://www.reddit.com/r/bodyweightfitness/,https://www.reddit.com/r/bodyweightfitness/new/,,Legacy-Seed: Entscheidung neu bewertet; Aktivität bei fehlendem Live-Check nur als Proxy markiert.,DROP,Primarily consumer/hobby/lifestyle content; weak fit for core opportunity discovery.,EXCLUDE,0
r/Meditation,Health_Wellness,Health-/Wellness-Interessierte,MIXED,LEGACY_647,HOBBY_PROSUMER,C,HOBBY_PROSUMER,NEIN_BIS_GEPRUEFT,PRUEFEN,LOW,Keine verwertbaren Aktivitätsmetriken in der gelieferten Legacy-Datei.,MEDIUM,HIGH,,"Aktive Hobby-/Prosumer-Zielgruppe; interessant für Tools, Commerce, Organisation und Side-Hustles, aber geringere B2B-Priorität.",150,,,Streng,1.8,https://www.reddit.com/r/Meditation/,https://www.reddit.com/r/Meditation/new/,,Legacy-Seed: Entscheidung neu bewertet; Aktivität bei fehlendem Live-Check nur als Proxy markiert.,DROP,Primarily consumer/hobby/lifestyle content; weak fit for core opportunity discovery.,EXCLUDE,0
r/Mindfulness,Health_Wellness,Health-/Wellness-Interessierte,MIXED,LEGACY_647,HOBBY_PROSUMER,C,HOBBY_PROSUMER,NEIN_BIS_GEPRUEFT,PRUEFEN,LOW,Keine verwertbaren Aktivitätsmetriken in der gelieferten Legacy-Datei.,MEDIUM,HIGH,,"Aktive Hobby-/Prosumer-Zielgruppe; interessant für Tools, Commerce, Organisation und Side-Hustles, aber geringere B2B-Priorität.",150,,,Streng,1.8,https://www.reddit.com/r/Mindfulness/,https://www.reddit.com/r/Mindfulness/new/,,Legacy-Seed: Entscheidung neu bewertet; Aktivität bei fehlendem Live-Check nur als Proxy markiert.,DROP,Primarily consumer/hobby/lifestyle content; weak fit for core opportunity discovery.,EXCLUDE,0
r/Nootropics,Health_Wellness,Health-/Wellness-Interessierte,MIXED,LEGACY_647,HOBBY_PROSUMER,C,HOBBY_PROSUMER,NEIN_BIS_GEPRUEFT,PRUEFEN,LOW,Keine verwertbaren Aktivitätsmetriken in der gelieferten Legacy-Datei.,MEDIUM,HIGH,,"Aktive Hobby-/Prosumer-Zielgruppe; interessant für Tools, Commerce, Organisation und Side-Hustles, aber geringere B2B-Priorität.",150,,,Streng,1.8,https://www.reddit.com/r/Nootropics/,https://www.reddit.com/r/Nootropics/new/,,Legacy-Seed: Entscheidung neu bewertet; Aktivität bei fehlendem Live-Check nur als Proxy markiert.,DROP,Primarily consumer/hobby/lifestyle content; weak fit for core opportunity discovery.,EXCLUDE,0
r/nutrition,Health_Wellness,Health-/Wellness-Interessierte,MIXED,LEGACY_647,HOBBY_PROSUMER,C,HOBBY_PROSUMER,NEIN_BIS_GEPRUEFT,PRUEFEN,LOW,Keine verwertbaren Aktivitätsmetriken in der gelieferten Legacy-Datei.,MEDIUM,HIGH,,"Aktive Hobby-/Prosumer-Zielgruppe; interessant für Tools, Commerce, Organisation und Side-Hustles, aber geringere B2B-Priorität.",150,,,Streng,1.8,https://www.reddit.com/r/nutrition/,https://www.reddit.com/r/nutrition/new/,,Legacy-Seed: Entscheidung neu bewertet; Aktivität bei fehlendem Live-Check nur als Proxy markiert.,DROP,Primarily consumer/hobby/lifestyle content; weak fit for core opportunity discovery.,EXCLUDE,0
r/running,Health_Wellness,Health-/Wellness-Interessierte,MIXED,LEGACY_647,HOBBY_PROSUMER,C,HOBBY_PROSUMER,NEIN_BIS_GEPRUEFT,PRUEFEN,LOW,Keine verwertbaren Aktivitätsmetriken in der gelieferten Legacy-Datei.,MEDIUM,HIGH,,"Aktive Hobby-/Prosumer-Zielgruppe; interessant für Tools, Commerce, Organisation und Side-Hustles, aber geringere B2B-Priorität.",150,,,Streng,1.8,https://www.reddit.com/r/running/,https://www.reddit.com/r/running/new/,,Legacy-Seed: Entscheidung neu bewertet; Aktivität bei fehlendem Live-Check nur als Proxy markiert.,DROP,Primarily consumer/hobby/lifestyle content; weak fit for core opportunity discovery.,EXCLUDE,0
r/stopdrinking,Health_Wellness,Health-/Wellness-Interessierte,MIXED,LEGACY_647,HOBBY_PROSUMER,C,HOBBY_PROSUMER,NEIN_BIS_GEPRUEFT,PRUEFEN,LOW,Keine verwertbaren Aktivitätsmetriken in der gelieferten Legacy-Datei.,MEDIUM,HIGH,,"Aktive Hobby-/Prosumer-Zielgruppe; interessant für Tools, Commerce, Organisation und Side-Hustles, aber geringere B2B-Priorität.",150,,,Streng,1.8,https://www.reddit.com/r/stopdrinking/,https://www.reddit.com/r/stopdrinking/new/,,Legacy-Seed: Entscheidung neu bewertet; Aktivität bei fehlendem Live-Check nur als Proxy markiert.,DROP,Primarily consumer/hobby/lifestyle content; weak fit for core opportunity discovery.,EXCLUDE,0
r/Supplements,Health_Wellness,Health-/Wellness-Interessierte,MIXED,LEGACY_647,HOBBY_PROSUMER,C,HOBBY_PROSUMER,NEIN_BIS_GEPRUEFT,PRUEFEN,LOW,Keine verwertbaren Aktivitätsmetriken in der gelieferten Legacy-Datei.,MEDIUM,HIGH,,"Aktive Hobby-/Prosumer-Zielgruppe; interessant für Tools, Commerce, Organisation und Side-Hustles, aber geringere B2B-Priorität.",150,,,Streng,1.8,https://www.reddit.com/r/Supplements/,https://www.reddit.com/r/Supplements/new/,,Legacy-Seed: Entscheidung neu bewertet; Aktivität bei fehlendem Live-Check nur als Proxy markiert.,DROP,Primarily consumer/hobby/lifestyle content; weak fit for core opportunity discovery.,EXCLUDE,0
r/ChineseLanguage,Language_Learning,Sprachlerner,MIXED,LEGACY_647,HOBBY_PROSUMER,C,HOBBY_PROSUMER,NEIN_BIS_GEPRUEFT,PRUEFEN,LOW,Keine verwertbaren Aktivitätsmetriken in der gelieferten Legacy-Datei.,MEDIUM,LOW,,"Aktive Hobby-/Prosumer-Zielgruppe; interessant für Tools, Commerce, Organisation und Side-Hustles, aber geringere B2B-Priorität.",150,,,Eingeschraenkt - Tools/Apps tw. ok,2.4,https://www.reddit.com/r/ChineseLanguage/,https://www.reddit.com/r/ChineseLanguage/new/,,Legacy-Seed: Entscheidung neu bewertet; Aktivität bei fehlendem Live-Check nur als Proxy markiert.,DROP,Primarily consumer/hobby/lifestyle content; weak fit for core opportunity discovery.,EXCLUDE,0
r/duolingo,Language_Learning,Sprachlerner,MIXED,LEGACY_647,HOBBY_PROSUMER,C,HOBBY_PROSUMER,NEIN_BIS_GEPRUEFT,PRUEFEN,LOW,Keine verwertbaren Aktivitätsmetriken in der gelieferten Legacy-Datei.,MEDIUM,LOW,,"Aktive Hobby-/Prosumer-Zielgruppe; interessant für Tools, Commerce, Organisation und Side-Hustles, aber geringere B2B-Priorität.",150,,,Eingeschraenkt - Tools/Apps tw. ok,2.4,https://www.reddit.com/r/duolingo/,https://www.reddit.com/r/duolingo/new/,,Legacy-Seed: Entscheidung neu bewertet; Aktivität bei fehlendem Live-Check nur als Proxy markiert.,DROP,Primarily consumer/hobby/lifestyle content; weak fit for core opportunity discovery.,EXCLUDE,0
r/EnglishLearning,Language_Learning,Sprachlerner,MIXED,LEGACY_647,HOBBY_PROSUMER,C,HOBBY_PROSUMER,JA,WAHRSCHEINLICH_AKTIV_PROXY,MEDIUM,Aktivität aus gelieferten Mitglieder-/Wachstumsdaten abgeleitet; nicht live verifiziert.,MEDIUM,LOW,,"Aktive Hobby-/Prosumer-Zielgruppe; interessant für Tools, Commerce, Organisation und Side-Hustles, aber geringere B2B-Priorität.",150,692000,185000,Eingeschraenkt - Tools/Apps tw. ok,4.865,https://www.reddit.com/r/EnglishLearning/,https://www.reddit.com/r/EnglishLearning/new/,,Legacy-Seed: Entscheidung neu bewertet; Aktivität bei fehlendem Live-Check nur als Proxy markiert.,DROP,Primarily consumer/hobby/lifestyle content; weak fit for core opportunity discovery.,EXCLUDE,0
r/French,Language_Learning,Sprachlerner,MIXED,LEGACY_647,HOBBY_PROSUMER,C,HOBBY_PROSUMER,NEIN_BIS_GEPRUEFT,PRUEFEN,LOW,Keine verwertbaren Aktivitätsmetriken in der gelieferten Legacy-Datei.,MEDIUM,LOW,,"Aktive Hobby-/Prosumer-Zielgruppe; interessant für Tools, Commerce, Organisation und Side-Hustles, aber geringere B2B-Priorität.",150,,,Eingeschraenkt - Tools/Apps tw. ok,2.4,https://www.reddit.com/r/French/,https://www.reddit.com/r/French/new/,,Legacy-Seed: Entscheidung neu bewertet; Aktivität bei fehlendem Live-Check nur als Proxy markiert.,DROP,Primarily consumer/hobby/lifestyle content; weak fit for core opportunity discovery.,EXCLUDE,0
r/Korean,Language_Learning,Sprachlerner,MIXED,LEGACY_647,HOBBY_PROSUMER,C,HOBBY_PROSUMER,NEIN_BIS_GEPRUEFT,PRUEFEN,LOW,Keine verwertbaren Aktivitätsmetriken in der gelieferten Legacy-Datei.,MEDIUM,LOW,,"Aktive Hobby-/Prosumer-Zielgruppe; interessant für Tools, Commerce, Organisation und Side-Hustles, aber geringere B2B-Priorität.",150,,,Eingeschraenkt - Tools/Apps tw. ok,2.4,https://www.reddit.com/r/Korean/,https://www.reddit.com/r/Korean/new/,,Legacy-Seed: Entscheidung neu bewertet; Aktivität bei fehlendem Live-Check nur als Proxy markiert.,DROP,Primarily consumer/hobby/lifestyle content; weak fit for core opportunity discovery.,EXCLUDE,0
r/language_exchange,Language_Learning,Sprachlerner,MIXED,LEGACY_647,HOBBY_PROSUMER,C,HOBBY_PROSUMER,JA,WAHRSCHEINLICH_AKTIV_PROXY,MEDIUM,Aktivität aus gelieferten Mitglieder-/Wachstumsdaten abgeleitet; nicht live verifiziert.,MEDIUM,LOW,,"Aktive Hobby-/Prosumer-Zielgruppe; interessant für Tools, Commerce, Organisation und Side-Hustles, aber geringere B2B-Priorität.",150,238000,53000,Eingeschraenkt - Tools/Apps tw. ok,4.463,https://www.reddit.com/r/language_exchange/,https://www.reddit.com/r/language_exchange/new/,,Legacy-Seed: Entscheidung neu bewertet; Aktivität bei fehlendem Live-Check nur als Proxy markiert.,DROP,Primarily consumer/hobby/lifestyle content; weak fit for core opportunity discovery.,EXCLUDE,0
r/languagelearning,Language_Learning,Sprachlerner,MIXED,LEGACY_647,HOBBY_PROSUMER,C,HOBBY_PROSUMER,JA,WAHRSCHEINLICH_AKTIV_PROXY,MEDIUM,Aktivität aus gelieferten Mitglieder-/Wachstumsdaten abgeleitet; nicht live verifiziert.,MEDIUM,LOW,,"Aktive Hobby-/Prosumer-Zielgruppe; interessant für Tools, Commerce, Organisation und Side-Hustles, aber geringere B2B-Priorität.",150,3400000,120000,Eingeschraenkt - Tools/Apps tw. ok,5.251,https://www.reddit.com/r/languagelearning/,https://www.reddit.com/r/languagelearning/new/,,Legacy-Seed: Entscheidung neu bewertet; Aktivität bei fehlendem Live-Check nur als Proxy markiert.,DROP,Primarily consumer/hobby/lifestyle content; weak fit for core opportunity discovery.,EXCLUDE,0
r/Learn_English,Language_Learning,Sprachlerner,MIXED,LEGACY_647,HOBBY_PROSUMER,C,HOBBY_PROSUMER,JA,AKTIV_NISCHE_PROXY,MEDIUM,Kleinere/nischige Community laut Legacy-Daten; vor großem Scan live prüfen.,MEDIUM,LOW,,"Aktive Hobby-/Prosumer-Zielgruppe; interessant für Tools, Commerce, Organisation und Side-Hustles, aber geringere B2B-Priorität.",150,4000,1000,Eingeschraenkt - Tools/Apps tw. ok,3.139,https://www.reddit.com/r/Learn_English/,https://www.reddit.com/r/Learn_English/new/,,Legacy-Seed: Entscheidung neu bewertet; Aktivität bei fehlendem Live-Check nur als Proxy markiert.,DROP,Primarily consumer/hobby/lifestyle content; weak fit for core opportunity discovery.,EXCLUDE,0
r/LearnEnglishFree,Language_Learning,Sprachlerner,MIXED,LEGACY_647,HOBBY_PROSUMER,C,HOBBY_PROSUMER,JA,AKTIV_NISCHE_PROXY,MEDIUM,Kleinere/nischige Community laut Legacy-Daten; vor großem Scan live prüfen.,MEDIUM,LOW,,"Aktive Hobby-/Prosumer-Zielgruppe; interessant für Tools, Commerce, Organisation und Side-Hustles, aber geringere B2B-Priorität.",150,4000,1000,Eingeschraenkt - Tools/Apps tw. ok,3.139,https://www.reddit.com/r/LearnEnglishFree/,https://www.reddit.com/r/LearnEnglishFree/new/,,Legacy-Seed: Entscheidung neu bewertet; Aktivität bei fehlendem Live-Check nur als Proxy markiert.,DROP,Primarily consumer/hobby/lifestyle content; weak fit for core opportunity discovery.,EXCLUDE,0
r/learnEnglishOnline,Language_Learning,Sprachlerner,MIXED,LEGACY_647,HOBBY_PROSUMER,C,HOBBY_PROSUMER,JA,WAHRSCHEINLICH_AKTIV_PROXY,MEDIUM,Aktivität aus gelieferten Mitglieder-/Wachstumsdaten abgeleitet; nicht live verifiziert.,MEDIUM,LOW,,"Aktive Hobby-/Prosumer-Zielgruppe; interessant für Tools, Commerce, Organisation und Side-Hustles, aber geringere B2B-Priorität.",150,50000,24000,Eingeschraenkt - Tools/Apps tw. ok,4.112,https://www.reddit.com/r/learnEnglishOnline/,https://www.reddit.com/r/learnEnglishOnline/new/,,Legacy-Seed: Entscheidung neu bewertet; Aktivität bei fehlendem Live-Check nur als Proxy markiert.,DROP,Primarily consumer/hobby/lifestyle content; weak fit for core opportunity discovery.,EXCLUDE,0
r/LearnEnglishOnReddit,Language_Learning,Sprachlerner,MIXED,LEGACY_647,HOBBY_PROSUMER,C,HOBBY_PROSUMER,JA,AKTIV_NISCHE_PROXY,MEDIUM,Kleinere/nischige Community laut Legacy-Daten; vor großem Scan live prüfen.,MEDIUM,LOW,,"Aktive Hobby-/Prosumer-Zielgruppe; interessant für Tools, Commerce, Organisation und Side-Hustles, aber geringere B2B-Priorität.",150,7000,,Eingeschraenkt - Tools/Apps tw. ok,3.122,https://www.reddit.com/r/LearnEnglishOnReddit/,https://www.reddit.com/r/LearnEnglishOnReddit/new/,,Legacy-Seed: Entscheidung neu bewertet; Aktivität bei fehlendem Live-Check nur als Proxy markiert.,DROP,Primarily consumer/hobby/lifestyle content; weak fit for core opportunity discovery.,EXCLUDE,0
r/LearnJapanese,Language_Learning,Sprachlerner,MIXED,LEGACY_647,HOBBY_PROSUMER,C,HOBBY_PROSUMER,NEIN_BIS_GEPRUEFT,PRUEFEN,LOW,Keine verwertbaren Aktivitätsmetriken in der gelieferten Legacy-Datei.,MEDIUM,LOW,,"Aktive Hobby-/Prosumer-Zielgruppe; interessant für Tools, Commerce, Organisation und Side-Hustles, aber geringere B2B-Priorität.",150,,,Eingeschraenkt - Tools/Apps tw. ok,2.4,https://www.reddit.com/r/LearnJapanese/,https://www.reddit.com/r/LearnJapanese/new/,,Legacy-Seed: Entscheidung neu bewertet; Aktivität bei fehlendem Live-Check nur als Proxy markiert.,DROP,Primarily consumer/hobby/lifestyle content; weak fit for core opportunity discovery.,EXCLUDE,0
r/learnspanish,Language_Learning,Sprachlerner,MIXED,LEGACY_647,HOBBY_PROSUMER,C,HOBBY_PROSUMER,NEIN_BIS_GEPRUEFT,PRUEFEN,LOW,Keine verwertbaren Aktivitätsmetriken in der gelieferten Legacy-Datei.,MEDIUM,LOW,,"Aktive Hobby-/Prosumer-Zielgruppe; interessant für Tools, Commerce, Organisation und Side-Hustles, aber geringere B2B-Priorität.",150,,,Eingeschraenkt - Tools/Apps tw. ok,2.4,https://www.reddit.com/r/learnspanish/,https://www.reddit.com/r/learnspanish/new/,,Legacy-Seed: Entscheidung neu bewertet; Aktivität bei fehlendem Live-Check nur als Proxy markiert.,DROP,Primarily consumer/hobby/lifestyle content; weak fit for core opportunity discovery.,EXCLUDE,0
r/Spanish,Language_Learning,Sprachlerner,MIXED,LEGACY_647,HOBBY_PROSUMER,C,HOBBY_PROSUMER,NEIN_BIS_GEPRUEFT,PRUEFEN,LOW,Keine verwertbaren Aktivitätsmetriken in der gelieferten Legacy-Datei.,MEDIUM,LOW,,"Aktive Hobby-/Prosumer-Zielgruppe; interessant für Tools, Commerce, Organisation und Side-Hustles, aber geringere B2B-Priorität.",150,,,Eingeschraenkt - Tools/Apps tw. ok,2.4,https://www.reddit.com/r/Spanish/,https://www.reddit.com/r/Spanish/new/,,Legacy-Seed: Entscheidung neu bewertet; Aktivität bei fehlendem Live-Check nur als Proxy markiert.,DROP,Primarily consumer/hobby/lifestyle content; weak fit for core opportunity discovery.,EXCLUDE,0
r/legal,Legal_Compliance,"Anwälte, Kanzleimitarbeiter, Paralegals, Compliance- und Privacy-Profis",PRACTITIONER / PROFESSIONAL,EXPANSION_314,BRAUCHEN_TESTEN,B,EXPLORATION,JA,ACTIVE_VERIFIED_2026-09,HIGH,Current /new feed checked via web in Sep 2026,MEDIUM,MEDIUM,"Dokumenten- und Fallmanagement, Fristen, Intake, Abrechnung, Compliance, Recherche, Übergaben",Sinnvoller Exploration-Pilot; Research-Yield messen.,250,,,,,https://www.reddit.com/r/legal/,https://www.reddit.com/r/legal/new/,2026-09-18,Current /new feed checked via web in Sep 2026,DROP,Mostly consumer/student/advice/entertainment content; poor fit for recurring business/workflow problem discovery.,EXCLUDE,0
r/LegalAdviceUK,Legal_Compliance,"Anwälte, Kanzleimitarbeiter, Paralegals, Compliance- und Privacy-Profis",PRACTITIONER / PROFESSIONAL,EXPANSION_314,BRAUCHEN_TESTEN,B,EXPLORATION,JA,ACTIVE_VERIFIED_2026-09,HIGH,Current /new feed checked via web in Sep 2026,MEDIUM,MEDIUM,"Dokumenten- und Fallmanagement, Fristen, Intake, Abrechnung, Compliance, Recherche, Übergaben",Sinnvoller Exploration-Pilot; Research-Yield messen.,250,,,,,https://www.reddit.com/r/LegalAdviceUK/,https://www.reddit.com/r/LegalAdviceUK/new/,2026-09-18,Current /new feed checked via web in Sep 2026,DROP,Mostly consumer/student/advice/entertainment content; poor fit for recurring business/workflow problem discovery.,EXCLUDE,0
r/ABA,MentalHealth_Social,"Therapeuten, Sozialarbeiter, Psychologie- und Beratungsberufe",PRACTITIONER / PROFESSIONAL,EXPANSION_314,BRAUCHEN_TESTEN,B,EXPLORATION,JA,ACTIVE_VERIFIED_2026-09,HIGH,Current /new feed checked via web in Sep 2026,MEDIUM,HIGH,"Dokumentation, Fallmanagement, Terminierung, Administration, Reporting und Praxisorganisation",Sinnvoller Exploration-Pilot; Research-Yield messen.,250,,,,,https://www.reddit.com/r/ABA/,https://www.reddit.com/r/ABA/new/,2026-09-18,Current /new feed checked via web in Sep 2026,DROP,Primarily consumer/hobby/lifestyle content; weak fit for core opportunity discovery.,EXCLUDE,0
r/ClinicalPsychology,MentalHealth_Social,"Therapeuten, Sozialarbeiter, Psychologie- und Beratungsberufe",PRACTITIONER / PROFESSIONAL,EXPANSION_314,BRAUCHEN_TESTEN,B,EXPLORATION,JA,ACTIVE_VERIFIED_2026-09,HIGH,Current /new feed checked via web in Sep 2026,MEDIUM,HIGH,"Dokumentation, Fallmanagement, Terminierung, Administration, Reporting und Praxisorganisation",Sinnvoller Exploration-Pilot; Research-Yield messen.,250,,,,,https://www.reddit.com/r/ClinicalPsychology/,https://www.reddit.com/r/ClinicalPsychology/new/,2026-09-18,Current /new feed checked via web in Sep 2026,DROP,Primarily consumer/hobby/lifestyle content; weak fit for core opportunity discovery.,EXCLUDE,0
r/counselors,MentalHealth_Social,"Therapeuten, Sozialarbeiter, Psychologie- und Beratungsberufe",PRACTITIONER / PROFESSIONAL,EXPANSION_314,BRAUCHEN_TESTEN,B,EXPLORATION,NEIN_BIS_GEPRUEFT,PRUEFEN,LOW,Web check returned unavailable/error; verify before use,MEDIUM,HIGH,"Dokumentation, Fallmanagement, Terminierung, Administration, Reporting und Praxisorganisation",Sinnvoller Exploration-Pilot; Research-Yield messen.,250,,,,,https://www.reddit.com/r/counselors/,https://www.reddit.com/r/counselors/new/,,Web check returned unavailable/error; verify before use,DROP,Primarily consumer/hobby/lifestyle content; weak fit for core opportunity discovery.,EXCLUDE,0
r/psychotherapy,MentalHealth_Social,"Therapeuten, Sozialarbeiter, Psychologie- und Beratungsberufe",PRACTITIONER / PROFESSIONAL,EXPANSION_314,BRAUCHEN_TESTEN,B,EXPLORATION,NEIN_BIS_GEPRUEFT,PRUEFEN,LOW,Web check returned unavailable/error; verify before use,MEDIUM,HIGH,"Dokumentation, Fallmanagement, Terminierung, Administration, Reporting und Praxisorganisation",Sinnvoller Exploration-Pilot; Research-Yield messen.,250,,,,,https://www.reddit.com/r/psychotherapy/,https://www.reddit.com/r/psychotherapy/new/,,Web check returned unavailable/error; verify before use,DROP,Primarily consumer/hobby/lifestyle content; weak fit for core opportunity discovery.,EXCLUDE,0
r/SchoolPsychology,MentalHealth_Social,"Therapeuten, Sozialarbeiter, Psychologie- und Beratungsberufe",PRACTITIONER / PROFESSIONAL,EXPANSION_314,BRAUCHEN_TESTEN,B,EXPLORATION,JA,ACTIVE_VERIFIED_2026-09,HIGH,Current /new feed checked via web in Sep 2026,MEDIUM,HIGH,"Dokumentation, Fallmanagement, Terminierung, Administration, Reporting und Praxisorganisation",Sinnvoller Exploration-Pilot; Research-Yield messen.,250,,,,,https://www.reddit.com/r/SchoolPsychology/,https://www.reddit.com/r/SchoolPsychology/new/,2026-09-18,Current /new feed checked via web in Sep 2026,DROP,Primarily consumer/hobby/lifestyle content; weak fit for core opportunity discovery.,EXCLUDE,0
r/socialwork,MentalHealth_Social,"Therapeuten, Sozialarbeiter, Psychologie- und Beratungsberufe",PRACTITIONER / PROFESSIONAL,EXPANSION_314,BRAUCHEN_TESTEN,B,EXPLORATION,JA,ACTIVE_VERIFIED_2026-09,HIGH,Current /new feed checked via web in Sep 2026,MEDIUM,HIGH,"Dokumentation, Fallmanagement, Terminierung, Administration, Reporting und Praxisorganisation",Sinnvoller Exploration-Pilot; Research-Yield messen.,250,,,,,https://www.reddit.com/r/socialwork/,https://www.reddit.com/r/socialwork/new/,2026-09-18,Current /new feed checked via web in Sep 2026,DROP,Primarily consumer/hobby/lifestyle content; weak fit for core opportunity discovery.,EXCLUDE,0
r/SocialWorkers,MentalHealth_Social,"Therapeuten, Sozialarbeiter, Psychologie- und Beratungsberufe",PRACTITIONER / PROFESSIONAL,EXPANSION_314,BRAUCHEN_TESTEN,B,EXPLORATION,NEIN_BIS_GEPRUEFT,PRUEFEN,LOW,Web check returned unavailable/error; verify before use,MEDIUM,HIGH,"Dokumentation, Fallmanagement, Terminierung, Administration, Reporting und Praxisorganisation",Sinnvoller Exploration-Pilot; Research-Yield messen.,250,,,,,https://www.reddit.com/r/SocialWorkers/,https://www.reddit.com/r/SocialWorkers/new/,,Web check returned unavailable/error; verify before use,DROP,Primarily consumer/hobby/lifestyle content; weak fit for core opportunity discovery.,EXCLUDE,0
r/therapists,MentalHealth_Social,"Therapeuten, Sozialarbeiter, Psychologie- und Beratungsberufe",PRACTITIONER / PROFESSIONAL,EXPANSION_314,BRAUCHEN_TESTEN,B,EXPLORATION,JA,ACTIVE_VERIFIED_2026-09,HIGH,Current /new feed checked via web in Sep 2026,MEDIUM,HIGH,"Dokumentation, Fallmanagement, Terminierung, Administration, Reporting und Praxisorganisation",Sinnvoller Exploration-Pilot; Research-Yield messen.,250,,,,,https://www.reddit.com/r/therapists/,https://www.reddit.com/r/therapists/new/,2026-09-18,Current /new feed checked via web in Sep 2026,DROP,Primarily consumer/hobby/lifestyle content; weak fit for core opportunity discovery.,EXCLUDE,0
r/beyondthebump,Parents,"Eltern, junge Familien",MIXED,LEGACY_647,HOBBY_PROSUMER,C,HOBBY_PROSUMER,JA,WAHRSCHEINLICH_AKTIV_PROXY,MEDIUM,Aktivität aus gelieferten Mitglieder-/Wachstumsdaten abgeleitet; nicht live verifiziert.,MEDIUM,LOW,,"Aktive Hobby-/Prosumer-Zielgruppe; interessant für Tools, Commerce, Organisation und Side-Hustles, aber geringere B2B-Priorität.",150,799000,49000,Streng,3.575,https://www.reddit.com/r/beyondthebump/,https://www.reddit.com/r/beyondthebump/new/,,Legacy-Seed: Entscheidung neu bewertet; Aktivität bei fehlendem Live-Check nur als Proxy markiert.,DROP,Primarily consumer/hobby/lifestyle content; weak fit for core opportunity discovery.,EXCLUDE,0
r/daddit,Parents,"Eltern, junge Familien",MIXED,LEGACY_647,HOBBY_PROSUMER,C,HOBBY_PROSUMER,JA,WAHRSCHEINLICH_AKTIV_PROXY,MEDIUM,Aktivität aus gelieferten Mitglieder-/Wachstumsdaten abgeleitet; nicht live verifiziert.,MEDIUM,LOW,,"Aktive Hobby-/Prosumer-Zielgruppe; interessant für Tools, Commerce, Organisation und Side-Hustles, aber geringere B2B-Priorität.",150,1900000,84000,Streng,3.791,https://www.reddit.com/r/daddit/,https://www.reddit.com/r/daddit/new/,,Legacy-Seed: Entscheidung neu bewertet; Aktivität bei fehlendem Live-Check nur als Proxy markiert.,DROP,Primarily consumer/hobby/lifestyle content; weak fit for core opportunity discovery.,EXCLUDE,0
r/NewParents,Parents,"Eltern, junge Familien",MIXED,LEGACY_647,HOBBY_PROSUMER,C,HOBBY_PROSUMER,JA,WAHRSCHEINLICH_AKTIV_PROXY,MEDIUM,Aktivität aus gelieferten Mitglieder-/Wachstumsdaten abgeleitet; nicht live verifiziert.,MEDIUM,LOW,,"Aktive Hobby-/Prosumer-Zielgruppe; interessant für Tools, Commerce, Organisation und Side-Hustles, aber geringere B2B-Priorität.",150,501000,104000,Streng,3.533,https://www.reddit.com/r/NewParents/,https://www.reddit.com/r/NewParents/new/,,Legacy-Seed: Entscheidung neu bewertet; Aktivität bei fehlendem Live-Check nur als Proxy markiert.,DROP,Primarily consumer/hobby/lifestyle content; weak fit for core opportunity discovery.,EXCLUDE,0
r/Parenting,Parents,"Eltern, junge Familien",MIXED,LEGACY_647,HOBBY_PROSUMER,C,HOBBY_PROSUMER,JA,WAHRSCHEINLICH_AKTIV_PROXY,MEDIUM,Aktivität aus gelieferten Mitglieder-/Wachstumsdaten abgeleitet; nicht live verifiziert.,MEDIUM,LOW,,"Aktive Hobby-/Prosumer-Zielgruppe; interessant für Tools, Commerce, Organisation und Side-Hustles, aber geringere B2B-Priorität.",150,8200000,85000,Streng,4.154,https://www.reddit.com/r/Parenting/,https://www.reddit.com/r/Parenting/new/,,Legacy-Seed: Entscheidung neu bewertet; Aktivität bei fehlendem Live-Check nur als Proxy markiert.,DROP,Mostly consumer/student/advice/entertainment content; poor fit for recurring business/workflow problem discovery.,EXCLUDE,0
r/Parents,Parents,"Eltern, junge Familien",MIXED,LEGACY_647,HOBBY_PROSUMER,C,HOBBY_PROSUMER,JA,WAHRSCHEINLICH_AKTIV_PROXY,MEDIUM,Aktivität aus gelieferten Mitglieder-/Wachstumsdaten abgeleitet; nicht live verifiziert.,MEDIUM,LOW,,"Aktive Hobby-/Prosumer-Zielgruppe; interessant für Tools, Commerce, Organisation und Side-Hustles, aber geringere B2B-Priorität.",150,35000,12000,Streng,2.919,https://www.reddit.com/r/Parents/,https://www.reddit.com/r/Parents/new/,,Legacy-Seed: Entscheidung neu bewertet; Aktivität bei fehlendem Live-Check nur als Proxy markiert.,DROP,Mostly consumer/student/advice/entertainment content; poor fit for recurring business/workflow problem discovery.,EXCLUDE,0
r/parentsofmultiples,Parents,"Eltern, junge Familien",MIXED,LEGACY_647,HOBBY_PROSUMER,C,HOBBY_PROSUMER,JA,WAHRSCHEINLICH_AKTIV_PROXY,MEDIUM,Aktivität aus gelieferten Mitglieder-/Wachstumsdaten abgeleitet; nicht live verifiziert.,MEDIUM,LOW,,"Aktive Hobby-/Prosumer-Zielgruppe; interessant für Tools, Commerce, Organisation und Side-Hustles, aber geringere B2B-Priorität.",150,55000,13000,Streng,2.977,https://www.reddit.com/r/parentsofmultiples/,https://www.reddit.com/r/parentsofmultiples/new/,,Legacy-Seed: Entscheidung neu bewertet; Aktivität bei fehlendem Live-Check nur als Proxy markiert.,DROP,Primarily consumer/hobby/lifestyle content; weak fit for core opportunity discovery.,EXCLUDE,0
r/raisingkids,Parents,"Eltern, junge Familien",MIXED,LEGACY_647,HOBBY_PROSUMER,C,HOBBY_PROSUMER,JA,WAHRSCHEINLICH_AKTIV_PROXY,MEDIUM,Aktivität aus gelieferten Mitglieder-/Wachstumsdaten abgeleitet; nicht live verifiziert.,MEDIUM,LOW,,"Aktive Hobby-/Prosumer-Zielgruppe; interessant für Tools, Commerce, Organisation und Side-Hustles, aber geringere B2B-Priorität.",150,61000,8000,Streng,2.946,https://www.reddit.com/r/raisingkids/,https://www.reddit.com/r/raisingkids/new/,,Legacy-Seed: Entscheidung neu bewertet; Aktivität bei fehlendem Live-Check nur als Proxy markiert.,DROP,Primarily consumer/hobby/lifestyle content; weak fit for core opportunity discovery.,EXCLUDE,0
r/SingleParents,Parents,"Eltern, junge Familien",MIXED,LEGACY_647,HOBBY_PROSUMER,C,HOBBY_PROSUMER,JA,WAHRSCHEINLICH_AKTIV_PROXY,MEDIUM,Aktivität aus gelieferten Mitglieder-/Wachstumsdaten abgeleitet; nicht live verifiziert.,MEDIUM,LOW,,"Aktive Hobby-/Prosumer-Zielgruppe; interessant für Tools, Commerce, Organisation und Side-Hustles, aber geringere B2B-Priorität.",150,1400000,,Streng,3.688,https://www.reddit.com/r/SingleParents/,https://www.reddit.com/r/SingleParents/new/,,Legacy-Seed: Entscheidung neu bewertet; Aktivität bei fehlendem Live-Check nur als Proxy markiert.,DROP,Primarily consumer/hobby/lifestyle content; weak fit for core opportunity discovery.,EXCLUDE,0
r/toddlers,Parents,"Eltern, junge Familien",MIXED,LEGACY_647,HOBBY_PROSUMER,C,HOBBY_PROSUMER,JA,WAHRSCHEINLICH_AKTIV_PROXY,MEDIUM,Aktivität aus gelieferten Mitglieder-/Wachstumsdaten abgeleitet; nicht live verifiziert.,MEDIUM,LOW,,"Aktive Hobby-/Prosumer-Zielgruppe; interessant für Tools, Commerce, Organisation und Side-Hustles, aber geringere B2B-Priorität.",150,518000,60000,Streng,3.492,https://www.reddit.com/r/toddlers/,https://www.reddit.com/r/toddlers/new/,,Legacy-Seed: Entscheidung neu bewertet; Aktivität bei fehlendem Live-Check nur als Proxy markiert.,DROP,Primarily consumer/hobby/lifestyle content; weak fit for core opportunity discovery.,EXCLUDE,0
r/Aquariums,Pets,Tierhalter (Hund/Katze/Reptil),MIXED,LEGACY_647,HOBBY_PROSUMER,C,HOBBY_PROSUMER,JA,WAHRSCHEINLICH_AKTIV_PROXY,MEDIUM,Aktivität aus gelieferten Mitglieder-/Wachstumsdaten abgeleitet; nicht live verifiziert.,MEDIUM,LOW,,"Aktive Hobby-/Prosumer-Zielgruppe; interessant für Tools, Commerce, Organisation und Side-Hustles, aber geringere B2B-Priorität.",150,1500000,89000,Streng,3.738,https://www.reddit.com/r/Aquariums/,https://www.reddit.com/r/Aquariums/new/,,Legacy-Seed: Entscheidung neu bewertet; Aktivität bei fehlendem Live-Check nur als Proxy markiert.,DROP,Primarily consumer/hobby/lifestyle content; weak fit for core opportunity discovery.,EXCLUDE,0
r/ballpython,Pets,Tierhalter (Hund/Katze/Reptil),MIXED,LEGACY_647,HOBBY_PROSUMER,C,HOBBY_PROSUMER,JA,WAHRSCHEINLICH_AKTIV_PROXY,MEDIUM,Aktivität aus gelieferten Mitglieder-/Wachstumsdaten abgeleitet; nicht live verifiziert.,MEDIUM,LOW,,"Aktive Hobby-/Prosumer-Zielgruppe; interessant für Tools, Commerce, Organisation und Side-Hustles, aber geringere B2B-Priorität.",150,180000,25000,Streng,3.23,https://www.reddit.com/r/ballpython/,https://www.reddit.com/r/ballpython/new/,,Legacy-Seed: Entscheidung neu bewertet; Aktivität bei fehlendem Live-Check nur als Proxy markiert.,DROP,Primarily consumer/hobby/lifestyle content; weak fit for core opportunity discovery.,EXCLUDE,0
r/BeardedDragons,Pets,Tierhalter (Hund/Katze/Reptil),MIXED,LEGACY_647,HOBBY_PROSUMER,C,HOBBY_PROSUMER,JA,WAHRSCHEINLICH_AKTIV_PROXY,MEDIUM,Aktivität aus gelieferten Mitglieder-/Wachstumsdaten abgeleitet; nicht live verifiziert.,MEDIUM,LOW,,"Aktive Hobby-/Prosumer-Zielgruppe; interessant für Tools, Commerce, Organisation und Side-Hustles, aber geringere B2B-Priorität.",150,735000,20000,Streng,3.535,https://www.reddit.com/r/BeardedDragons/,https://www.reddit.com/r/BeardedDragons/new/,,Legacy-Seed: Entscheidung neu bewertet; Aktivität bei fehlendem Live-Check nur als Proxy markiert.,DROP,Primarily consumer/hobby/lifestyle content; weak fit for core opportunity discovery.,EXCLUDE,0
r/birding,Pets,Tierhalter (Hund/Katze/Reptil),MIXED,LEGACY_647,HOBBY_PROSUMER,C,HOBBY_PROSUMER,JA,WAHRSCHEINLICH_AKTIV_PROXY,MEDIUM,Aktivität aus gelieferten Mitglieder-/Wachstumsdaten abgeleitet; nicht live verifiziert.,MEDIUM,LOW,,"Aktive Hobby-/Prosumer-Zielgruppe; interessant für Tools, Commerce, Organisation und Side-Hustles, aber geringere B2B-Priorität.",150,728000,94000,Streng,3.587,https://www.reddit.com/r/birding/,https://www.reddit.com/r/birding/new/,,Legacy-Seed: Entscheidung neu bewertet; Aktivität bei fehlendem Live-Check nur als Proxy markiert.,DROP,Primarily consumer/hobby/lifestyle content; weak fit for core opportunity discovery.,EXCLUDE,0
r/cat,Pets,Tierhalter (Hund/Katze/Reptil),MIXED,LEGACY_647,HOBBY_PROSUMER,C,HOBBY_PROSUMER,JA,WAHRSCHEINLICH_AKTIV_PROXY,MEDIUM,Aktivität aus gelieferten Mitglieder-/Wachstumsdaten abgeleitet; nicht live verifiziert.,MEDIUM,LOW,,"Aktive Hobby-/Prosumer-Zielgruppe; interessant für Tools, Commerce, Organisation und Side-Hustles, aber geringere B2B-Priorität.",150,399000,28000,Streng,3.399,https://www.reddit.com/r/cat/,https://www.reddit.com/r/cat/new/,,Legacy-Seed: Entscheidung neu bewertet; Aktivität bei fehlendem Live-Check nur als Proxy markiert.,DROP,Mostly consumer/student/advice/entertainment content; poor fit for recurring business/workflow problem discovery.,EXCLUDE,0
r/CatAdvice,Pets,Tierhalter (Hund/Katze/Reptil),MIXED,LEGACY_647,HOBBY_PROSUMER,C,HOBBY_PROSUMER,JA,WAHRSCHEINLICH_AKTIV_PROXY,MEDIUM,Aktivität aus gelieferten Mitglieder-/Wachstumsdaten abgeleitet; nicht live verifiziert.,MEDIUM,LOW,,"Aktive Hobby-/Prosumer-Zielgruppe; interessant für Tools, Commerce, Organisation und Side-Hustles, aber geringere B2B-Priorität.",150,588000,166000,Streng,3.615,https://www.reddit.com/r/CatAdvice/,https://www.reddit.com/r/CatAdvice/new/,,Legacy-Seed: Entscheidung neu bewertet; Aktivität bei fehlendem Live-Check nur als Proxy markiert.,DROP,Primarily consumer/hobby/lifestyle content; weak fit for core opportunity discovery.,EXCLUDE,0
r/cats,Pets,Tierhalter (Hund/Katze/Reptil),MIXED,LEGACY_647,HOBBY_PROSUMER,C,HOBBY_PROSUMER,JA,WAHRSCHEINLICH_AKTIV_PROXY,MEDIUM,Aktivität aus gelieferten Mitglieder-/Wachstumsdaten abgeleitet; nicht live verifiziert.,MEDIUM,LOW,,"Aktive Hobby-/Prosumer-Zielgruppe; interessant für Tools, Commerce, Organisation und Side-Hustles, aber geringere B2B-Priorität.",150,9200000,846000,Streng,4.228,https://www.reddit.com/r/cats/,https://www.reddit.com/r/cats/new/,,Legacy-Seed: Entscheidung neu bewertet; Aktivität bei fehlendem Live-Check nur als Proxy markiert.,DROP,Mostly consumer/student/advice/entertainment content; poor fit for recurring business/workflow problem discovery.,EXCLUDE,0
r/cockatiel,Pets,Tierhalter (Hund/Katze/Reptil),MIXED,LEGACY_647,HOBBY_PROSUMER,C,HOBBY_PROSUMER,JA,WAHRSCHEINLICH_AKTIV_PROXY,MEDIUM,Aktivität aus gelieferten Mitglieder-/Wachstumsdaten abgeleitet; nicht live verifiziert.,MEDIUM,LOW,,"Aktive Hobby-/Prosumer-Zielgruppe; interessant für Tools, Commerce, Organisation und Side-Hustles, aber geringere B2B-Priorität.",150,124000,17000,Streng,3.132,https://www.reddit.com/r/cockatiel/,https://www.reddit.com/r/cockatiel/new/,,Legacy-Seed: Entscheidung neu bewertet; Aktivität bei fehlendem Live-Check nur als Proxy markiert.,DROP,Primarily consumer/hobby/lifestyle content; weak fit for core opportunity discovery.,EXCLUDE,0
r/DOG,Pets,Tierhalter (Hund/Katze/Reptil),MIXED,LEGACY_647,HOBBY_PROSUMER,C,HOBBY_PROSUMER,JA,WAHRSCHEINLICH_AKTIV_PROXY,MEDIUM,Aktivität aus gelieferten Mitglieder-/Wachstumsdaten abgeleitet; nicht live verifiziert.,MEDIUM,LOW,,"Aktive Hobby-/Prosumer-Zielgruppe; interessant für Tools, Commerce, Organisation und Side-Hustles, aber geringere B2B-Priorität.",150,505000,62000,Streng,3.489,https://www.reddit.com/r/DOG/,https://www.reddit.com/r/DOG/new/,,Legacy-Seed: Entscheidung neu bewertet; Aktivität bei fehlendem Live-Check nur als Proxy markiert.,DROP,Mostly consumer/student/advice/entertainment content; poor fit for recurring business/workflow problem discovery.,EXCLUDE,0
r/DogAdvice,Pets,Tierhalter (Hund/Katze/Reptil),MIXED,LEGACY_647,HOBBY_PROSUMER,C,HOBBY_PROSUMER,JA,WAHRSCHEINLICH_AKTIV_PROXY,MEDIUM,Aktivität aus gelieferten Mitglieder-/Wachstumsdaten abgeleitet; nicht live verifiziert.,MEDIUM,LOW,,"Aktive Hobby-/Prosumer-Zielgruppe; interessant für Tools, Commerce, Organisation und Side-Hustles, aber geringere B2B-Priorität.",150,495000,126000,Streng,3.555,https://www.reddit.com/r/DogAdvice/,https://www.reddit.com/r/DogAdvice/new/,,Legacy-Seed: Entscheidung neu bewertet; Aktivität bei fehlendem Live-Check nur als Proxy markiert.,DROP,Primarily consumer/hobby/lifestyle content; weak fit for core opportunity discovery.,EXCLUDE,0
r/dogbreed,Pets,Tierhalter (Hund/Katze/Reptil),MIXED,LEGACY_647,HOBBY_PROSUMER,C,HOBBY_PROSUMER,JA,WAHRSCHEINLICH_AKTIV_PROXY,MEDIUM,Aktivität aus gelieferten Mitglieder-/Wachstumsdaten abgeleitet; nicht live verifiziert.,MEDIUM,LOW,,"Aktive Hobby-/Prosumer-Zielgruppe; interessant für Tools, Commerce, Organisation und Side-Hustles, aber geringere B2B-Priorität.",150,14000,6000,Streng,2.737,https://www.reddit.com/r/dogbreed/,https://www.reddit.com/r/dogbreed/new/,,Legacy-Seed: Entscheidung neu bewertet; Aktivität bei fehlendem Live-Check nur als Proxy markiert.,DROP,Primarily consumer/hobby/lifestyle content; weak fit for core opportunity discovery.,EXCLUDE,0
r/DogBreeds101,Pets,Tierhalter (Hund/Katze/Reptil),MIXED,LEGACY_647,HOBBY_PROSUMER,C,HOBBY_PROSUMER,JA,WAHRSCHEINLICH_AKTIV_PROXY,MEDIUM,Aktivität aus gelieferten Mitglieder-/Wachstumsdaten abgeleitet; nicht live verifiziert.,MEDIUM,LOW,,"Aktive Hobby-/Prosumer-Zielgruppe; interessant für Tools, Commerce, Organisation und Side-Hustles, aber geringere B2B-Priorität.",150,15000,6000,Streng,2.738,https://www.reddit.com/r/DogBreeds101/,https://www.reddit.com/r/DogBreeds101/new/,,Legacy-Seed: Entscheidung neu bewertet; Aktivität bei fehlendem Live-Check nur als Proxy markiert.,DROP,Primarily consumer/hobby/lifestyle content; weak fit for core opportunity discovery.,EXCLUDE,0
r/Dogowners,Pets,Tierhalter (Hund/Katze/Reptil),MIXED,LEGACY_647,HOBBY_PROSUMER,C,HOBBY_PROSUMER,JA,WAHRSCHEINLICH_AKTIV_PROXY,MEDIUM,Aktivität aus gelieferten Mitglieder-/Wachstumsdaten abgeleitet; nicht live verifiziert.,MEDIUM,LOW,,"Aktive Hobby-/Prosumer-Zielgruppe; interessant für Tools, Commerce, Organisation und Side-Hustles, aber geringere B2B-Priorität.",150,20000,9000,Streng,2.836,https://www.reddit.com/r/Dogowners/,https://www.reddit.com/r/Dogowners/new/,,Legacy-Seed: Entscheidung neu bewertet; Aktivität bei fehlendem Live-Check nur als Proxy markiert.,DROP,Primarily consumer/hobby/lifestyle content; weak fit for core opportunity discovery.,EXCLUDE,0
r/dogpictures,Pets,Tierhalter (Hund/Katze/Reptil),MIXED,LEGACY_647,NICHT_BRAUCHEN,X,EXCLUDE,NEIN,WAHRSCHEINLICH_AKTIV_PROXY,MEDIUM,Aktivität aus gelieferten Mitglieder-/Wachstumsdaten abgeleitet; nicht live verifiziert.,MEDIUM,LOW,,"Überwiegend Unterhaltung, Promotion oder sehr schwacher Bezug zu lösbaren Arbeits-/Business-Problemen.",0,1100000,63000,Streng,3.656,https://www.reddit.com/r/dogpictures/,https://www.reddit.com/r/dogpictures/new/,,Legacy-Seed: Entscheidung neu bewertet; Aktivität bei fehlendem Live-Check nur als Proxy markiert.,DROP,Mostly consumer/student/advice/entertainment content; poor fit for recurring business/workflow problem discovery.,EXCLUDE,0
r/dogs,Pets,Tierhalter (Hund/Katze/Reptil),MIXED,LEGACY_647,HOBBY_PROSUMER,C,HOBBY_PROSUMER,JA,WAHRSCHEINLICH_AKTIV_PROXY,MEDIUM,Aktivität aus gelieferten Mitglieder-/Wachstumsdaten abgeleitet; nicht live verifiziert.,MEDIUM,LOW,,"Aktive Hobby-/Prosumer-Zielgruppe; interessant für Tools, Commerce, Organisation und Side-Hustles, aber geringere B2B-Priorität.",150,2900000,134000,Streng,3.902,https://www.reddit.com/r/dogs/,https://www.reddit.com/r/dogs/new/,,Legacy-Seed: Entscheidung neu bewertet; Aktivität bei fehlendem Live-Check nur als Proxy markiert.,DROP,Primarily consumer/hobby/lifestyle content; weak fit for core opportunity discovery.,EXCLUDE,0
r/dogswithjobs,Pets,Tierhalter (Hund/Katze/Reptil),MIXED,LEGACY_647,HOBBY_PROSUMER,C,HOBBY_PROSUMER,JA,WAHRSCHEINLICH_AKTIV_PROXY,MEDIUM,Aktivität aus gelieferten Mitglieder-/Wachstumsdaten abgeleitet; nicht live verifiziert.,MEDIUM,LOW,,"Aktive Hobby-/Prosumer-Zielgruppe; interessant für Tools, Commerce, Organisation und Side-Hustles, aber geringere B2B-Priorität.",150,925000,14000,Streng,3.588,https://www.reddit.com/r/dogswithjobs/,https://www.reddit.com/r/dogswithjobs/new/,,Legacy-Seed: Entscheidung neu bewertet; Aktivität bei fehlendem Live-Check nur als Proxy markiert.,DROP,Primarily consumer/hobby/lifestyle content; weak fit for core opportunity discovery.,EXCLUDE,0
r/Dogtraining,Pets,Tierhalter (Hund/Katze/Reptil),MIXED,LEGACY_647,HOBBY_PROSUMER,C,HOBBY_PROSUMER,JA,WAHRSCHEINLICH_AKTIV_PROXY,MEDIUM,Aktivität aus gelieferten Mitglieder-/Wachstumsdaten abgeleitet; nicht live verifiziert.,MEDIUM,LOW,,"Aktive Hobby-/Prosumer-Zielgruppe; interessant für Tools, Commerce, Organisation und Side-Hustles, aber geringere B2B-Priorität.",150,1500000,38000,Streng,3.72,https://www.reddit.com/r/Dogtraining/,https://www.reddit.com/r/Dogtraining/new/,,Legacy-Seed: Entscheidung neu bewertet; Aktivität bei fehlendem Live-Check nur als Proxy markiert.,DROP,Primarily consumer/hobby/lifestyle content; weak fit for core opportunity discovery.,EXCLUDE,0
r/DogTrainingTips,Pets,Tierhalter (Hund/Katze/Reptil),MIXED,LEGACY_647,HOBBY_PROSUMER,C,HOBBY_PROSUMER,JA,WAHRSCHEINLICH_AKTIV_PROXY,MEDIUM,Aktivität aus gelieferten Mitglieder-/Wachstumsdaten abgeleitet; nicht live verifiziert.,MEDIUM,LOW,,"Aktive Hobby-/Prosumer-Zielgruppe; interessant für Tools, Commerce, Organisation und Side-Hustles, aber geringere B2B-Priorität.",150,60000,18000,Streng,3.033,https://www.reddit.com/r/DogTrainingTips/,https://www.reddit.com/r/DogTrainingTips/new/,,Legacy-Seed: Entscheidung neu bewertet; Aktivität bei fehlendem Live-Check nur als Proxy markiert.,DROP,Primarily consumer/hobby/lifestyle content; weak fit for core opportunity discovery.,EXCLUDE,0
r/germanshepherds,Pets,Tierhalter (Hund/Katze/Reptil),MIXED,LEGACY_647,HOBBY_PROSUMER,C,HOBBY_PROSUMER,JA,WAHRSCHEINLICH_AKTIV_PROXY,MEDIUM,Aktivität aus gelieferten Mitglieder-/Wachstumsdaten abgeleitet; nicht live verifiziert.,MEDIUM,LOW,,"Aktive Hobby-/Prosumer-Zielgruppe; interessant für Tools, Commerce, Organisation und Side-Hustles, aber geringere B2B-Priorität.",150,251000,33000,Streng,3.312,https://www.reddit.com/r/germanshepherds/,https://www.reddit.com/r/germanshepherds/new/,,Legacy-Seed: Entscheidung neu bewertet; Aktivität bei fehlendem Live-Check nur als Proxy markiert.,DROP,Primarily consumer/hobby/lifestyle content; weak fit for core opportunity discovery.,EXCLUDE,0
r/herpetology,Pets,Tierhalter (Hund/Katze/Reptil),MIXED,LEGACY_647,HOBBY_PROSUMER,C,HOBBY_PROSUMER,JA,WAHRSCHEINLICH_AKTIV_PROXY,MEDIUM,Aktivität aus gelieferten Mitglieder-/Wachstumsdaten abgeleitet; nicht live verifiziert.,MEDIUM,LOW,,"Aktive Hobby-/Prosumer-Zielgruppe; interessant für Tools, Commerce, Organisation und Side-Hustles, aber geringere B2B-Priorität.",150,177000,19000,Streng,3.208,https://www.reddit.com/r/herpetology/,https://www.reddit.com/r/herpetology/new/,,Legacy-Seed: Entscheidung neu bewertet; Aktivität bei fehlendem Live-Check nur als Proxy markiert.,DROP,Primarily consumer/hobby/lifestyle content; weak fit for core opportunity discovery.,EXCLUDE,0
r/leopardgeckos,Pets,Tierhalter (Hund/Katze/Reptil),MIXED,LEGACY_647,HOBBY_PROSUMER,C,HOBBY_PROSUMER,JA,WAHRSCHEINLICH_AKTIV_PROXY,MEDIUM,Aktivität aus gelieferten Mitglieder-/Wachstumsdaten abgeleitet; nicht live verifiziert.,MEDIUM,LOW,,"Aktive Hobby-/Prosumer-Zielgruppe; interessant für Tools, Commerce, Organisation und Side-Hustles, aber geringere B2B-Priorität.",150,167000,24000,Streng,3.213,https://www.reddit.com/r/leopardgeckos/,https://www.reddit.com/r/leopardgeckos/new/,,Legacy-Seed: Entscheidung neu bewertet; Aktivität bei fehlendem Live-Check nur als Proxy markiert.,DROP,Primarily consumer/hobby/lifestyle content; weak fit for core opportunity discovery.,EXCLUDE,0
r/lookatmydog,Pets,Tierhalter (Hund/Katze/Reptil),MIXED,LEGACY_647,HOBBY_PROSUMER,C,HOBBY_PROSUMER,JA,WAHRSCHEINLICH_AKTIV_PROXY,MEDIUM,Aktivität aus gelieferten Mitglieder-/Wachstumsdaten abgeleitet; nicht live verifiziert.,MEDIUM,LOW,,"Aktive Hobby-/Prosumer-Zielgruppe; interessant für Tools, Commerce, Organisation und Side-Hustles, aber geringere B2B-Priorität.",150,174000,11000,Streng,3.18,https://www.reddit.com/r/lookatmydog/,https://www.reddit.com/r/lookatmydog/new/,,Legacy-Seed: Entscheidung neu bewertet; Aktivität bei fehlendem Live-Check nur als Proxy markiert.,DROP,Mostly consumer/student/advice/entertainment content; poor fit for recurring business/workflow problem discovery.,EXCLUDE,0
r/Ornithology,Pets,Tierhalter (Hund/Katze/Reptil),MIXED,LEGACY_647,HOBBY_PROSUMER,C,HOBBY_PROSUMER,JA,WAHRSCHEINLICH_AKTIV_PROXY,MEDIUM,Aktivität aus gelieferten Mitglieder-/Wachstumsdaten abgeleitet; nicht live verifiziert.,MEDIUM,LOW,,"Aktive Hobby-/Prosumer-Zielgruppe; interessant für Tools, Commerce, Organisation und Side-Hustles, aber geringere B2B-Priorität.",150,408000,44000,Streng,3.425,https://www.reddit.com/r/Ornithology/,https://www.reddit.com/r/Ornithology/new/,,Legacy-Seed: Entscheidung neu bewertet; Aktivität bei fehlendem Live-Check nur als Proxy markiert.,DROP,Primarily consumer/hobby/lifestyle content; weak fit for core opportunity discovery.,EXCLUDE,0
r/parrots,Pets,Tierhalter (Hund/Katze/Reptil),MIXED,LEGACY_647,HOBBY_PROSUMER,C,HOBBY_PROSUMER,JA,WAHRSCHEINLICH_AKTIV_PROXY,MEDIUM,Aktivität aus gelieferten Mitglieder-/Wachstumsdaten abgeleitet; nicht live verifiziert.,MEDIUM,LOW,,"Aktive Hobby-/Prosumer-Zielgruppe; interessant für Tools, Commerce, Organisation und Side-Hustles, aber geringere B2B-Priorität.",150,1400000,15000,Streng,3.694,https://www.reddit.com/r/parrots/,https://www.reddit.com/r/parrots/new/,,Legacy-Seed: Entscheidung neu bewertet; Aktivität bei fehlendem Live-Check nur als Proxy markiert.,DROP,Primarily consumer/hobby/lifestyle content; weak fit for core opportunity discovery.,EXCLUDE,0
r/PetAdvice,Pets,Tierhalter (Hund/Katze/Reptil),MIXED,LEGACY_647,HOBBY_PROSUMER,C,HOBBY_PROSUMER,JA,WAHRSCHEINLICH_AKTIV_PROXY,MEDIUM,Aktivität aus gelieferten Mitglieder-/Wachstumsdaten abgeleitet; nicht live verifiziert.,MEDIUM,LOW,,"Aktive Hobby-/Prosumer-Zielgruppe; interessant für Tools, Commerce, Organisation und Side-Hustles, aber geringere B2B-Priorität.",150,58000,13000,Streng,2.984,https://www.reddit.com/r/PetAdvice/,https://www.reddit.com/r/PetAdvice/new/,,Legacy-Seed: Entscheidung neu bewertet; Aktivität bei fehlendem Live-Check nur als Proxy markiert.,DROP,Primarily consumer/hobby/lifestyle content; weak fit for core opportunity discovery.,EXCLUDE,0
r/Pets,Pets,Tierhalter (Hund/Katze/Reptil),MIXED,LEGACY_647,HOBBY_PROSUMER,C,HOBBY_PROSUMER,JA_LIGHT,ACTIVE_VERIFIED_2026-09,HIGH,Reddit /new page checked via web research in September 2026.,MEDIUM,LOW,,"Aktive Hobby-/Prosumer-Zielgruppe; interessant für Tools, Commerce, Organisation und Side-Hustles, aber geringere B2B-Priorität.",150,405000,78000,Streng,3.469,https://www.reddit.com/r/Pets/,https://www.reddit.com/r/Pets/new/,2026-09-18,Legacy-Seed: Entscheidung neu bewertet; Aktivität bei fehlendem Live-Check nur als Proxy markiert.,DROP,Mostly consumer/student/advice/entertainment content; poor fit for recurring business/workflow problem discovery.,EXCLUDE,0
r/puppy101,Pets,Tierhalter (Hund/Katze/Reptil),MIXED,LEGACY_647,HOBBY_PROSUMER,C,HOBBY_PROSUMER,JA,WAHRSCHEINLICH_AKTIV_PROXY,MEDIUM,Aktivität aus gelieferten Mitglieder-/Wachstumsdaten abgeleitet; nicht live verifiziert.,MEDIUM,LOW,,"Aktive Hobby-/Prosumer-Zielgruppe; interessant für Tools, Commerce, Organisation und Side-Hustles, aber geringere B2B-Priorität.",150,455000,58000,Streng,3.464,https://www.reddit.com/r/puppy101/,https://www.reddit.com/r/puppy101/new/,,Legacy-Seed: Entscheidung neu bewertet; Aktivität bei fehlendem Live-Check nur als Proxy markiert.,DROP,Primarily consumer/hobby/lifestyle content; weak fit for core opportunity discovery.,EXCLUDE,0
r/RATS,Pets,Tierhalter (Hund/Katze/Reptil),MIXED,LEGACY_647,HOBBY_PROSUMER,C,HOBBY_PROSUMER,JA,WAHRSCHEINLICH_AKTIV_PROXY,MEDIUM,Aktivität aus gelieferten Mitglieder-/Wachstumsdaten abgeleitet; nicht live verifiziert.,MEDIUM,LOW,,"Aktive Hobby-/Prosumer-Zielgruppe; interessant für Tools, Commerce, Organisation und Side-Hustles, aber geringere B2B-Priorität.",150,876000,62000,Streng,3.604,https://www.reddit.com/r/RATS/,https://www.reddit.com/r/RATS/new/,,Legacy-Seed: Entscheidung neu bewertet; Aktivität bei fehlendem Live-Check nur als Proxy markiert.,DROP,Primarily consumer/hobby/lifestyle content; weak fit for core opportunity discovery.,EXCLUDE,0
r/reptiles,Pets,Tierhalter (Hund/Katze/Reptil),MIXED,LEGACY_647,HOBBY_PROSUMER,C,HOBBY_PROSUMER,JA,WAHRSCHEINLICH_AKTIV_PROXY,MEDIUM,Aktivität aus gelieferten Mitglieder-/Wachstumsdaten abgeleitet; nicht live verifiziert.,MEDIUM,LOW,,"Aktive Hobby-/Prosumer-Zielgruppe; interessant für Tools, Commerce, Organisation und Side-Hustles, aber geringere B2B-Priorität.",150,249000,32000,Streng,3.308,https://www.reddit.com/r/reptiles/,https://www.reddit.com/r/reptiles/new/,,Legacy-Seed: Entscheidung neu bewertet; Aktivität bei fehlendem Live-Check nur als Proxy markiert.,DROP,Primarily consumer/hobby/lifestyle content; weak fit for core opportunity discovery.,EXCLUDE,0
r/turtle,Pets,Tierhalter (Hund/Katze/Reptil),MIXED,LEGACY_647,HOBBY_PROSUMER,C,HOBBY_PROSUMER,JA,WAHRSCHEINLICH_AKTIV_PROXY,MEDIUM,Aktivität aus gelieferten Mitglieder-/Wachstumsdaten abgeleitet; nicht live verifiziert.,MEDIUM,LOW,,"Aktive Hobby-/Prosumer-Zielgruppe; interessant für Tools, Commerce, Organisation und Side-Hustles, aber geringere B2B-Priorität.",150,146000,19000,Streng,3.171,https://www.reddit.com/r/turtle/,https://www.reddit.com/r/turtle/new/,,Legacy-Seed: Entscheidung neu bewertet; Aktivität bei fehlendem Live-Check nur als Proxy markiert.,DROP,Primarily consumer/hobby/lifestyle content; weak fit for core opportunity discovery.,EXCLUDE,0
r/pcmasterrace,Tech_Gadgets,"Tech-/Gadget-Fans, Maker",MIXED,LEGACY_647,HOBBY_PROSUMER,C,HOBBY_PROSUMER,NEIN_BIS_GEPRUEFT,PRUEFEN,LOW,Keine verwertbaren Aktivitätsmetriken in der gelieferten Legacy-Datei.,MEDIUM,LOW,,"Aktive Hobby-/Prosumer-Zielgruppe; interessant für Tools, Commerce, Organisation und Side-Hustles, aber geringere B2B-Priorität.",150,,,Streng - tw. Empfehlung,1.8,https://www.reddit.com/r/pcmasterrace/,https://www.reddit.com/r/pcmasterrace/new/,,Legacy-Seed: Entscheidung neu bewertet; Aktivität bei fehlendem Live-Check nur als Proxy markiert.,DROP,Mostly consumer/student/advice/entertainment content; poor fit for recurring business/workflow problem discovery.,EXCLUDE,0
r/AskComputerScience,WebDev_Programming,"Entwickler, Programmierer",MIXED,LEGACY_647,BRAUCHEN_TESTEN,B,EXPLORATION,JA,WAHRSCHEINLICH_AKTIV_PROXY,MEDIUM,Aktivität aus gelieferten Mitglieder-/Wachstumsdaten abgeleitet; nicht live verifiziert.,HIGH,LOW,,"Beruf/Prosumer-Mix; sinnvoller Pilot, tatsächlicher Research-Yield muss gemessen werden.",250,152000,13000,Streng - Self-Promo limitiert,3.157,https://www.reddit.com/r/AskComputerScience/,https://www.reddit.com/r/AskComputerScience/new/,,Legacy-Seed: Entscheidung neu bewertet; Aktivität bei fehlendem Live-Check nur als Proxy markiert.,DROP,Mostly consumer/student/advice/entertainment content; poor fit for recurring business/workflow problem discovery.,EXCLUDE,0
r/coolgithubprojects,WebDev_Programming,"Entwickler, Programmierer",MIXED,LEGACY_647,BRAUCHEN_TESTEN,B,EXPLORATION,JA,WAHRSCHEINLICH_AKTIV_PROXY,MEDIUM,Aktivität aus gelieferten Mitglieder-/Wachstumsdaten abgeleitet; nicht live verifiziert.,HIGH,LOW,,"Beruf/Prosumer-Mix; sinnvoller Pilot, tatsächlicher Research-Yield muss gemessen werden.",250,101000,43000,Streng - Self-Promo limitiert,3.235,https://www.reddit.com/r/coolgithubprojects/,https://www.reddit.com/r/coolgithubprojects/new/,,Legacy-Seed: Entscheidung neu bewertet; Aktivität bei fehlendem Live-Check nur als Proxy markiert.,DROP,Mostly consumer/student/advice/entertainment content; poor fit for recurring business/workflow problem discovery.,EXCLUDE,0
r/learnjavascript,WebDev_Programming,"Entwickler, Programmierer",MIXED,LEGACY_647,BRAUCHEN_TESTEN,B,EXPLORATION,JA,WAHRSCHEINLICH_AKTIV_PROXY,MEDIUM,Aktivität aus gelieferten Mitglieder-/Wachstumsdaten abgeleitet; nicht live verifiziert.,HIGH,LOW,,"Beruf/Prosumer-Mix; sinnvoller Pilot, tatsächlicher Research-Yield muss gemessen werden.",250,307000,28000,Streng - Self-Promo limitiert,3.342,https://www.reddit.com/r/learnjavascript/,https://www.reddit.com/r/learnjavascript/new/,,Legacy-Seed: Entscheidung neu bewertet; Aktivität bei fehlendem Live-Check nur als Proxy markiert.,DROP,Mostly consumer/student/advice/entertainment content; poor fit for recurring business/workflow problem discovery.,EXCLUDE,0
r/learnprogramming,WebDev_Programming,"Entwickler, Programmierer",MIXED,LEGACY_647,BRAUCHEN_TESTEN,B,EXPLORATION,JA,WAHRSCHEINLICH_AKTIV_PROXY,MEDIUM,Aktivität aus gelieferten Mitglieder-/Wachstumsdaten abgeleitet; nicht live verifiziert.,HIGH,LOW,,"Beruf/Prosumer-Mix; sinnvoller Pilot, tatsächlicher Research-Yield muss gemessen werden.",250,4400000,153000,Streng - Self-Promo limitiert,4.005,https://www.reddit.com/r/learnprogramming/,https://www.reddit.com/r/learnprogramming/new/,,Legacy-Seed: Entscheidung neu bewertet; Aktivität bei fehlendem Live-Check nur als Proxy markiert.,DROP,Mostly consumer/student/advice/entertainment content; poor fit for recurring business/workflow problem discovery.,EXCLUDE,0
r/learnpython,WebDev_Programming,"Entwickler, Programmierer",MIXED,LEGACY_647,BRAUCHEN_TESTEN,B,EXPLORATION,JA,WAHRSCHEINLICH_AKTIV_PROXY,MEDIUM,Aktivität aus gelieferten Mitglieder-/Wachstumsdaten abgeleitet; nicht live verifiziert.,HIGH,LOW,,"Beruf/Prosumer-Mix; sinnvoller Pilot, tatsächlicher Research-Yield muss gemessen werden.",250,1000000,100000,Streng - Self-Promo limitiert,3.654,https://www.reddit.com/r/learnpython/,https://www.reddit.com/r/learnpython/new/,,Legacy-Seed: Entscheidung neu bewertet; Aktivität bei fehlendem Live-Check nur als Proxy markiert.,DROP,Mostly consumer/student/advice/entertainment content; poor fit for recurring business/workflow problem discovery.,EXCLUDE,0
