ordering,source_id,source,category,target_group,relevance_status,activity_status,access_status,recommended_action,ready,pilot_size,reason,conflict
1,1,r/AccountingDepartment,Accounting_Tax_Finance,"Buchhalter, Steuerprofis, FP&A, Auditoren, Versicherungs-, Finanzprofis",CORE,ACTIVE_VERIFIED_2026-09,NOT_FLAGGED,SCAN_PILOT_NOW,True,300,"Profession/business/operator-oriented community with recurring workflows, software/process spend and identifiable buyers.",
2,2,r/actuary,Accounting_Tax_Finance,"Buchhalter, Steuerprofis, FP&A, Auditoren, Versicherungs-, Finanzprofis",CORE,ACTIVE_VERIFIED_2026-09,NOT_FLAGGED,SCAN_PILOT_NOW,True,300,"Profession/business/operator-oriented community with recurring workflows, software/process spend and identifiable buyers.",
3,3,r/Big4,Accounting_Tax_Finance,"Buchhalter, Steuerprofis, FP&A, Auditoren, Versicherungs-, Finanzprofis",CORE,ACTIVE_VERIFIED_2026-09,NOT_FLAGGED,SCAN_PILOT_NOW,True,300,"Profession/business/operator-oriented community with recurring workflows, software/process spend and identifiable buyers.",
4,4,r/Bookkeeping,Accounting_Tax_Finance,"Buchhalter, Steuerprofis, FP&A, Auditoren, Versicherungs-, Finanzprofis",CORE,ACTIVE_VERIFIED_2026-09,NOT_FLAGGED,SCAN_PILOT_NOW,True,300,"Profession/business/operator-oriented community with recurring workflows, software/process spend and identifiable buyers.",
5,5,r/CommercialRealEstate,Accounting_Tax_Finance,"Buchhalter, Steuerprofis, FP&A, Auditoren, Versicherungs-, Finanzprofis",CORE,ACTIVE_VERIFIED_2026-09,NOT_FLAGGED,SCAN_PILOT_NOW,True,300,"Profession/business/operator-oriented community with recurring workflows, software/process spend and identifiable buyers.",
6,6,r/FPandA,Accounting_Tax_Finance,"Buchhalter, Steuerprofis, FP&A, Auditoren, Versicherungs-, Finanzprofis",CORE,ACTIVE_VERIFIED_2026-09,NOT_FLAGGED,SCAN_PILOT_NOW,True,300,"Profession/business/operator-oriented community with recurring workflows, software/process spend and identifiable buyers.",
7,7,r/InsuranceAgent,Accounting_Tax_Finance,"Buchhalter, Steuerprofis, FP&A, Auditoren, Versicherungs-, Finanzprofis",CORE,ACTIVE_VERIFIED_2026-09,NOT_FLAGGED,SCAN_PILOT_NOW,True,300,"Profession/business/operator-oriented community with recurring workflows, software/process spend and identifiable buyers.",
8,8,r/InternalAudit,Accounting_Tax_Finance,"Buchhalter, Steuerprofis, FP&A, Auditoren, Versicherungs-, Finanzprofis",CORE,ACTIVE_VERIFIED_2026-09,NOT_FLAGGED,SCAN_PILOT_NOW,True,300,"Profession/business/operator-oriented community with recurring workflows, software/process spend and identifiable buyers.",
9,9,r/CommercialFishing,Agriculture_OutdoorsBusiness,"Landwirte, Rancher, Forst, Gartenbau, Hydroponik, kommerzielle Outdoor-Berufe",CORE,ACTIVE_NICHE_VERIFIED_2026-09,NOT_FLAGGED,SCAN_PILOT_NOW,True,300,"Profession/business/operator-oriented community with recurring workflows, software/process spend and identifiable buyers.",
10,10,r/Farmers,Agriculture_OutdoorsBusiness,"Landwirte, Rancher, Forst, Gartenbau, Hydroponik, kommerzielle Outdoor-Berufe",CORE,ACTIVE_NICHE_VERIFIED_2026-09,NOT_FLAGGED,SCAN_PILOT_NOW,True,300,"Profession/business/operator-oriented community with recurring workflows, software/process spend and identifiable buyers.",
11,11,r/farming,Agriculture_OutdoorsBusiness,"Landwirte, Rancher, Forst, Gartenbau, Hydroponik, kommerzielle Outdoor-Berufe",CORE,ACTIVE_VERIFIED_2026-09,NOT_FLAGGED,SCAN_PILOT_NOW,True,300,"Profession/business/operator-oriented community with recurring workflows, software/process spend and identifiable buyers.",
12,12,r/forestry,Agriculture_OutdoorsBusiness,"Landwirte, Rancher, Forst, Gartenbau, Hydroponik, kommerzielle Outdoor-Berufe",CORE,ACTIVE_VERIFIED_2026-09,NOT_FLAGGED,SCAN_PILOT_NOW,True,300,"Profession/business/operator-oriented community with recurring workflows, software/process spend and identifiable buyers.",
13,13,r/greenhouses,Agriculture_OutdoorsBusiness,"Landwirte, Rancher, Forst, Gartenbau, Hydroponik, kommerzielle Outdoor-Berufe",CORE,ACTIVE_NICHE_VERIFIED_2026-09,NOT_FLAGGED,SCAN_PILOT_NOW,True,300,"Profession/business/operator-oriented community with recurring workflows, software/process spend and identifiable buyers.",
14,14,r/homestead,Agriculture_OutdoorsBusiness,"Landwirte, Rancher, Forst, Gartenbau, Hydroponik, kommerzielle Outdoor-Berufe",CORE,ACTIVE_VERIFIED_2026-09,NOT_FLAGGED,SCAN_PILOT_NOW,True,300,"Profession/business/operator-oriented community with recurring workflows, software/process spend and identifiable buyers.",
15,15,r/Homesteading,Agriculture_OutdoorsBusiness,"Landwirte, Rancher, Forst, Gartenbau, Hydroponik, kommerzielle Outdoor-Berufe",CORE,ACTIVE_VERIFIED_2026-09,NOT_FLAGGED,SCAN_PILOT_NOW,True,300,"Profession/business/operator-oriented community with recurring workflows, software/process spend and identifiable buyers.",
16,16,r/horticulture,Agriculture_OutdoorsBusiness,"Landwirte, Rancher, Forst, Gartenbau, Hydroponik, kommerzielle Outdoor-Berufe",CORE,ACTIVE_NICHE_VERIFIED_2026-09,NOT_FLAGGED,SCAN_PILOT_NOW,True,300,"Profession/business/operator-oriented community with recurring workflows, software/process spend and identifiable buyers.",
17,17,r/Hydroponics,Agriculture_OutdoorsBusiness,"Landwirte, Rancher, Forst, Gartenbau, Hydroponik, kommerzielle Outdoor-Berufe",CORE,ACTIVE_VERIFIED_2026-09,NOT_FLAGGED,SCAN_PILOT_NOW,True,300,"Profession/business/operator-oriented community with recurring workflows, software/process spend and identifiable buyers.",
18,18,r/ranching,Agriculture_OutdoorsBusiness,"Landwirte, Rancher, Forst, Gartenbau, Hydroponik, kommerzielle Outdoor-Berufe",CORE,ACTIVE_VERIFIED_2026-09,NOT_FLAGGED,SCAN_PILOT_NOW,True,300,"Profession/business/operator-oriented community with recurring workflows, software/process spend and identifiable buyers.",
19,19,r/tractors,Agriculture_OutdoorsBusiness,"Landwirte, Rancher, Forst, Gartenbau, Hydroponik, kommerzielle Outdoor-Berufe",CORE,ACTIVE_VERIFIED_2026-09,NOT_FLAGGED,SCAN_PILOT_NOW,True,300,"Profession/business/operator-oriented community with recurring workflows, software/process spend and identifiable buyers.",
20,27,r/Autobody,Automotive,"Werkstätten, Mechaniker, Karosserie, Detailer, Fahrzeugtechnik",CORE,ACTIVE_VERIFIED_2026-09,NOT_FLAGGED,SCAN_PILOT_NOW,True,300,"Profession/business/operator-oriented community with recurring workflows, software/process spend and identifiable buyers.",
21,29,r/AutoMechanics,Automotive,"Werkstätten, Mechaniker, Karosserie, Detailer, Fahrzeugtechnik",CORE,ACTIVE_VERIFIED_2026-09,NOT_FLAGGED,SCAN_PILOT_NOW,True,300,"Profession/business/operator-oriented community with recurring workflows, software/process spend and identifiable buyers.",
22,30,r/CarAV,Automotive,"Werkstätten, Mechaniker, Karosserie, Detailer, Fahrzeugtechnik",CORE,ACTIVE_VERIFIED_2026-09,NOT_FLAGGED,SCAN_PILOT_NOW,True,300,"Profession/business/operator-oriented community with recurring workflows, software/process spend and identifiable buyers.",
23,31,r/Detailing,Automotive,"Werkstätten, Mechaniker, Karosserie, Detailer, Fahrzeugtechnik",CORE,ACTIVE_VERIFIED_2026-09,NOT_FLAGGED,SCAN_PILOT_NOW,True,300,"Profession/business/operator-oriented community with recurring workflows, software/process spend and identifiable buyers.",
24,32,r/DieselTechs,Automotive,"Werkstätten, Mechaniker, Karosserie, Detailer, Fahrzeugtechnik",CORE,ACTIVE_VERIFIED_2026-09,NOT_FLAGGED,SCAN_PILOT_NOW,True,300,"Profession/business/operator-oriented community with recurring workflows, software/process spend and identifiable buyers.",
25,33,r/Justrolledintotheshop,Automotive,"Werkstätten, Mechaniker, Karosserie, Detailer, Fahrzeugtechnik",CORE,ACTIVE_VERIFIED_2026-09,NOT_FLAGGED,SCAN_PILOT_NOW,True,300,"Profession/business/operator-oriented community with recurring workflows, software/process spend and identifiable buyers.",
26,35,r/MotorcycleMechanics,Automotive,"Werkstätten, Mechaniker, Karosserie, Detailer, Fahrzeugtechnik",CORE,ACTIVE_NICHE_VERIFIED_2026-09,NOT_FLAGGED,SCAN_PILOT_NOW,True,300,"Profession/business/operator-oriented community with recurring workflows, software/process spend and identifiable buyers.",
27,36,r/Tires,Automotive,"Werkstätten, Mechaniker, Karosserie, Detailer, Fahrzeugtechnik",CORE,ACTIVE_VERIFIED_2026-09,NOT_FLAGGED,SCAN_PILOT_NOW,True,300,"Profession/business/operator-oriented community with recurring workflows, software/process spend and identifiable buyers.",
28,37,r/CustomerSuccess,B2B_Operations,Customer-success professionals,CORE,ACTIVE_VERIFIED_2026-09,NOT_FLAGGED,SCAN_PILOT_NOW,True,300,"Profession/business/operator-oriented community with recurring workflows, software/process spend and identifiable buyers.",
29,39,r/RevOps,B2B_Operations,Revenue operations professionals,CORE,ACTIVE_VERIFIED_2026-09,NOT_FLAGGED,SCAN_PILOT_NOW,True,300,"Profession/business/operator-oriented community with recurring workflows, software/process spend and identifiable buyers.",
30,40,r/SalesOperations,B2B_Operations,Sales operations professionals,CORE,ACTIVE_VERIFIED_2026-09,NOT_FLAGGED,SCAN_PILOT_NOW,True,300,"Profession/business/operator-oriented community with recurring workflows, software/process spend and identifiable buyers.",
31,41,r/Barber,Beauty_PersonalServices,"Barber, Friseure, Kosmetik, Nail-Techs, Massage, Trainer, Tattoo/Piercing",CORE,ACTIVE_VERIFIED_2026-09,NOT_FLAGGED,SCAN_PILOT_NOW,True,300,"Profession/business/operator-oriented community with recurring workflows, software/process spend and identifiable buyers.",
32,42,r/barbers,Beauty_PersonalServices,"Barber, Friseure, Kosmetik, Nail-Techs, Massage, Trainer, Tattoo/Piercing",CORE,ACTIVE_VERIFIED_2026-09,NOT_FLAGGED,SCAN_PILOT_NOW,True,300,"Profession/business/operator-oriented community with recurring workflows, software/process spend and identifiable buyers.",
33,43,r/Cosmetology,Beauty_PersonalServices,"Barber, Friseure, Kosmetik, Nail-Techs, Massage, Trainer, Tattoo/Piercing",CORE,ACTIVE_VERIFIED_2026-09,NOT_FLAGGED,SCAN_PILOT_NOW,True,300,"Profession/business/operator-oriented community with recurring workflows, software/process spend and identifiable buyers.",
34,44,r/Estheticians,Beauty_PersonalServices,"Barber, Friseure, Kosmetik, Nail-Techs, Massage, Trainer, Tattoo/Piercing",CORE,ACTIVE_VERIFIED_2026-09,NOT_FLAGGED,SCAN_PILOT_NOW,True,300,"Profession/business/operator-oriented community with recurring workflows, software/process spend and identifiable buyers.",
35,45,r/Esthetics,Beauty_PersonalServices,"Barber, Friseure, Kosmetik, Nail-Techs, Massage, Trainer, Tattoo/Piercing",CORE,ACTIVE_VERIFIED_2026-09,NOT_FLAGGED,SCAN_PILOT_NOW,True,300,"Profession/business/operator-oriented community with recurring workflows, software/process spend and identifiable buyers.",
36,46,r/Hair,Beauty_PersonalServices,"Barber, Friseure, Kosmetik, Nail-Techs, Massage, Trainer, Tattoo/Piercing",CORE,ACTIVE_VERIFIED_2026-09,NOT_FLAGGED,SCAN_PILOT_NOW,True,300,"Profession/business/operator-oriented community with recurring workflows, software/process spend and identifiable buyers.",
37,47,r/hairstylist,Beauty_PersonalServices,"Barber, Friseure, Kosmetik, Nail-Techs, Massage, Trainer, Tattoo/Piercing",CORE,ACTIVE_VERIFIED_2026-09,NOT_FLAGGED,SCAN_PILOT_NOW,True,300,"Profession/business/operator-oriented community with recurring workflows, software/process spend and identifiable buyers.",
38,48,r/massage,Beauty_PersonalServices,"Barber, Friseure, Kosmetik, Nail-Techs, Massage, Trainer, Tattoo/Piercing",CORE,ACTIVE_VERIFIED_2026-09,NOT_FLAGGED,SCAN_PILOT_NOW,True,300,"Profession/business/operator-oriented community with recurring workflows, software/process spend and identifiable buyers.",
39,49,r/MassageTherapists,Beauty_PersonalServices,"Barber, Friseure, Kosmetik, Nail-Techs, Massage, Trainer, Tattoo/Piercing",CORE,ACTIVE_VERIFIED_2026-09,NOT_FLAGGED,SCAN_PILOT_NOW,True,300,"Profession/business/operator-oriented community with recurring workflows, software/process spend and identifiable buyers.",
40,50,r/Nails,Beauty_PersonalServices,"Barber, Friseure, Kosmetik, Nail-Techs, Massage, Trainer, Tattoo/Piercing",CORE,ACTIVE_VERIFIED_2026-09,NOT_FLAGGED,SCAN_PILOT_NOW,True,300,"Profession/business/operator-oriented community with recurring workflows, software/process spend and identifiable buyers.",
41,51,r/Nailtechs,Beauty_PersonalServices,"Barber, Friseure, Kosmetik, Nail-Techs, Massage, Trainer, Tattoo/Piercing",CORE,ACTIVE_VERIFIED_2026-09,NOT_FLAGGED,SCAN_PILOT_NOW,True,300,"Profession/business/operator-oriented community with recurring workflows, software/process spend and identifiable buyers.",
42,52,r/PersonalTrainer,Beauty_PersonalServices,"Barber, Friseure, Kosmetik, Nail-Techs, Massage, Trainer, Tattoo/Piercing",CORE,ACTIVE_VERIFIED_2026-09,NOT_FLAGGED,SCAN_PILOT_NOW,True,300,"Profession/business/operator-oriented community with recurring workflows, software/process spend and identifiable buyers.",
43,53,r/piercing,Beauty_PersonalServices,"Barber, Friseure, Kosmetik, Nail-Techs, Massage, Trainer, Tattoo/Piercing",CORE,ACTIVE_VERIFIED_2026-09,NOT_FLAGGED,SCAN_PILOT_NOW,True,300,"Profession/business/operator-oriented community with recurring workflows, software/process spend and identifiable buyers.",
44,54,r/tattooartists,Beauty_PersonalServices,"Barber, Friseure, Kosmetik, Nail-Techs, Massage, Trainer, Tattoo/Piercing",CORE,ACTIVE_VERIFIED_2026-09,NOT_FLAGGED,SCAN_PILOT_NOW,True,300,"Profession/business/operator-oriented community with recurring workflows, software/process spend and identifiable buyers.",
45,55,r/YogaTeachers,Beauty_PersonalServices,"Barber, Friseure, Kosmetik, Nail-Techs, Massage, Trainer, Tattoo/Piercing",CORE,ACTIVE_VERIFIED_2026-09,NOT_FLAGGED,SCAN_PILOT_NOW,True,300,"Profession/business/operator-oriented community with recurring workflows, software/process spend and identifiable buyers.",
46,56,r/arborists,Construction_Trades,"Bauunternehmen, Handwerker, Bauleiter, Kalkulatoren, Gebäudetechnik, Facility Management",CORE,ACTIVE_VERIFIED_2026-09,NOT_FLAGGED,SCAN_PILOT_NOW,True,300,"Profession/business/operator-oriented community with recurring workflows, software/process spend and identifiable buyers.",
47,57,r/architecture,Construction_Trades,"Bauunternehmen, Handwerker, Bauleiter, Kalkulatoren, Gebäudetechnik, Facility Management",CORE,ACTIVE_VERIFIED_2026-09,NOT_FLAGGED,SCAN_PILOT_NOW,True,300,"Profession/business/operator-oriented community with recurring workflows, software/process spend and identifiable buyers.",
48,58,r/Carpentry,Construction_Trades,"Bauunternehmen, Handwerker, Bauleiter, Kalkulatoren, Gebäudetechnik, Facility Management",CORE,ACTIVE_VERIFIED_2026-09,NOT_FLAGGED,SCAN_PILOT_NOW,True,300,"Profession/business/operator-oriented community with recurring workflows, software/process spend and identifiable buyers.",
49,59,r/civilengineering,Construction_Trades,"Bauunternehmen, Handwerker, Bauleiter, Kalkulatoren, Gebäudetechnik, Facility Management",CORE,ACTIVE_VERIFIED_2026-09,NOT_FLAGGED,SCAN_PILOT_NOW,True,300,"Profession/business/operator-oriented community with recurring workflows, software/process spend and identifiable buyers.",
50,60,r/Concrete,Construction_Trades,"Bauunternehmen, Handwerker, Bauleiter, Kalkulatoren, Gebäudetechnik, Facility Management",CORE,ACTIVE_VERIFIED_2026-09,NOT_FLAGGED,SCAN_PILOT_NOW,True,300,"Profession/business/operator-oriented community with recurring workflows, software/process spend and identifiable buyers.",
51,61,r/ConcreteContractors,Construction_Trades,Concrete contractors,CORE,ACTIVE_VERIFIED_2026-09,NOT_FLAGGED,SCAN_PILOT_NOW,True,300,"Profession/business/operator-oriented community with recurring workflows, software/process spend and identifiable buyers.",
52,62,r/Construction,Construction_Trades,"Bauunternehmen, Handwerker, Bauleiter, Kalkulatoren, Gebäudetechnik, Facility Management",CORE,ACTIVE_VERIFIED_2026-09,NOT_FLAGGED,SCAN_PILOT_NOW,True,300,"Profession/business/operator-oriented community with recurring workflows, software/process spend and identifiable buyers.",
53,63,r/ConstructionManagers,Construction_Trades,"Bauunternehmen, Handwerker, Bauleiter, Kalkulatoren, Gebäudetechnik, Facility Management",CORE,ACTIVE_VERIFIED_2026-09,NOT_FLAGGED,SCAN_PILOT_NOW,True,300,"Profession/business/operator-oriented community with recurring workflows, software/process spend and identifiable buyers.",
54,64,r/Contractor,Construction_Trades,"Bauunternehmen, Handwerker, Bauleiter, Kalkulatoren, Gebäudetechnik, Facility Management",CORE,ACTIVE_VERIFIED_2026-09,NOT_FLAGGED,SCAN_PILOT_NOW,True,300,"Profession/business/operator-oriented community with recurring workflows, software/process spend and identifiable buyers.",
55,65,r/drywall,Construction_Trades,"Bauunternehmen, Handwerker, Bauleiter, Kalkulatoren, Gebäudetechnik, Facility Management",CORE,ACTIVE_VERIFIED_2026-09,NOT_FLAGGED,SCAN_PILOT_NOW,True,300,"Profession/business/operator-oriented community with recurring workflows, software/process spend and identifiable buyers.",
56,68,r/electricians,Construction_Trades,"Bauunternehmen, Handwerker, Bauleiter, Kalkulatoren, Gebäudetechnik, Facility Management",CORE,ACTIVE_VERIFIED_2026-09,NOT_FLAGGED,SCAN_PILOT_NOW,True,300,"Profession/business/operator-oriented community with recurring workflows, software/process spend and identifiable buyers.",
57,70,r/estimators,Construction_Trades,"Bauunternehmen, Handwerker, Bauleiter, Kalkulatoren, Gebäudetechnik, Facility Management",CORE,ACTIVE_VERIFIED_2026-09,NOT_FLAGGED,SCAN_PILOT_NOW,True,300,"Profession/business/operator-oriented community with recurring workflows, software/process spend and identifiable buyers.",
58,71,r/FacilitiesManagement,Construction_Trades,"Bauunternehmen, Handwerker, Bauleiter, Kalkulatoren, Gebäudetechnik, Facility Management",CORE,ACTIVE_NICHE_VERIFIED_2026-09,NOT_FLAGGED,SCAN_PILOT_NOW,True,300,"Profession/business/operator-oriented community with recurring workflows, software/process spend and identifiable buyers.",
59,72,r/FireAlarm,Construction_Trades,Fire alarm technicians/installers,CORE,ACTIVE_VERIFIED_2026-09,NOT_FLAGGED,SCAN_PILOT_NOW,True,300,"Profession/business/operator-oriented community with recurring workflows, software/process spend and identifiable buyers.",
60,73,r/firePE,Construction_Trades,Fire protection engineers,CORE,ACTIVE_VERIFIED_2026-09,NOT_FLAGGED,SCAN_PILOT_NOW,True,300,"Profession/business/operator-oriented community with recurring workflows, software/process spend and identifiable buyers.",
61,74,r/Flooring,Construction_Trades,"Bauunternehmen, Handwerker, Bauleiter, Kalkulatoren, Gebäudetechnik, Facility Management",CORE,ACTIVE_VERIFIED_2026-09,NOT_FLAGGED,SCAN_PILOT_NOW,True,300,"Profession/business/operator-oriented community with recurring workflows, software/process spend and identifiable buyers.",
62,75,r/flooringinstallers,Construction_Trades,Flooring installers,CORE,ACTIVE_VERIFIED_2026-09,NOT_FLAGGED,SCAN_PILOT_NOW,True,300,"Profession/business/operator-oriented community with recurring workflows, software/process spend and identifiable buyers.",
63,76,r/GeneralContractor,Construction_Trades,General contractors,CORE,ACTIVE_VERIFIED_2026-09,NOT_FLAGGED,SCAN_PILOT_NOW,True,300,"Profession/business/operator-oriented community with recurring workflows, software/process spend and identifiable buyers.",
64,78,r/glaziers,Construction_Trades,Glaziers / glass installers,CORE,ACTIVE_VERIFIED_2026-09,NOT_FLAGGED,SCAN_PILOT_NOW,True,300,"Profession/business/operator-oriented community with recurring workflows, software/process spend and identifiable buyers.",
65,79,r/HeavyEquipment,Construction_Trades,Heavy equipment operators / owners,CORE,ACTIVE_VERIFIED_2026-09,NOT_FLAGGED,SCAN_PILOT_NOW,True,300,"Profession/business/operator-oriented community with recurring workflows, software/process spend and identifiable buyers.",
66,80,r/HVAC,Construction_Trades,"Bauunternehmen, Handwerker, Bauleiter, Kalkulatoren, Gebäudetechnik, Facility Management",CORE,ACTIVE_VERIFIED_2026-09,NOT_FLAGGED,SCAN_PILOT_NOW,True,300,"Profession/business/operator-oriented community with recurring workflows, software/process spend and identifiable buyers.",
67,81,r/HVACBUSINESS,Construction_Trades,HVAC business owners,CORE,ACTIVE_NICHE_VERIFIED_2026-09,NOT_FLAGGED,SCAN_PILOT_NOW,True,300,"Profession/business/operator-oriented community with recurring workflows, software/process spend and identifiable buyers.",
68,82,r/instrumentation,Construction_Trades,"Bauunternehmen, Handwerker, Bauleiter, Kalkulatoren, Gebäudetechnik, Facility Management",CORE,ACTIVE_VERIFIED_2026-09,NOT_FLAGGED,SCAN_PILOT_NOW,True,300,"Profession/business/operator-oriented community with recurring workflows, software/process spend and identifiable buyers.",
69,83,r/landscaping,Construction_Trades,"Bauunternehmen, Handwerker, Bauleiter, Kalkulatoren, Gebäudetechnik, Facility Management",CORE,ACTIVE_VERIFIED_2026-09,NOT_FLAGGED,SCAN_PILOT_NOW,True,300,"Profession/business/operator-oriented community with recurring workflows, software/process spend and identifiable buyers.",
70,84,r/lawncare,Construction_Trades,"Bauunternehmen, Handwerker, Bauleiter, Kalkulatoren, Gebäudetechnik, Facility Management",CORE,ACTIVE_VERIFIED_2026-09,NOT_FLAGGED,SCAN_PILOT_NOW,True,300,"Profession/business/operator-oriented community with recurring workflows, software/process spend and identifiable buyers.",
71,85,r/locksmith,Construction_Trades,"Bauunternehmen, Handwerker, Bauleiter, Kalkulatoren, Gebäudetechnik, Facility Management",CORE,ACTIVE_VERIFIED_2026-09,NOT_FLAGGED,SCAN_PILOT_NOW,True,300,"Profession/business/operator-oriented community with recurring workflows, software/process spend and identifiable buyers.",
72,86,r/locksmiths,Construction_Trades,Locksmiths,CORE,ACTIVE_VERIFIED_2026-09,NOT_FLAGGED,SCAN_PILOT_NOW,True,300,"Profession/business/operator-oriented community with recurring workflows, software/process spend and identifiable buyers.",
73,87,r/LowVoltage,Construction_Trades,Low-voltage installers,CORE,ACTIVE_VERIFIED_2026-09,NOT_FLAGGED,SCAN_PILOT_NOW,True,300,"Profession/business/operator-oriented community with recurring workflows, software/process spend and identifiable buyers.",
74,88,r/maintenance,Construction_Trades,"Bauunternehmen, Handwerker, Bauleiter, Kalkulatoren, Gebäudetechnik, Facility Management",CORE,ACTIVE_VERIFIED_2026-09,NOT_FLAGGED,SCAN_PILOT_NOW,True,300,"Profession/business/operator-oriented community with recurring workflows, software/process spend and identifiable buyers.",
75,89,r/MEPEngineering,Construction_Trades,"Bauunternehmen, Handwerker, Bauleiter, Kalkulatoren, Gebäudetechnik, Facility Management",CORE,ACTIVE_VERIFIED_2026-09,NOT_FLAGGED,SCAN_PILOT_NOW,True,300,"Profession/business/operator-oriented community with recurring workflows, software/process spend and identifiable buyers.",
76,90,r/millwrights,Construction_Trades,"Bauunternehmen, Handwerker, Bauleiter, Kalkulatoren, Gebäudetechnik, Facility Management",CORE,ACTIVE_VERIFIED_2026-09,NOT_FLAGGED,SCAN_PILOT_NOW,True,300,"Profession/business/operator-oriented community with recurring workflows, software/process spend and identifiable buyers.",
77,91,r/painting,Construction_Trades,"Bauunternehmen, Handwerker, Bauleiter, Kalkulatoren, Gebäudetechnik, Facility Management",CORE,ACTIVE_VERIFIED_2026-09,NOT_FLAGGED,SCAN_PILOT_NOW,True,300,"Profession/business/operator-oriented community with recurring workflows, software/process spend and identifiable buyers.",
78,92,r/pestcontrol,Construction_Trades,"Bauunternehmen, Handwerker, Bauleiter, Kalkulatoren, Gebäudetechnik, Facility Management",CORE,ACTIVE_VERIFIED_2026-09,NOT_FLAGGED,SCAN_PILOT_NOW,True,300,"Profession/business/operator-oriented community with recurring workflows, software/process spend and identifiable buyers.",
79,93,r/PLC,Construction_Trades,"Bauunternehmen, Handwerker, Bauleiter, Kalkulatoren, Gebäudetechnik, Facility Management",CORE,ACTIVE_VERIFIED_2026-09,NOT_FLAGGED,SCAN_PILOT_NOW,True,300,"Profession/business/operator-oriented community with recurring workflows, software/process spend and identifiable buyers.",
80,94,r/Plumbing,Construction_Trades,"Bauunternehmen, Handwerker, Bauleiter, Kalkulatoren, Gebäudetechnik, Facility Management",CORE,ACTIVE_VERIFIED_2026-09,NOT_FLAGGED,SCAN_PILOT_NOW,True,300,"Profession/business/operator-oriented community with recurring workflows, software/process spend and identifiable buyers.",
81,96,r/quantitysurveying,Construction_Trades,"Bauunternehmen, Handwerker, Bauleiter, Kalkulatoren, Gebäudetechnik, Facility Management",CORE,ACTIVE_NICHE_VERIFIED_2026-09,NOT_FLAGGED,SCAN_PILOT_NOW,True,300,"Profession/business/operator-oriented community with recurring workflows, software/process spend and identifiable buyers.",
82,97,r/Roofing,Construction_Trades,"Bauunternehmen, Handwerker, Bauleiter, Kalkulatoren, Gebäudetechnik, Facility Management",CORE,ACTIVE_VERIFIED_2026-09,NOT_FLAGGED,SCAN_PILOT_NOW,True,300,"Profession/business/operator-oriented community with recurring workflows, software/process spend and identifiable buyers.",
83,98,r/roofingbusiness,Construction_Trades,Roofing business owners,CORE,ACTIVE_VERIFIED_2026-09,NOT_FLAGGED,SCAN_PILOT_NOW,True,300,"Profession/business/operator-oriented community with recurring workflows, software/process spend and identifiable buyers.",
84,100,r/solarinstallers,Construction_Trades,Solar installers,CORE,ACTIVE_VERIFIED_2026-09,NOT_FLAGGED,SCAN_PILOT_NOW,True,300,"Profession/business/operator-oriented community with recurring workflows, software/process spend and identifiable buyers.",
85,101,r/StructuralEngineering,Construction_Trades,"Bauunternehmen, Handwerker, Bauleiter, Kalkulatoren, Gebäudetechnik, Facility Management",CORE,ACTIVE_VERIFIED_2026-09,NOT_FLAGGED,SCAN_PILOT_NOW,True,300,"Profession/business/operator-oriented community with recurring workflows, software/process spend and identifiable buyers.",
86,103,r/Tile,Construction_Trades,"Bauunternehmen, Handwerker, Bauleiter, Kalkulatoren, Gebäudetechnik, Facility Management",CORE,ACTIVE_VERIFIED_2026-09,NOT_FLAGGED,SCAN_PILOT_NOW,True,300,"Profession/business/operator-oriented community with recurring workflows, software/process spend and identifiable buyers.",
87,104,r/artbusiness,Crafts_Makers_Sellers,"Maker, Künstler, Handarbeits-, Craft-Seller",CORE,ACTIVE_VERIFIED_2026-09,NOT_FLAGGED,SCAN_PILOT_NOW,True,300,Direct operator/professional/business workflow source with strong recurring process and spending potential.,
88,105,r/EmbroideryBusiness,Crafts_Makers_Sellers,Embroidery business owners,CORE,ACTIVE_VERIFIED_2026-09,NOT_FLAGGED,SCAN_PILOT_NOW,True,300,Direct operator/professional/business workflow source with strong recurring process and spending potential.,
89,106,r/Printshop,Crafts_Makers_Sellers,Print/copy shop operators,CORE,ACTIVE_NICHE_VERIFIED_2026-09,NOT_FLAGGED,SCAN_PILOT_NOW,True,300,Direct operator/professional/business workflow source with strong recurring process and spending potential.,
90,107,r/signshop,Crafts_Makers_Sellers,Sign industry / sign shops,CORE,ACTIVE_VERIFIED_2026-09,NOT_FLAGGED,SCAN_PILOT_NOW,True,300,Direct operator/professional/business workflow source with strong recurring process and spending potential.,
91,108,r/WoodworkingBusiness,Crafts_Makers_Sellers,Woodworking business owners,CORE,ACTIVE_NICHE_VERIFIED_2026-09,NOT_FLAGGED,SCAN_PILOT_NOW,True,300,Direct operator/professional/business workflow source with strong recurring process and spending potential.,
92,109,r/NewsletterOperators,Creator_Freelance_Media,Newsletter operators,CORE,ACTIVE_NICHE_VERIFIED_2026-09,NOT_FLAGGED,SCAN_PILOT_NOW,True,300,Direct operator/professional/business workflow source with strong recurring process and spending potential.,
93,140,r/AmazonFBAOnlineRetail,Ecommerce_Marketplaces,"Online-Händler, Marktplatz-Seller, Reseller",CORE,ACTIVE_NICHE_VERIFIED_2026-09,NOT_FLAGGED,SCAN_PILOT_NOW,True,300,"Profession/business/operator-oriented community with recurring workflows, software/process spend and identifiable buyers.",
94,141,r/Depop,Ecommerce_Marketplaces,"Online-Händler, Marktplatz-Seller, Reseller",CORE,ACTIVE_VERIFIED_2026-09,NOT_FLAGGED,SCAN_PILOT_NOW,True,300,"Profession/business/operator-oriented community with recurring workflows, software/process spend and identifiable buyers.",
95,142,r/depopsellers,Ecommerce_Marketplaces,Depop sellers,CORE,ACTIVE_NICHE_VERIFIED_2026-09,NOT_FLAGGED,SCAN_PILOT_NOW,True,300,"Profession/business/operator-oriented community with recurring workflows, software/process spend and identifiable buyers.",
96,143,r/Ebay,Ecommerce_Marketplaces,"Online-Händler, Marktplatz-Seller, Reseller",CORE,ACTIVE_VERIFIED_2026-09,NOT_FLAGGED,SCAN_PILOT_NOW,True,300,"Profession/business/operator-oriented community with recurring workflows, software/process spend and identifiable buyers.",
97,144,r/eBaySellerAdvice,Ecommerce_Marketplaces,"Online-Händler, Marktplatz-Seller, Reseller",CORE,ACTIVE_VERIFIED_2026-09,NOT_FLAGGED,SCAN_PILOT_NOW,True,300,Direct operator/professional/business workflow source with strong recurring process and spending potential.,
98,145,r/eBaySellers,Ecommerce_Marketplaces,eBay sellers,CORE,ACTIVE_VERIFIED_2026-09,NOT_FLAGGED,SCAN_PILOT_NOW,True,300,Direct operator/professional/business workflow source with strong recurring process and spending potential.,
99,146,r/EtsyCommunity,Ecommerce_Marketplaces,"Online-Händler, Marktplatz-Seller, Reseller",CORE,ACTIVE_VERIFIED_2026-09,NOT_FLAGGED,SCAN_PILOT_NOW,True,300,"Profession/business/operator-oriented community with recurring workflows, software/process spend and identifiable buyers.",
100,148,r/Flipping,Ecommerce_Marketplaces,"Online-Händler, Marktplatz-Seller, Reseller",CORE,ACTIVE_VERIFIED_2026-09,NOT_FLAGGED,SCAN_PILOT_NOW,True,300,"Profession/business/operator-oriented community with recurring workflows, software/process spend and identifiable buyers.",
101,149,r/FulfillmentByAmazon,Ecommerce_Marketplaces,"Online-Händler, Marktplatz-Seller, Reseller",CORE,ACTIVE_VERIFIED_2026-09,NOT_FLAGGED,SCAN_PILOT_NOW,True,300,Direct operator/professional/business workflow source with strong recurring process and spending potential.,
102,150,r/Mercari,Ecommerce_Marketplaces,"Online-Händler, Marktplatz-Seller, Reseller",CORE,ACTIVE_VERIFIED_2026-09,NOT_FLAGGED,SCAN_PILOT_NOW,True,300,"Profession/business/operator-oriented community with recurring workflows, software/process spend and identifiable buyers.",
103,151,r/poshmark,Ecommerce_Marketplaces,"Online-Händler, Marktplatz-Seller, Reseller",CORE,ACTIVE_VERIFIED_2026-09,NOT_FLAGGED,SCAN_PILOT_NOW,True,300,"Profession/business/operator-oriented community with recurring workflows, software/process spend and identifiable buyers.",
104,152,r/PoshmarkSellers,Ecommerce_Marketplaces,Poshmark sellers,CORE,ACTIVE_NICHE_VERIFIED_2026-09,NOT_FLAGGED,SCAN_PILOT_NOW,True,300,"Profession/business/operator-oriented community with recurring workflows, software/process spend and identifiable buyers.",
105,153,r/printondemand,Ecommerce_Marketplaces,"Online-Händler, Marktplatz-Seller, Reseller",CORE,ACTIVE_VERIFIED_2026-09,NOT_FLAGGED,SCAN_PILOT_NOW,True,300,"Profession/business/operator-oriented community with recurring workflows, software/process spend and identifiable buyers.",
106,155,r/reselling,Ecommerce_Marketplaces,"Online-Händler, Marktplatz-Seller, Reseller",CORE,ACTIVE_VERIFIED_2026-09,NOT_FLAGGED,SCAN_PILOT_NOW,True,300,"Profession/business/operator-oriented community with recurring workflows, software/process spend and identifiable buyers.",
107,158,r/WooCommerce,Ecommerce_Marketplaces,"Online-Händler, Marktplatz-Seller, Reseller",CORE,ACTIVE_VERIFIED_2026-09,NOT_FLAGGED,SCAN_PILOT_NOW,True,300,"Profession/business/operator-oriented community with recurring workflows, software/process spend and identifiable buyers.",
108,159,r/edtech,Education,"Lehrkräfte, Hochschulen, Beratung, Bibliotheken, Early Childhood, Instructional Design",CORE,ACTIVE_VERIFIED_2026-09,NOT_FLAGGED,SCAN_PILOT_NOW,True,300,Direct operator/professional/business workflow source with strong recurring process and spending potential.,
109,160,r/InstructionalDesign,Education,"Lehrkräfte, Hochschulen, Beratung, Bibliotheken, Early Childhood, Instructional Design",CORE,ACTIVE_NICHE_VERIFIED_2026-09,NOT_FLAGGED,SCAN_PILOT_NOW,True,300,Direct operator/professional/business workflow source with strong recurring process and spending potential.,
110,161,r/Librarians,Education,"Lehrkräfte, Hochschulen, Beratung, Bibliotheken, Early Childhood, Instructional Design",CORE,ACTIVE_VERIFIED_2026-09,NOT_FLAGGED,SCAN_PILOT_NOW,True,300,Direct operator/professional/business workflow source with strong recurring process and spending potential.,
111,166,r/DJs,Events_Weddings,"Eventproduktion, DJs, Floristen, Hochzeits-, Veranstaltungsdienstleister",CORE,ACTIVE_VERIFIED_2026-09,NOT_FLAGGED,SCAN_PILOT_NOW,True,300,"Profession/business/operator-oriented community with recurring workflows, software/process spend and identifiable buyers.",
112,167,r/EventPlanners,Events_Weddings,Event planners,CORE,ACTIVE_VERIFIED_2026-09,NOT_FLAGGED,SCAN_PILOT_NOW,True,300,"Profession/business/operator-oriented community with recurring workflows, software/process spend and identifiable buyers.",
113,168,r/eventplanning,Events_Weddings,"Eventproduktion, DJs, Floristen, Hochzeits-, Veranstaltungsdienstleister",CORE,ACTIVE_NICHE_VERIFIED_2026-09,NOT_FLAGGED,SCAN_PILOT_NOW,True,300,"Profession/business/operator-oriented community with recurring workflows, software/process spend and identifiable buyers.",
114,169,r/EventProduction,Events_Weddings,"Eventproduktion, DJs, Floristen, Hochzeits-, Veranstaltungsdienstleister",CORE,ACTIVE_VERIFIED_2026-09,NOT_FLAGGED,SCAN_PILOT_NOW,True,300,"Profession/business/operator-oriented community with recurring workflows, software/process spend and identifiable buyers.",
115,170,r/floristry,Events_Weddings,"Eventproduktion, DJs, Floristen, Hochzeits-, Veranstaltungsdienstleister",CORE,ACTIVE_NICHE_VERIFIED_2026-09,NOT_FLAGGED,SCAN_PILOT_NOW,True,300,"Profession/business/operator-oriented community with recurring workflows, software/process spend and identifiable buyers.",
116,171,r/florists,Events_Weddings,"Eventproduktion, DJs, Floristen, Hochzeits-, Veranstaltungsdienstleister",CORE,ACTIVE_NICHE_VERIFIED_2026-09,NOT_FLAGGED,SCAN_PILOT_NOW,True,300,"Profession/business/operator-oriented community with recurring workflows, software/process spend and identifiable buyers.",
117,172,r/lightingdesign,Events_Weddings,"Eventproduktion, DJs, Floristen, Hochzeits-, Veranstaltungsdienstleister",CORE,ACTIVE_VERIFIED_2026-09,NOT_FLAGGED,SCAN_PILOT_NOW,True,300,"Profession/business/operator-oriented community with recurring workflows, software/process spend and identifiable buyers.",
118,173,r/livesound,Events_Weddings,"Eventproduktion, DJs, Floristen, Hochzeits-, Veranstaltungsdienstleister",CORE,ACTIVE_VERIFIED_2026-09,NOT_FLAGGED,SCAN_PILOT_NOW,True,300,"Profession/business/operator-oriented community with recurring workflows, software/process spend and identifiable buyers.",
119,174,r/mobileDJ,Events_Weddings,"Eventproduktion, DJs, Floristen, Hochzeits-, Veranstaltungsdienstleister",CORE,ACTIVE_VERIFIED_2026-09,NOT_FLAGGED,SCAN_PILOT_NOW,True,300,"Profession/business/operator-oriented community with recurring workflows, software/process spend and identifiable buyers.",
120,177,r/weddingplanning,Events_Weddings,"Eventproduktion, DJs, Floristen, Hochzeits-, Veranstaltungsdienstleister",CORE,ACTIVE_VERIFIED_2026-09,NOT_FLAGGED,SCAN_PILOT_NOW,True,300,"Profession/business/operator-oriented community with recurring workflows, software/process spend and identifiable buyers.",
121,178,r/loanoriginators,Finance_Professional,Loan originators / mortgage professionals,CORE,ACTIVE_VERIFIED_2026-09,NOT_FLAGGED,SCAN_PILOT_NOW,True,300,"Profession/business/operator-oriented community with recurring workflows, software/process spend and identifiable buyers.",
122,179,r/MortgageBrokers,Finance_Professional,Mortgage brokers,CORE,ACTIVE_VERIFIED_2026-09,NOT_FLAGGED,SCAN_PILOT_NOW,True,300,"Profession/business/operator-oriented community with recurring workflows, software/process spend and identifiable buyers.",
123,181,r/healthcareIT,Healthcare_Clinical,"Gesundheitsberufe, Praxen, Labore, klinische Fachkräfte",CORE,ACTIVE_NICHE_VERIFIED_2026-09,NOT_FLAGGED,SCAN_PILOT_NOW,True,300,Direct operator/professional/business workflow source with strong recurring process and spending potential.,
124,182,r/HealthIT,Healthcare_Clinical,"Gesundheitsberufe, Praxen, Labore, klinische Fachkräfte",CORE,ACTIVE_NICHE_VERIFIED_2026-09,NOT_FLAGGED,SCAN_PILOT_NOW,True,300,Direct operator/professional/business workflow source with strong recurring process and spending potential.,
125,184,r/medicalcoding,Healthcare_Clinical,"Gesundheitsberufe, Praxen, Labore, klinische Fachkräfte",CORE,ACTIVE_VERIFIED_2026-09,NOT_FLAGGED,SCAN_PILOT_NOW,True,300,Direct operator/professional/business workflow source with strong recurring process and spending potential.,
126,185,r/AirbnbCleaners,Home_LocalServices,Short-term-rental cleaners,CORE,ACTIVE_NICHE_VERIFIED_2026-09,NOT_FLAGGED,SCAN_PILOT_NOW,True,300,"Profession/business/operator-oriented community with recurring workflows, software/process spend and identifiable buyers.",
127,186,r/ApplianceRepair,Home_LocalServices,Appliance repair technicians / service businesses,CORE,ACTIVE_VERIFIED_2026-09,NOT_FLAGGED,SCAN_PILOT_NOW,True,300,"Profession/business/operator-oriented community with recurring workflows, software/process spend and identifiable buyers.",
128,188,r/CarpetCleaning,Home_LocalServices,Carpet cleaning operators,CORE,ACTIVE_VERIFIED_2026-09,NOT_FLAGGED,SCAN_PILOT_NOW,True,300,"Profession/business/operator-oriented community with recurring workflows, software/process spend and identifiable buyers.",
129,190,r/cleaning_business,Home_LocalServices,"Reinigung, Druckreinigung, Fensterreinigung, Pool, Handyman, Smart-Home-Services",CORE,ACTIVE_VERIFIED_2026-09,NOT_FLAGGED,SCAN_PILOT_NOW,True,300,"Profession/business/operator-oriented community with recurring workflows, software/process spend and identifiable buyers.",
130,191,r/CleaningTips,Home_LocalServices,"Reinigung, Druckreinigung, Fensterreinigung, Pool, Handyman, Smart-Home-Services",CORE,ACTIVE_VERIFIED_2026-09,NOT_FLAGGED,SCAN_PILOT_NOW,True,300,"Profession/business/operator-oriented community with recurring workflows, software/process spend and identifiable buyers.",
131,193,r/handyman,Home_LocalServices,"Reinigung, Druckreinigung, Fensterreinigung, Pool, Handyman, Smart-Home-Services",CORE,ACTIVE_VERIFIED_2026-09,NOT_FLAGGED,SCAN_PILOT_NOW,True,300,"Profession/business/operator-oriented community with recurring workflows, software/process spend and identifiable buyers.",
132,194,r/HandymanBusiness,Home_LocalServices,Handyman business owners,CORE,ACTIVE_VERIFIED_2026-09,NOT_FLAGGED,SCAN_PILOT_NOW,True,300,"Profession/business/operator-oriented community with recurring workflows, software/process spend and identifiable buyers.",
133,195,r/homeassistant,Home_LocalServices,"Reinigung, Druckreinigung, Fensterreinigung, Pool, Handyman, Smart-Home-Services",CORE,ACTIVE_VERIFIED_2026-09,NOT_FLAGGED,SCAN_PILOT_NOW,True,300,"Profession/business/operator-oriented community with recurring workflows, software/process spend and identifiable buyers.",
134,196,r/HomeAutomation,Home_LocalServices,"Reinigung, Druckreinigung, Fensterreinigung, Pool, Handyman, Smart-Home-Services",CORE,ACTIVE_VERIFIED_2026-09,NOT_FLAGGED,SCAN_PILOT_NOW,True,300,"Profession/business/operator-oriented community with recurring workflows, software/process spend and identifiable buyers.",
135,197,r/Homebuilding,Home_LocalServices,"Reinigung, Druckreinigung, Fensterreinigung, Pool, Handyman, Smart-Home-Services",CORE,ACTIVE_VERIFIED_2026-09,NOT_FLAGGED,SCAN_PILOT_NOW,True,300,"Profession/business/operator-oriented community with recurring workflows, software/process spend and identifiable buyers.",
136,198,r/HomeMaintenance,Home_LocalServices,"Reinigung, Druckreinigung, Fensterreinigung, Pool, Handyman, Smart-Home-Services",CORE,ACTIVE_VERIFIED_2026-09,NOT_FLAGGED,SCAN_PILOT_NOW,True,300,"Profession/business/operator-oriented community with recurring workflows, software/process spend and identifiable buyers.",
137,199,r/JunkRemoval,Home_LocalServices,"Junk-removal operators, local service businesses",CORE,ACTIVE_VERIFIED_2026-09,NOT_FLAGGED,SCAN_PILOT_NOW,True,300,"Profession/business/operator-oriented community with recurring workflows, software/process spend and identifiable buyers.",
138,200,r/landscapers,Home_LocalServices,Landscapers,CORE,ACTIVE_NICHE_VERIFIED_2026-09,NOT_FLAGGED,SCAN_PILOT_NOW,True,300,"Profession/business/operator-oriented community with recurring workflows, software/process spend and identifiable buyers.",
139,201,r/landscapingbusiness,Home_LocalServices,Landscaping business owners,CORE,ACTIVE_VERIFIED_2026-09,NOT_FLAGGED,SCAN_PILOT_NOW,True,300,"Profession/business/operator-oriented community with recurring workflows, software/process spend and identifiable buyers.",
140,202,r/Laundromats,Home_LocalServices,Laundromat owners/operators,CORE,ACTIVE_VERIFIED_2026-09,NOT_FLAGGED,SCAN_PILOT_NOW,True,300,"Profession/business/operator-oriented community with recurring workflows, software/process spend and identifiable buyers.",
141,203,r/PestControlPros,Home_LocalServices,Pest control professionals,CORE,ACTIVE_NICHE_VERIFIED_2026-09,NOT_FLAGGED,SCAN_PILOT_NOW,True,300,"Profession/business/operator-oriented community with recurring workflows, software/process spend and identifiable buyers.",
142,204,r/PoolPros,Home_LocalServices,"Reinigung, Druckreinigung, Fensterreinigung, Pool, Handyman, Smart-Home-Services",CORE,ACTIVE_VERIFIED_2026-09,NOT_FLAGGED,SCAN_PILOT_NOW,True,300,"Profession/business/operator-oriented community with recurring workflows, software/process spend and identifiable buyers.",
143,205,r/pools,Home_LocalServices,"Reinigung, Druckreinigung, Fensterreinigung, Pool, Handyman, Smart-Home-Services",CORE,ACTIVE_NICHE_VERIFIED_2026-09,NOT_FLAGGED,SCAN_PILOT_NOW,True,300,"Profession/business/operator-oriented community with recurring workflows, software/process spend and identifiable buyers.",
144,206,r/poolservice,Home_LocalServices,Pool service operators,CORE,ACTIVE_NICHE_VERIFIED_2026-09,NOT_FLAGGED,SCAN_PILOT_NOW,True,300,"Profession/business/operator-oriented community with recurring workflows, software/process spend and identifiable buyers.",
145,208,r/PressureWashing,Home_LocalServices,"Reinigung, Druckreinigung, Fensterreinigung, Pool, Handyman, Smart-Home-Services",CORE,ACTIVE_VERIFIED_2026-09,NOT_FLAGGED,SCAN_PILOT_NOW,True,300,"Profession/business/operator-oriented community with recurring workflows, software/process spend and identifiable buyers.",
146,209,r/RestorationIndustry,Home_LocalServices,Restoration professionals,CORE,ACTIVE_NICHE_VERIFIED_2026-09,NOT_FLAGGED,SCAN_PILOT_NOW,True,300,"Profession/business/operator-oriented community with recurring workflows, software/process spend and identifiable buyers.",
147,210,r/Septic,Home_LocalServices,Septic service pros and homeowners,CORE,ACTIVE_VERIFIED_2026-09,NOT_FLAGGED,SCAN_PILOT_NOW,True,300,"Profession/business/operator-oriented community with recurring workflows, software/process spend and identifiable buyers.",
148,211,r/smarthome,Home_LocalServices,"Reinigung, Druckreinigung, Fensterreinigung, Pool, Handyman, Smart-Home-Services",CORE,ACTIVE_VERIFIED_2026-09,NOT_FLAGGED,SCAN_PILOT_NOW,True,300,"Profession/business/operator-oriented community with recurring workflows, software/process spend and identifiable buyers.",
149,214,r/WindowCleaning,Home_LocalServices,"Reinigung, Druckreinigung, Fensterreinigung, Pool, Handyman, Smart-Home-Services",CORE,ACTIVE_VERIFIED_2026-09,NOT_FLAGGED,SCAN_PILOT_NOW,True,300,"Profession/business/operator-oriented community with recurring workflows, software/process spend and identifiable buyers.",
150,215,r/barista,Hospitality_Restaurant,Baristas / coffee professionals,CORE,ACTIVE_VERIFIED_2026-09,NOT_FLAGGED,SCAN_PILOT_NOW,True,300,"Profession/business/operator-oriented community with recurring workflows, software/process spend and identifiable buyers.",
151,216,r/bartenders,Hospitality_Restaurant,"Restaurant-, Hotel-, Gastro-, Food-Truck-Betreiber, Mitarbeiter",CORE,ACTIVE_VERIFIED_2026-09,NOT_FLAGGED,SCAN_PILOT_NOW,True,300,"Profession/business/operator-oriented community with recurring workflows, software/process spend and identifiable buyers.",
152,217,r/Chefit,Hospitality_Restaurant,"Restaurant-, Hotel-, Gastro-, Food-Truck-Betreiber, Mitarbeiter",CORE,ACTIVE_VERIFIED_2026-09,NOT_FLAGGED,SCAN_PILOT_NOW,True,300,"Profession/business/operator-oriented community with recurring workflows, software/process spend and identifiable buyers.",
153,218,r/foodtrucks,Hospitality_Restaurant,"Restaurant-, Hotel-, Gastro-, Food-Truck-Betreiber, Mitarbeiter",CORE,ACTIVE_VERIFIED_2026-09,NOT_FLAGGED,SCAN_PILOT_NOW,True,300,"Profession/business/operator-oriented community with recurring workflows, software/process spend and identifiable buyers.",
154,219,r/hospitality,Hospitality_Restaurant,"Restaurant-, Hotel-, Gastro-, Food-Truck-Betreiber, Mitarbeiter",CORE,ACTIVE_VERIFIED_2026-09,NOT_FLAGGED,SCAN_PILOT_NOW,True,300,"Profession/business/operator-oriented community with recurring workflows, software/process spend and identifiable buyers.",
155,220,r/hotels,Hospitality_Restaurant,"Restaurant-, Hotel-, Gastro-, Food-Truck-Betreiber, Mitarbeiter",CORE,ACTIVE_VERIFIED_2026-09,NOT_FLAGGED,SCAN_PILOT_NOW,True,300,"Profession/business/operator-oriented community with recurring workflows, software/process spend and identifiable buyers.",
156,221,r/KitchenConfidential,Hospitality_Restaurant,"Restaurant-, Hotel-, Gastro-, Food-Truck-Betreiber, Mitarbeiter",CORE,ACTIVE_VERIFIED_2026-09,NOT_FLAGGED,SCAN_PILOT_NOW,True,300,"Profession/business/operator-oriented community with recurring workflows, software/process spend and identifiable buyers.",
157,222,r/Serverlife,Hospitality_Restaurant,"Restaurant-, Hotel-, Gastro-, Food-Truck-Betreiber, Mitarbeiter",CORE,ACTIVE_VERIFIED_2026-09,NOT_FLAGGED,SCAN_PILOT_NOW,True,300,"Profession/business/operator-oriented community with recurring workflows, software/process spend and identifiable buyers.",
158,223,r/TalesFromTheFrontDesk,Hospitality_Restaurant,"Restaurant-, Hotel-, Gastro-, Food-Truck-Betreiber, Mitarbeiter",CORE,ACTIVE_VERIFIED_2026-09,NOT_FLAGGED,SCAN_PILOT_NOW,True,300,"Profession/business/operator-oriented community with recurring workflows, software/process spend and identifiable buyers.",
159,224,r/TalesFromYourServer,Hospitality_Restaurant,"Restaurant-, Hotel-, Gastro-, Food-Truck-Betreiber, Mitarbeiter",CORE,ACTIVE_VERIFIED_2026-09,NOT_FLAGGED,SCAN_PILOT_NOW,True,300,"Profession/business/operator-oriented community with recurring workflows, software/process spend and identifiable buyers.",
160,225,r/careerguidance,HR_Recruiting_Management,"HR, Recruiter, Manager, Consultants, Projektverantwortliche",CORE,ACTIVE_VERIFIED_2026-09,NOT_FLAGGED,SCAN_PILOT_NOW,True,300,"Profession/business/operator-oriented community with recurring workflows, software/process spend and identifiable buyers.",
161,226,r/humanresources,HR_Recruiting_Management,"HR, Recruiter, Manager, Consultants, Projektverantwortliche",CORE,ACTIVE_VERIFIED_2026-09,NOT_FLAGGED,SCAN_PILOT_NOW,True,300,"Profession/business/operator-oriented community with recurring workflows, software/process spend and identifiable buyers.",
162,227,r/ManagementConsulting,HR_Recruiting_Management,"HR, Recruiter, Manager, Consultants, Projektverantwortliche",CORE,ACTIVE_VERIFIED_2026-09,NOT_FLAGGED,SCAN_PILOT_NOW,True,300,"Profession/business/operator-oriented community with recurring workflows, software/process spend and identifiable buyers.",
163,228,r/managers,HR_Recruiting_Management,"HR, Recruiter, Manager, Consultants, Projektverantwortliche",CORE,ACTIVE_VERIFIED_2026-09,NOT_FLAGGED,SCAN_PILOT_NOW,True,300,"Profession/business/operator-oriented community with recurring workflows, software/process spend and identifiable buyers.",
164,230,r/projectmanagement,HR_Recruiting_Management,"HR, Recruiter, Manager, Consultants, Projektverantwortliche",CORE,ACTIVE_VERIFIED_2026-09,NOT_FLAGGED,SCAN_PILOT_NOW,True,300,"Profession/business/operator-oriented community with recurring workflows, software/process spend and identifiable buyers.",
165,231,r/Recruiter,HR_Recruiting_Management,"HR, Recruiter, Manager, Consultants, Projektverantwortliche",CORE,ACTIVE_VERIFIED_2026-09,NOT_FLAGGED,SCAN_PILOT_NOW,True,300,"Profession/business/operator-oriented community with recurring workflows, software/process spend and identifiable buyers.",
166,232,r/recruiting,HR_Recruiting_Management,"HR, Recruiter, Manager, Consultants, Projektverantwortliche",CORE,ACTIVE_VERIFIED_2026-09,NOT_FLAGGED,SCAN_PILOT_NOW,True,300,"Profession/business/operator-oriented community with recurring workflows, software/process spend and identifiable buyers.",
167,234,r/ClaimsAdjusters,Insurance,Claims adjusters,CORE,ACTIVE_NICHE_VERIFIED_2026-09,NOT_FLAGGED,SCAN_PILOT_NOW,True,300,"Profession/business/operator-oriented community with recurring workflows, software/process spend and identifiable buyers.",
168,235,r/InsuranceAdjusters,Insurance,Insurance adjusters,CORE,ACTIVE_VERIFIED_2026-09,NOT_FLAGGED,SCAN_PILOT_NOW,True,300,"Profession/business/operator-oriented community with recurring workflows, software/process spend and identifiable buyers.",
169,237,r/atlassian,IT_B2B_Software,"IT-Leiter, MSPs, Admins, Nutzer großer B2B-Software-Ökosysteme",CORE,ACTIVE_VERIFIED_2026-09,NOT_FLAGGED,SCAN_PILOT_NOW,True,300,"Profession/business/operator-oriented community with recurring workflows, software/process spend and identifiable buyers.",
170,238,r/excel,IT_B2B_Software,"IT-Leiter, MSPs, Admins, Nutzer großer B2B-Software-Ökosysteme",CORE,ACTIVE_VERIFIED_2026-09,NOT_FLAGGED,SCAN_PILOT_NOW,True,300,"Profession/business/operator-oriented community with recurring workflows, software/process spend and identifiable buyers.",
171,239,r/ITManagers,IT_B2B_Software,"IT-Leiter, MSPs, Admins, Nutzer großer B2B-Software-Ökosysteme",CORE,ACTIVE_VERIFIED_2026-09,NOT_FLAGGED,SCAN_PILOT_NOW,True,300,"Profession/business/operator-oriented community with recurring workflows, software/process spend and identifiable buyers.",
172,240,r/jira,IT_B2B_Software,"IT-Leiter, MSPs, Admins, Nutzer großer B2B-Software-Ökosysteme",CORE,ACTIVE_VERIFIED_2026-09,NOT_FLAGGED,SCAN_PILOT_NOW,True,300,"Profession/business/operator-oriented community with recurring workflows, software/process spend and identifiable buyers.",
173,241,r/k12sysadmin,IT_B2B_Software,"IT-Leiter, MSPs, Admins, Nutzer großer B2B-Software-Ökosysteme",CORE,ACTIVE_VERIFIED_2026-09,NOT_FLAGGED,SCAN_PILOT_NOW,True,300,"Profession/business/operator-oriented community with recurring workflows, software/process spend and identifiable buyers.",
174,242,r/Microsoft365,IT_B2B_Software,"IT-Leiter, MSPs, Admins, Nutzer großer B2B-Software-Ökosysteme",CORE,ACTIVE_VERIFIED_2026-09,NOT_FLAGGED,SCAN_PILOT_NOW,True,300,"Profession/business/operator-oriented community with recurring workflows, software/process spend and identifiable buyers.",
175,243,r/msp,IT_B2B_Software,"IT-Leiter, MSPs, Admins, Nutzer großer B2B-Software-Ökosysteme",CORE,ACTIVE_VERIFIED_2026-09,NOT_FLAGGED,SCAN_PILOT_NOW,True,300,"Profession/business/operator-oriented community with recurring workflows, software/process spend and identifiable buyers.",
176,244,r/Office365,IT_B2B_Software,"IT-Leiter, MSPs, Admins, Nutzer großer B2B-Software-Ökosysteme",CORE,ACTIVE_VERIFIED_2026-09,NOT_FLAGGED,SCAN_PILOT_NOW,True,300,"Profession/business/operator-oriented community with recurring workflows, software/process spend and identifiable buyers.",
177,245,r/PowerBI,IT_B2B_Software,"IT-Leiter, MSPs, Admins, Nutzer großer B2B-Software-Ökosysteme",CORE,ACTIVE_VERIFIED_2026-09,NOT_FLAGGED,SCAN_PILOT_NOW,True,300,"Profession/business/operator-oriented community with recurring workflows, software/process spend and identifiable buyers.",
178,246,r/salesforce,IT_B2B_Software,"IT-Leiter, MSPs, Admins, Nutzer großer B2B-Software-Ökosysteme",CORE,ACTIVE_VERIFIED_2026-09,NOT_FLAGGED,SCAN_PILOT_NOW,True,300,"Profession/business/operator-oriented community with recurring workflows, software/process spend and identifiable buyers.",
179,247,r/SalesforceDeveloper,IT_B2B_Software,"IT-Leiter, MSPs, Admins, Nutzer großer B2B-Software-Ökosysteme",CORE,ACTIVE_VERIFIED_2026-09,NOT_FLAGGED,SCAN_PILOT_NOW,True,300,"Profession/business/operator-oriented community with recurring workflows, software/process spend and identifiable buyers.",
180,248,r/servicenow,IT_B2B_Software,"IT-Leiter, MSPs, Admins, Nutzer großer B2B-Software-Ökosysteme",CORE,ACTIVE_VERIFIED_2026-09,NOT_FLAGGED,SCAN_PILOT_NOW,True,300,"Profession/business/operator-oriented community with recurring workflows, software/process spend and identifiable buyers.",
181,249,r/AMLCompliance,Legal_Compliance,AML/KYC/compliance professionals,CORE,ACTIVE_VERIFIED_2026-09,NOT_FLAGGED,SCAN_PILOT_NOW,True,300,"Profession/business/operator-oriented community with recurring workflows, software/process spend and identifiable buyers.",
182,250,r/Compliance,Legal_Compliance,"Anwälte, Kanzleimitarbeiter, Paralegals, Compliance-, Privacy-Profis",CORE,ACTIVE_VERIFIED_2026-09,NOT_FLAGGED,SCAN_PILOT_NOW,True,300,"Profession/business/operator-oriented community with recurring workflows, software/process spend and identifiable buyers.",
183,251,r/cybersecurity,Legal_Compliance,"Anwälte, Kanzleimitarbeiter, Paralegals, Compliance-, Privacy-Profis",CORE,ACTIVE_VERIFIED_2026-09,NOT_FLAGGED,SCAN_PILOT_NOW,True,300,"Profession/business/operator-oriented community with recurring workflows, software/process spend and identifiable buyers.",
184,252,r/LawFirm,Legal_Compliance,"Anwälte, Kanzleimitarbeiter, Paralegals, Compliance-, Privacy-Profis",CORE,ACTIVE_VERIFIED_2026-09,NOT_FLAGGED,SCAN_PILOT_NOW,True,300,"Profession/business/operator-oriented community with recurring workflows, software/process spend and identifiable buyers.",
185,253,r/Lawyertalk,Legal_Compliance,"Anwälte, Kanzleimitarbeiter, Paralegals, Compliance-, Privacy-Profis",CORE,ACTIVE_VERIFIED_2026-09,NOT_FLAGGED,SCAN_PILOT_NOW,True,300,"Profession/business/operator-oriented community with recurring workflows, software/process spend and identifiable buyers.",
186,254,r/paralegal,Legal_Compliance,"Anwälte, Kanzleimitarbeiter, Paralegals, Compliance-, Privacy-Profis",CORE,ACTIVE_VERIFIED_2026-09,NOT_FLAGGED,SCAN_PILOT_NOW,True,300,"Profession/business/operator-oriented community with recurring workflows, software/process spend and identifiable buyers.",
187,259,r/AirTrafficControl,Logistics_Transport,"Logistik, Spedition, Fahrer, Disponenten, Supply Chain, Transportbetriebe",CORE,ACTIVE_NICHE_VERIFIED_2026-09,NOT_FLAGGED,SCAN_PILOT_NOW,True,300,"Profession/business/operator-oriented community with recurring workflows, software/process spend and identifiable buyers.",
188,260,r/AmazonDSPDrivers,Logistics_Transport,"Logistik, Spedition, Fahrer, Disponenten, Supply Chain, Transportbetriebe",CORE,ACTIVE_VERIFIED_2026-09,NOT_FLAGGED,SCAN_PILOT_NOW,True,300,"Profession/business/operator-oriented community with recurring workflows, software/process spend and identifiable buyers.",
189,261,r/aviationmaintenance,Logistics_Transport,"Logistik, Spedition, Fahrer, Disponenten, Supply Chain, Transportbetriebe",CORE,ACTIVE_VERIFIED_2026-09,NOT_FLAGGED,SCAN_PILOT_NOW,True,300,"Profession/business/operator-oriented community with recurring workflows, software/process spend and identifiable buyers.",
190,262,r/Couriers,Logistics_Transport,Courier / multi-drop drivers,CORE,ACTIVE_NICHE_VERIFIED_2026-09,NOT_FLAGGED,SCAN_PILOT_NOW,True,300,"Profession/business/operator-oriented community with recurring workflows, software/process spend and identifiable buyers.",
191,263,r/couriersofreddit,Logistics_Transport,"Logistik, Spedition, Fahrer, Disponenten, Supply Chain, Transportbetriebe",CORE,ACTIVE_VERIFIED_2026-09,NOT_FLAGGED,SCAN_PILOT_NOW,True,300,"Profession/business/operator-oriented community with recurring workflows, software/process spend and identifiable buyers.",
192,264,r/DeliveryDrivers,Logistics_Transport,Delivery drivers,CORE,ACTIVE_VERIFIED_2026-09,NOT_FLAGGED,SCAN_PILOT_NOW,True,300,"Profession/business/operator-oriented community with recurring workflows, software/process spend and identifiable buyers.",
193,265,r/dispatchers,Logistics_Transport,"Logistik, Spedition, Fahrer, Disponenten, Supply Chain, Transportbetriebe",CORE,ACTIVE_VERIFIED_2026-09,NOT_FLAGGED,SCAN_PILOT_NOW,True,300,"Profession/business/operator-oriented community with recurring workflows, software/process spend and identifiable buyers.",
194,266,r/doordash_drivers,Logistics_Transport,"Logistik, Spedition, Fahrer, Disponenten, Supply Chain, Transportbetriebe",CORE,ACTIVE_VERIFIED_2026-09,NOT_FLAGGED,SCAN_PILOT_NOW,True,300,"Profession/business/operator-oriented community with recurring workflows, software/process spend and identifiable buyers.",
195,267,r/Fedexers,Logistics_Transport,"Logistik, Spedition, Fahrer, Disponenten, Supply Chain, Transportbetriebe",CORE,ACTIVE_VERIFIED_2026-09,NOT_FLAGGED,SCAN_PILOT_NOW,True,300,"Profession/business/operator-oriented community with recurring workflows, software/process spend and identifiable buyers.",
196,268,r/flightattendants,Logistics_Transport,"Logistik, Spedition, Fahrer, Disponenten, Supply Chain, Transportbetriebe",CORE,ACTIVE_VERIFIED_2026-09,NOT_FLAGGED,SCAN_PILOT_NOW,True,300,"Profession/business/operator-oriented community with recurring workflows, software/process spend and identifiable buyers.",
197,269,r/FreightBrokers,Logistics_Transport,"Logistik, Spedition, Fahrer, Disponenten, Supply Chain, Transportbetriebe",CORE,ACTIVE_VERIFIED_2026-09,NOT_FLAGGED,SCAN_PILOT_NOW,True,300,"Profession/business/operator-oriented community with recurring workflows, software/process spend and identifiable buyers.",
198,270,r/LastMileDelivery,Logistics_Transport,Last-mile delivery operators,CORE,ACTIVE_NICHE_VERIFIED_2026-09,NOT_FLAGGED,SCAN_PILOT_NOW,True,300,"Profession/business/operator-oriented community with recurring workflows, software/process spend and identifiable buyers.",
199,271,r/logistics,Logistics_Transport,"Logistik, Spedition, Fahrer, Disponenten, Supply Chain, Transportbetriebe",CORE,ACTIVE_VERIFIED_2026-09,NOT_FLAGGED,SCAN_PILOT_NOW,True,300,"Profession/business/operator-oriented community with recurring workflows, software/process spend and identifiable buyers.",
200,272,r/maritime,Logistics_Transport,"Logistik, Spedition, Fahrer, Disponenten, Supply Chain, Transportbetriebe",CORE,ACTIVE_NICHE_VERIFIED_2026-09,NOT_FLAGGED,SCAN_PILOT_NOW,True,300,"Profession/business/operator-oriented community with recurring workflows, software/process spend and identifiable buyers.",
201,273,r/merchantmarine,Logistics_Transport,"Logistik, Spedition, Fahrer, Disponenten, Supply Chain, Transportbetriebe",CORE,ACTIVE_NICHE_VERIFIED_2026-09,NOT_FLAGGED,SCAN_PILOT_NOW,True,300,"Profession/business/operator-oriented community with recurring workflows, software/process spend and identifiable buyers.",
202,274,r/OwnerOperators,Logistics_Transport,Truck owner-operators,CORE,ACTIVE_VERIFIED_2026-09,NOT_FLAGGED,SCAN_PILOT_NOW,True,300,"Profession/business/operator-oriented community with recurring workflows, software/process spend and identifiable buyers.",
203,275,r/railroading,Logistics_Transport,"Logistik, Spedition, Fahrer, Disponenten, Supply Chain, Transportbetriebe",CORE,ACTIVE_VERIFIED_2026-09,NOT_FLAGGED,SCAN_PILOT_NOW,True,300,"Profession/business/operator-oriented community with recurring workflows, software/process spend and identifiable buyers.",
204,276,r/supplychain,Logistics_Transport,"Logistik, Spedition, Fahrer, Disponenten, Supply Chain, Transportbetriebe",CORE,ACTIVE_VERIFIED_2026-09,NOT_FLAGGED,SCAN_PILOT_NOW,True,300,"Profession/business/operator-oriented community with recurring workflows, software/process spend and identifiable buyers.",
205,277,r/SupplyChainLogistics,Logistics_Transport,"Logistik, Spedition, Fahrer, Disponenten, Supply Chain, Transportbetriebe",CORE,ACTIVE_VERIFIED_2026-09,NOT_FLAGGED,SCAN_PILOT_NOW,True,300,"Profession/business/operator-oriented community with recurring workflows, software/process spend and identifiable buyers.",
206,278,r/Truckers,Logistics_Transport,"Logistik, Spedition, Fahrer, Disponenten, Supply Chain, Transportbetriebe",CORE,ACTIVE_VERIFIED_2026-09,NOT_FLAGGED,SCAN_PILOT_NOW,True,300,"Profession/business/operator-oriented community with recurring workflows, software/process spend and identifiable buyers.",
207,281,r/UberDrivers,Logistics_Transport,"Logistik, Spedition, Fahrer, Disponenten, Supply Chain, Transportbetriebe",CORE,ACTIVE_VERIFIED_2026-09,NOT_FLAGGED,SCAN_PILOT_NOW,True,300,"Profession/business/operator-oriented community with recurring workflows, software/process spend and identifiable buyers.",
208,282,r/UPSers,Logistics_Transport,"Logistik, Spedition, Fahrer, Disponenten, Supply Chain, Transportbetriebe",CORE,ACTIVE_VERIFIED_2026-09,NOT_FLAGGED,SCAN_PILOT_NOW,True,300,"Profession/business/operator-oriented community with recurring workflows, software/process spend and identifiable buyers.",
209,283,r/ChemicalEngineering,Manufacturing_Engineering,"Produktion, Instandhaltung, Ingenieure, CNC/Maschinenbau, Automatisierung",CORE,ACTIVE_VERIFIED_2026-09,NOT_FLAGGED,SCAN_PILOT_NOW,True,300,"Profession/business/operator-oriented community with recurring workflows, software/process spend and identifiable buyers.",
210,284,r/CNC,Manufacturing_Engineering,"Produktion, Instandhaltung, Ingenieure, CNC/Maschinenbau, Automatisierung",CORE,ACTIVE_VERIFIED_2026-09,NOT_FLAGGED,SCAN_PILOT_NOW,True,300,"Profession/business/operator-oriented community with recurring workflows, software/process spend and identifiable buyers.",
211,286,r/CNCmachining,Manufacturing_Engineering,CNC machinists / shops,CORE,ACTIVE_VERIFIED_2026-09,NOT_FLAGGED,SCAN_PILOT_NOW,True,300,"Profession/business/operator-oriented community with recurring workflows, software/process spend and identifiable buyers.",
212,287,r/ControlsEngineering,Manufacturing_Engineering,"Produktion, Instandhaltung, Ingenieure, CNC/Maschinenbau, Automatisierung",CORE,ACTIVE_NICHE_VERIFIED_2026-09,NOT_FLAGGED,SCAN_PILOT_NOW,True,300,"Profession/business/operator-oriented community with recurring workflows, software/process spend and identifiable buyers.",
213,288,r/ElectricalEngineering,Manufacturing_Engineering,"Produktion, Instandhaltung, Ingenieure, CNC/Maschinenbau, Automatisierung",CORE,ACTIVE_VERIFIED_2026-09,NOT_FLAGGED,SCAN_PILOT_NOW,True,300,"Profession/business/operator-oriented community with recurring workflows, software/process spend and identifiable buyers.",
214,289,r/IndustrialEngineering,Manufacturing_Engineering,"Produktion, Instandhaltung, Ingenieure, CNC/Maschinenbau, Automatisierung",CORE,ACTIVE_NICHE_VERIFIED_2026-09,NOT_FLAGGED,SCAN_PILOT_NOW,True,300,"Profession/business/operator-oriented community with recurring workflows, software/process spend and identifiable buyers.",
215,290,r/IndustrialMaintenance,Manufacturing_Engineering,Industrial maintenance technicians,CORE,ACTIVE_VERIFIED_2026-09,NOT_FLAGGED,SCAN_PILOT_NOW,True,300,"Profession/business/operator-oriented community with recurring workflows, software/process spend and identifiable buyers.",
216,291,r/lasercutting,Manufacturing_Engineering,"Produktion, Instandhaltung, Ingenieure, CNC/Maschinenbau, Automatisierung",CORE,ACTIVE_VERIFIED_2026-09,NOT_FLAGGED,SCAN_PILOT_NOW,True,300,"Profession/business/operator-oriented community with recurring workflows, software/process spend and identifiable buyers.",
217,292,r/Machinists,Manufacturing_Engineering,"Produktion, Instandhaltung, Ingenieure, CNC/Maschinenbau, Automatisierung",CORE,ACTIVE_VERIFIED_2026-09,NOT_FLAGGED,SCAN_PILOT_NOW,True,300,"Profession/business/operator-oriented community with recurring workflows, software/process spend and identifiable buyers.",
218,293,r/manufacturing,Manufacturing_Engineering,"Produktion, Instandhaltung, Ingenieure, CNC/Maschinenbau, Automatisierung",CORE,ACTIVE_VERIFIED_2026-09,NOT_FLAGGED,SCAN_PILOT_NOW,True,300,"Profession/business/operator-oriented community with recurring workflows, software/process spend and identifiable buyers.",
219,294,r/metalworking,Manufacturing_Engineering,"Produktion, Instandhaltung, Ingenieure, CNC/Maschinenbau, Automatisierung",CORE,ACTIVE_VERIFIED_2026-09,NOT_FLAGGED,SCAN_PILOT_NOW,True,300,"Profession/business/operator-oriented community with recurring workflows, software/process spend and identifiable buyers.",
220,295,r/PLCprogramming,Manufacturing_Engineering,PLC / automation engineers,CORE,ACTIVE_VERIFIED_2026-09,NOT_FLAGGED,SCAN_PILOT_NOW,True,300,"Profession/business/operator-oriented community with recurring workflows, software/process spend and identifiable buyers.",
221,296,r/QualityEngineering,Manufacturing_Engineering,"Produktion, Instandhaltung, Ingenieure, CNC/Maschinenbau, Automatisierung",CORE,ACTIVE_NICHE_VERIFIED_2026-09,NOT_FLAGGED,SCAN_PILOT_NOW,True,300,"Profession/business/operator-oriented community with recurring workflows, software/process spend and identifiable buyers.",
222,297,r/robotics,Manufacturing_Engineering,"Produktion, Instandhaltung, Ingenieure, CNC/Maschinenbau, Automatisierung",CORE,ACTIVE_VERIFIED_2026-09,NOT_FLAGGED,SCAN_PILOT_NOW,True,300,"Profession/business/operator-oriented community with recurring workflows, software/process spend and identifiable buyers.",
223,298,r/RoboticsEngineering,Manufacturing_Engineering,Robotics engineers,CORE,ACTIVE_VERIFIED_2026-09,NOT_FLAGGED,SCAN_PILOT_NOW,True,300,"Profession/business/operator-oriented community with recurring workflows, software/process spend and identifiable buyers.",
224,299,r/ExecutiveAssistants,Office_Operations,Executive assistants,CORE,ACTIVE_VERIFIED_2026-09,NOT_FLAGGED,SCAN_PILOT_NOW,True,300,"Profession/business/operator-oriented community with recurring workflows, software/process spend and identifiable buyers.",
225,302,r/DogTrainingBusiness,Pets_AnimalServices,Dog-training business owners,CORE,ACTIVE_NICHE_VERIFIED_2026-09,NOT_FLAGGED,SCAN_PILOT_NOW,True,300,"Profession/business/operator-oriented community with recurring workflows, software/process spend and identifiable buyers.",
226,303,r/Equestrian,Pets_AnimalServices,"Petsitter, Tierdienstleister, Tier-/Pferde-Prosumer",CORE,ACTIVE_VERIFIED_2026-09,NOT_FLAGGED,SCAN_PILOT_NOW,True,300,"Profession/business/operator-oriented community with recurring workflows, software/process spend and identifiable buyers.",
227,304,r/horses,Pets_AnimalServices,"Petsitter, Tierdienstleister, Tier-/Pferde-Prosumer",CORE,ACTIVE_VERIFIED_2026-09,NOT_FLAGGED,SCAN_PILOT_NOW,True,300,"Profession/business/operator-oriented community with recurring workflows, software/process spend and identifiable buyers.",
228,305,r/PetGrooming,Pets_AnimalServices,Pet groomers,CORE,ACTIVE_VERIFIED_2026-09,NOT_FLAGGED,SCAN_PILOT_NOW,True,300,"Profession/business/operator-oriented community with recurring workflows, software/process spend and identifiable buyers.",
229,306,r/petsitting,Pets_AnimalServices,"Petsitter, Tierdienstleister, Tier-/Pferde-Prosumer",CORE,ACTIVE_VERIFIED_2026-09,NOT_FLAGGED,SCAN_PILOT_NOW,True,300,"Profession/business/operator-oriented community with recurring workflows, software/process spend and identifiable buyers.",
230,307,r/ReefTank,Pets_AnimalServices,"Petsitter, Tierdienstleister, Tier-/Pferde-Prosumer",CORE,ACTIVE_VERIFIED_2026-09,NOT_FLAGGED,SCAN_PILOT_NOW,True,300,"Profession/business/operator-oriented community with recurring workflows, software/process spend and identifiable buyers.",
231,308,r/Accounting,Pro_Services,"Berater, Accounting, Management",CORE,ACTIVE_VERIFIED_2026-09,NOT_FLAGGED,SCAN_PILOT_NOW,True,300,"Profession/business/operator-oriented community with recurring workflows, software/process spend and identifiable buyers.",
232,311,r/Procurement,Procurement_SupplyChain,Procurement professionals,CORE,ACTIVE_VERIFIED_2026-09,NOT_FLAGGED,SCAN_PILOT_NOW,True,300,"Profession/business/operator-oriented community with recurring workflows, software/process spend and identifiable buyers.",
233,318,r/Appraisers,RealEstate_Property,Appraisers,CORE,ACTIVE_NICHE_VERIFIED_2026-09,NOT_FLAGGED,SCAN_PILOT_NOW,True,300,"Profession/business/operator-oriented community with recurring workflows, software/process spend and identifiable buyers.",
234,320,r/FacilityManagement,RealEstate_Property,Facility managers,CORE,ACTIVE_VERIFIED_2026-09,NOT_FLAGGED,SCAN_PILOT_NOW,True,300,"Profession/business/operator-oriented community with recurring workflows, software/process spend and identifiable buyers.",
235,321,r/HOAManagement,RealEstate_Property,HOA / community managers,CORE,ACTIVE_NICHE_VERIFIED_2026-09,NOT_FLAGGED,SCAN_PILOT_NOW,True,300,"Profession/business/operator-oriented community with recurring workflows, software/process spend and identifiable buyers.",
236,322,r/HomeInspection,RealEstate_Property,Inspectors + buyers/sellers,CORE,ACTIVE_VERIFIED_2026-09,NOT_FLAGGED,SCAN_PILOT_NOW,True,300,"Profession/business/operator-oriented community with recurring workflows, software/process spend and identifiable buyers.",
237,323,r/HomeInspectors,RealEstate_Property,Home inspectors,CORE,ACTIVE_VERIFIED_2026-09,NOT_FLAGGED,SCAN_PILOT_NOW,True,300,"Profession/business/operator-oriented community with recurring workflows, software/process spend and identifiable buyers.",
238,324,r/PropertyManagement,RealEstate_Property,Property managers,CORE,ACTIVE_VERIFIED_2026-09,NOT_FLAGGED,SCAN_PILOT_NOW,True,300,"Profession/business/operator-oriented community with recurring workflows, software/process spend and identifiable buyers.",
239,325,r/RealEstateAppraisal,RealEstate_Property,Real-estate appraisers,CORE,ACTIVE_NICHE_VERIFIED_2026-09,NOT_FLAGGED,SCAN_PILOT_NOW,True,300,"Profession/business/operator-oriented community with recurring workflows, software/process spend and identifiable buyers.",
240,328,r/restaurantowners,Restaurant,Gastro-/Bar-Betreiber,CORE,ACTIVE_VERIFIED_2026-09,NOT_FLAGGED,SCAN_PILOT_NOW,True,300,"Profession/business/operator-oriented community with recurring workflows, software/process spend and identifiable buyers.",
241,330,r/AskRetail,Retail_Service_Work,"Retail-, Customer-Service-Mitarbeiter",CORE,ACTIVE_VERIFIED_2026-09,NOT_FLAGGED,SCAN_PILOT_NOW,True,300,"Profession/business/operator-oriented community with recurring workflows, software/process spend and identifiable buyers.",
242,331,r/CustomerService,Retail_Service_Work,"Retail-, Customer-Service-Mitarbeiter",CORE,ACTIVE_VERIFIED_2026-09,NOT_FLAGGED,SCAN_PILOT_NOW,True,300,"Profession/business/operator-oriented community with recurring workflows, software/process spend and identifiable buyers.",
243,332,r/CVS,Retail_Service_Work,"Retail-, Customer-Service-Mitarbeiter",CORE,ACTIVE_VERIFIED_2026-09,NOT_FLAGGED,SCAN_PILOT_NOW,True,300,"Profession/business/operator-oriented community with recurring workflows, software/process spend and identifiable buyers.",
244,333,r/retail,Retail_Service_Work,"Retail-, Customer-Service-Mitarbeiter",CORE,ACTIVE_VERIFIED_2026-09,NOT_FLAGGED,SCAN_PILOT_NOW,True,300,"Profession/business/operator-oriented community with recurring workflows, software/process spend and identifiable buyers.",
245,334,r/retailhell,Retail_Service_Work,"Retail-, Customer-Service-Mitarbeiter",CORE,ACTIVE_VERIFIED_2026-09,NOT_FLAGGED,SCAN_PILOT_NOW,True,300,"Profession/business/operator-oriented community with recurring workflows, software/process spend and identifiable buyers.",
246,335,r/starbucks,Retail_Service_Work,"Retail-, Customer-Service-Mitarbeiter",CORE,ACTIVE_VERIFIED_2026-09,NOT_FLAGGED,SCAN_PILOT_NOW,True,300,"Profession/business/operator-oriented community with recurring workflows, software/process spend and identifiable buyers.",
247,336,r/TalesFromRetail,Retail_Service_Work,"Retail-, Customer-Service-Mitarbeiter",CORE,ACTIVE_VERIFIED_2026-09,NOT_FLAGGED,SCAN_PILOT_NOW,True,300,"Profession/business/operator-oriented community with recurring workflows, software/process spend and identifiable buyers.",
248,337,r/Target,Retail_Service_Work,"Retail-, Customer-Service-Mitarbeiter",CORE,ACTIVE_VERIFIED_2026-09,NOT_FLAGGED,SCAN_PILOT_NOW,True,300,"Profession/business/operator-oriented community with recurring workflows, software/process spend and identifiable buyers.",
249,338,r/WalgreensStores,Retail_Service_Work,"Retail-, Customer-Service-Mitarbeiter",CORE,ACTIVE_VERIFIED_2026-09,NOT_FLAGGED,SCAN_PILOT_NOW,True,300,"Profession/business/operator-oriented community with recurring workflows, software/process spend and identifiable buyers.",
250,339,r/walmart,Retail_Service_Work,"Retail-, Customer-Service-Mitarbeiter",CORE,ACTIVE_VERIFIED_2026-09,NOT_FLAGGED,SCAN_PILOT_NOW,True,300,"Profession/business/operator-oriented community with recurring workflows, software/process spend and identifiable buyers.",
251,358,r/SEO,SEO,SEO-Spezialisten,CORE,ACTIVE_VERIFIED_2026-09,NOT_FLAGGED,SCAN_PILOT_NOW,True,300,"Profession/business/operator-oriented community with recurring workflows, software/process spend and identifiable buyers.",
252,364,r/Turohosts,Side_Hustle_Gig,Turo hosts / car-rental side hustlers,CORE,ACTIVE_VERIFIED_2026-09,NOT_FLAGGED,SCAN_PILOT_NOW,True,300,Direct operator/professional/business workflow source with strong recurring process and spending potential.,
253,365,r/vending,Side_Hustle_Gig,Vending operators / side-hustlers,CORE,ACTIVE_VERIFIED_2026-09,NOT_FLAGGED,SCAN_PILOT_NOW,True,300,Direct operator/professional/business workflow source with strong recurring process and spending potential.,
254,366,r/vendingmachines,Side_Hustle_Gig,Vending operators / machine owners,CORE,ACTIVE_VERIFIED_2026-09,NOT_FLAGGED,SCAN_PILOT_NOW,True,300,Direct operator/professional/business workflow source with strong recurring process and spending potential.,
255,368,r/travelagents,Travel_Professional,Travel agents/advisors,CORE,ACTIVE_VERIFIED_2026-09,NOT_FLAGGED,SCAN_PILOT_NOW,True,300,"Profession/business/operator-oriented community with recurring workflows, software/process spend and identifiable buyers.",
256,20,r/airbnb_hosts,Airbnb_STR,Airbnb-/Kurzzeit-Vermieter,CORE,WAHRSCHEINLICH_AKTIV_PROXY,NOT_FLAGGED,VERIFY_ACTIVITY_THEN_SCAN,False,0,"Profession/business/operator-oriented community with recurring workflows, software/process spend and identifiable buyers.",
257,21,r/AirBnBHosts,Airbnb_STR,Airbnb-/Kurzzeit-Vermieter,CORE,WAHRSCHEINLICH_AKTIV_PROXY,NOT_FLAGGED,VERIFY_ACTIVITY_THEN_SCAN,False,0,"Profession/business/operator-oriented community with recurring workflows, software/process spend and identifiable buyers.",
258,22,r/AirBnBInvesting,Airbnb_STR,Airbnb-/Kurzzeit-Vermieter,CORE,PRUEFEN,NOT_FLAGGED,VERIFY_ACTIVITY_THEN_SCAN,False,0,"Profession/business/operator-oriented community with recurring workflows, software/process spend and identifiable buyers.",
259,23,r/AirBnbManagement,Airbnb_STR,Airbnb-/Kurzzeit-Vermieter,CORE,PRUEFEN,NOT_FLAGGED,VERIFY_ACTIVITY_THEN_SCAN,False,0,"Profession/business/operator-oriented community with recurring workflows, software/process spend and identifiable buyers.",
260,24,r/learnairbnb,Airbnb_STR,Airbnb-/Kurzzeit-Vermieter,CORE,PRUEFEN,NOT_FLAGGED,VERIFY_ACTIVITY_THEN_SCAN,False,0,"Profession/business/operator-oriented community with recurring workflows, software/process spend and identifiable buyers.",
261,25,r/rentalproperties,Airbnb_STR,Airbnb-/Kurzzeit-Vermieter,CORE,PRUEFEN,NOT_FLAGGED,VERIFY_ACTIVITY_THEN_SCAN,False,0,"Profession/business/operator-oriented community with recurring workflows, software/process spend and identifiable buyers.",
262,26,r/ShortTermRentals,Airbnb_STR,Airbnb-/Kurzzeit-Vermieter,CORE,WAHRSCHEINLICH_AKTIV_PROXY,NOT_FLAGGED,VERIFY_ACTIVITY_THEN_SCAN,False,0,"Profession/business/operator-oriented community with recurring workflows, software/process spend and identifiable buyers.",
263,28,r/AutoDetailingBusiness,Automotive,Auto detailing businesses,CORE,PRUEFEN,NOT_FLAGGED,VERIFY_ACTIVITY_THEN_SCAN,False,0,"Profession/business/operator-oriented community with recurring workflows, software/process spend and identifiable buyers.",
264,34,r/MobileDetailingBusiness,Automotive,Mobile detailing businesses,CORE,PRUEFEN,NOT_FLAGGED,VERIFY_ACTIVITY_THEN_SCAN,False,0,"Profession/business/operator-oriented community with recurring workflows, software/process spend and identifiable buyers.",
265,38,r/OperationsManagement,B2B_Operations,Operations managers,CORE,PRUEFEN,NOT_FLAGGED,VERIFY_ACTIVITY_THEN_SCAN,False,0,"Profession/business/operator-oriented community with recurring workflows, software/process spend and identifiable buyers.",
266,66,r/Drywallers,Construction_Trades,Drywall professionals,CORE,PRUEFEN,NOT_FLAGGED,VERIFY_ACTIVITY_THEN_SCAN,False,0,"Profession/business/operator-oriented community with recurring workflows, software/process spend and identifiable buyers.",
267,67,r/ElectricianBusiness,Construction_Trades,Electrical business owners,CORE,PRUEFEN,NOT_FLAGGED,VERIFY_ACTIVITY_THEN_SCAN,False,0,"Profession/business/operator-oriented community with recurring workflows, software/process spend and identifiable buyers.",
268,69,r/ElevatorTechnicians,Construction_Trades,Elevator technicians,CORE,PRUEFEN,NOT_FLAGGED,VERIFY_ACTIVITY_THEN_SCAN,False,0,"Profession/business/operator-oriented community with recurring workflows, software/process spend and identifiable buyers.",
269,77,r/GeneralContractors,Construction_Trades,General contractors,CORE,PRUEFEN,NOT_FLAGGED,VERIFY_ACTIVITY_THEN_SCAN,False,0,"Profession/business/operator-oriented community with recurring workflows, software/process spend and identifiable buyers.",
270,95,r/PlumbingPros,Construction_Trades,Plumbing professionals,CORE,PRUEFEN,NOT_FLAGGED,VERIFY_ACTIVITY_THEN_SCAN,False,0,"Profession/business/operator-oriented community with recurring workflows, software/process spend and identifiable buyers.",
271,99,r/SecurityInstallers,Construction_Trades,Security installers,CORE,PRUEFEN,NOT_FLAGGED,VERIFY_ACTIVITY_THEN_SCAN,False,0,"Profession/business/operator-oriented community with recurring workflows, software/process spend and identifiable buyers.",
272,102,r/Surveying,Construction_Trades,"Bauunternehmen, Handwerker, Bauleiter, Kalkulatoren, Gebäudetechnik, Facility Management",CORE,PRUEFEN,NOT_FLAGGED,VERIFY_ACTIVITY_THEN_SCAN,False,0,"Profession/business/operator-oriented community with recurring workflows, software/process spend and identifiable buyers.",
273,110,r/advertising,DigitalMarketing,Digital-/Performance-Marketer,CORE,WAHRSCHEINLICH_AKTIV_PROXY,NOT_FLAGGED,VERIFY_ACTIVITY_THEN_SCAN,False,0,"Profession/business/operator-oriented community with recurring workflows, software/process spend and identifiable buyers.",
274,111,r/Affiliatemarketing,DigitalMarketing,Digital-/Performance-Marketer,CORE,WAHRSCHEINLICH_AKTIV_PROXY,NOT_FLAGGED,VERIFY_ACTIVITY_THEN_SCAN,False,0,"Profession/business/operator-oriented community with recurring workflows, software/process spend and identifiable buyers.",
275,112,r/AskMarketing,DigitalMarketing,Digital-/Performance-Marketer,CORE,WAHRSCHEINLICH_AKTIV_PROXY,NOT_FLAGGED,VERIFY_ACTIVITY_THEN_SCAN,False,0,"Profession/business/operator-oriented community with recurring workflows, software/process spend and identifiable buyers.",
276,113,r/Blogging,DigitalMarketing,Digital-/Performance-Marketer,CORE,PRUEFEN,NOT_FLAGGED,VERIFY_ACTIVITY_THEN_SCAN,False,0,"Profession/business/operator-oriented community with recurring workflows, software/process spend and identifiable buyers.",
277,114,r/content_marketing,DigitalMarketing,Digital-/Performance-Marketer,CORE,WAHRSCHEINLICH_AKTIV_PROXY,NOT_FLAGGED,VERIFY_ACTIVITY_THEN_SCAN,False,0,"Profession/business/operator-oriented community with recurring workflows, software/process spend and identifiable buyers.",
278,115,r/digital_marketing,DigitalMarketing,Digital-/Performance-Marketer,CORE,WAHRSCHEINLICH_AKTIV_PROXY,NOT_FLAGGED,VERIFY_ACTIVITY_THEN_SCAN,False,0,"Profession/business/operator-oriented community with recurring workflows, software/process spend and identifiable buyers.",
279,116,r/DigitalMarketing,DigitalMarketing,Digital-/Performance-Marketer,CORE,WAHRSCHEINLICH_AKTIV_PROXY,NOT_FLAGGED,VERIFY_ACTIVITY_THEN_SCAN,False,0,"Profession/business/operator-oriented community with recurring workflows, software/process spend and identifiable buyers.",
280,117,r/FacebookAds,DigitalMarketing,Digital-/Performance-Marketer,CORE,WAHRSCHEINLICH_AKTIV_PROXY,NOT_FLAGGED,VERIFY_ACTIVITY_THEN_SCAN,False,0,"Profession/business/operator-oriented community with recurring workflows, software/process spend and identifiable buyers.",
281,118,r/googleads,DigitalMarketing,Digital-/Performance-Marketer,CORE,WAHRSCHEINLICH_AKTIV_PROXY,NOT_FLAGGED,VERIFY_ACTIVITY_THEN_SCAN,False,0,"Profession/business/operator-oriented community with recurring workflows, software/process spend and identifiable buyers.",
282,119,r/InstagramMarketing,DigitalMarketing,Digital-/Performance-Marketer,CORE,WAHRSCHEINLICH_AKTIV_PROXY,NOT_FLAGGED,VERIFY_ACTIVITY_THEN_SCAN,False,0,"Profession/business/operator-oriented community with recurring workflows, software/process spend and identifiable buyers.",
283,120,r/marketing,DigitalMarketing,Digital-/Performance-Marketer,CORE,WAHRSCHEINLICH_AKTIV_PROXY,NOT_FLAGGED,VERIFY_ACTIVITY_THEN_SCAN,False,0,"Profession/business/operator-oriented community with recurring workflows, software/process spend and identifiable buyers.",
284,121,r/MarketingResearch,DigitalMarketing,Digital-/Performance-Marketer,CORE,WAHRSCHEINLICH_AKTIV_PROXY,NOT_FLAGGED,VERIFY_ACTIVITY_THEN_SCAN,False,0,"Profession/business/operator-oriented community with recurring workflows, software/process spend and identifiable buyers.",
285,122,r/OnlineMarketing,DigitalMarketing,Digital-/Performance-Marketer,CORE,WAHRSCHEINLICH_AKTIV_PROXY,NOT_FLAGGED,VERIFY_ACTIVITY_THEN_SCAN,False,0,"Profession/business/operator-oriented community with recurring workflows, software/process spend and identifiable buyers.",
286,123,r/PPC,DigitalMarketing,Digital-/Performance-Marketer,CORE,WAHRSCHEINLICH_AKTIV_PROXY,NOT_FLAGGED,VERIFY_ACTIVITY_THEN_SCAN,False,0,"Profession/business/operator-oriented community with recurring workflows, software/process spend and identifiable buyers.",
287,124,r/webmarketing,DigitalMarketing,Digital-/Performance-Marketer,CORE,PRUEFEN,NOT_FLAGGED,VERIFY_ACTIVITY_THEN_SCAN,False,0,"Profession/business/operator-oriented community with recurring workflows, software/process spend and identifiable buyers.",
288,125,r/AmazonSeller,Ecommerce,"Shop-Betreiber, Etsy/Shopify/Amazon",CORE,WAHRSCHEINLICH_AKTIV_PROXY,NOT_FLAGGED,VERIFY_ACTIVITY_THEN_SCAN,False,0,"Profession/business/operator-oriented community with recurring workflows, software/process spend and identifiable buyers.",
289,126,r/crafts,Ecommerce,"Shop-Betreiber, Etsy/Shopify/Amazon",CORE,PRUEFEN,NOT_FLAGGED,VERIFY_ACTIVITY_THEN_SCAN,False,0,"Profession/business/operator-oriented community with recurring workflows, software/process spend and identifiable buyers.",
290,127,r/dropship,Ecommerce,"Shop-Betreiber, Etsy/Shopify/Amazon",CORE,WAHRSCHEINLICH_AKTIV_PROXY,NOT_FLAGGED,VERIFY_ACTIVITY_THEN_SCAN,False,0,"Profession/business/operator-oriented community with recurring workflows, software/process spend and identifiable buyers.",
291,128,r/dropshipping,Ecommerce,"Shop-Betreiber, Etsy/Shopify/Amazon",CORE,PRUEFEN,NOT_FLAGGED,VERIFY_ACTIVITY_THEN_SCAN,False,0,"Profession/business/operator-oriented community with recurring workflows, software/process spend and identifiable buyers.",
292,129,r/ecommerce,Ecommerce,"Shop-Betreiber, Etsy/Shopify/Amazon",CORE,WAHRSCHEINLICH_AKTIV_PROXY,NOT_FLAGGED,VERIFY_ACTIVITY_THEN_SCAN,False,0,"Profession/business/operator-oriented community with recurring workflows, software/process spend and identifiable buyers.",
293,130,r/ecommerce_growth,Ecommerce,"Shop-Betreiber, Etsy/Shopify/Amazon",CORE,WAHRSCHEINLICH_AKTIV_PROXY,NOT_FLAGGED,VERIFY_ACTIVITY_THEN_SCAN,False,0,"Profession/business/operator-oriented community with recurring workflows, software/process spend and identifiable buyers.",
294,131,r/ecommercemarketing,Ecommerce,"Shop-Betreiber, Etsy/Shopify/Amazon",CORE,WAHRSCHEINLICH_AKTIV_PROXY,NOT_FLAGGED,VERIFY_ACTIVITY_THEN_SCAN,False,0,"Profession/business/operator-oriented community with recurring workflows, software/process spend and identifiable buyers.",
295,132,r/Etsy,Ecommerce,"Shop-Betreiber, Etsy/Shopify/Amazon",CORE,WAHRSCHEINLICH_AKTIV_PROXY,NOT_FLAGGED,VERIFY_ACTIVITY_THEN_SCAN,False,0,"Profession/business/operator-oriented community with recurring workflows, software/process spend and identifiable buyers.",
296,133,r/EtsySellers,Ecommerce,"Shop-Betreiber, Etsy/Shopify/Amazon",CORE,WAHRSCHEINLICH_AKTIV_PROXY,NOT_FLAGGED,VERIFY_ACTIVITY_THEN_SCAN,False,0,"Profession/business/operator-oriented community with recurring workflows, software/process spend and identifiable buyers.",
297,134,r/Random_Acts_of_Etsy,Ecommerce,"Shop-Betreiber, Etsy/Shopify/Amazon",CORE,AKTIV_NISCHE_PROXY,NOT_FLAGGED,VERIFY_ACTIVITY_THEN_SCAN,False,0,"Profession/business/operator-oriented community with recurring workflows, software/process spend and identifiable buyers.",
298,135,r/reviewmyshopify,Ecommerce,"Shop-Betreiber, Etsy/Shopify/Amazon",CORE,WAHRSCHEINLICH_AKTIV_PROXY,NOT_FLAGGED,VERIFY_ACTIVITY_THEN_SCAN,False,0,"Profession/business/operator-oriented community with recurring workflows, software/process spend and identifiable buyers.",
299,136,r/shopify,Ecommerce,"Shop-Betreiber, Etsy/Shopify/Amazon",CORE,WAHRSCHEINLICH_AKTIV_PROXY,NOT_FLAGGED,VERIFY_ACTIVITY_THEN_SCAN,False,0,"Profession/business/operator-oriented community with recurring workflows, software/process spend and identifiable buyers.",
300,137,r/somethingimade,Ecommerce,"Shop-Betreiber, Etsy/Shopify/Amazon",CORE,PRUEFEN,NOT_FLAGGED,VERIFY_ACTIVITY_THEN_SCAN,False,0,"Profession/business/operator-oriented community with recurring workflows, software/process spend and identifiable buyers.",
301,138,r/uk_ecommerce,Ecommerce,"Shop-Betreiber, Etsy/Shopify/Amazon",CORE,PRUEFEN,NOT_FLAGGED,VERIFY_ACTIVITY_THEN_SCAN,False,0,"Profession/business/operator-oriented community with recurring workflows, software/process spend and identifiable buyers.",
302,139,r/WalmartSellers,Ecommerce,"Shop-Betreiber, Etsy/Shopify/Amazon",CORE,AKTIV_NISCHE_PROXY,NOT_FLAGGED,VERIFY_ACTIVITY_THEN_SCAN,False,0,"Profession/business/operator-oriented community with recurring workflows, software/process spend and identifiable buyers.",
303,147,r/FBA,Ecommerce_Marketplaces,"Online-Händler, Marktplatz-Seller, Reseller",CORE,PRUEFEN,NOT_FLAGGED,VERIFY_ACTIVITY_THEN_SCAN,False,0,"Profession/business/operator-oriented community with recurring workflows, software/process spend and identifiable buyers.",
304,154,r/Resellers,Ecommerce_Marketplaces,Resellers,CORE,PRUEFEN,NOT_FLAGGED,VERIFY_ACTIVITY_THEN_SCAN,False,0,"Profession/business/operator-oriented community with recurring workflows, software/process spend and identifiable buyers.",
305,156,r/ResellingBusiness,Ecommerce_Marketplaces,Reselling businesses,CORE,PRUEFEN,NOT_FLAGGED,VERIFY_ACTIVITY_THEN_SCAN,False,0,"Profession/business/operator-oriented community with recurring workflows, software/process spend and identifiable buyers.",
306,157,r/ShopifyEntrepreneurs,Ecommerce_Marketplaces,Shopify entrepreneurs,CORE,PRUEFEN_STALE,NOT_FLAGGED,VERIFY_ACTIVITY_THEN_SCAN,False,0,"Profession/business/operator-oriented community with recurring workflows, software/process spend and identifiable buyers.",
307,162,r/libraries,Education,"Lehrkräfte, Hochschulen, Beratung, Bibliotheken, Early Childhood, Instructional Design",CORE,PRUEFEN,NOT_FLAGGED,VERIFY_ACTIVITY_THEN_SCAN,False,0,Direct operator/professional/business workflow source with strong recurring process and spending potential.,
308,163,r/Emailmarketing,Email_Newsletter,Newsletter-/E-Mail-Marketer,CORE,WAHRSCHEINLICH_AKTIV_PROXY,NOT_FLAGGED,VERIFY_ACTIVITY_THEN_SCAN,False,0,Direct operator/professional/business workflow source with strong recurring process and spending potential.,
309,164,r/Bookkeeping_Business,Entrepreneur_Biz,"Gruender, Small-Business-Owner",CORE,PRUEFEN,NOT_FLAGGED,VERIFY_ACTIVITY_THEN_SCAN,False,0,Direct operator/professional/business workflow source with strong recurring process and spending potential.,
310,165,r/smallbusiness,Entrepreneur_Biz,"Gruender, Small-Business-Owner",CORE,WAHRSCHEINLICH_AKTIV_PROXY,NOT_FLAGGED,VERIFY_ACTIVITY_THEN_SCAN,False,0,Direct operator/professional/business workflow source with strong recurring process and spending potential.,
311,175,r/WeddingIndustry,Events_Weddings,"Eventproduktion, DJs, Floristen, Hochzeits-, Veranstaltungsdienstleister",CORE,PRUEFEN,NOT_FLAGGED,VERIFY_ACTIVITY_THEN_SCAN,False,0,"Profession/business/operator-oriented community with recurring workflows, software/process spend and identifiable buyers.",
312,176,r/WeddingPlanners,Events_Weddings,Wedding planners,CORE,PRUEFEN,NOT_FLAGGED,VERIFY_ACTIVITY_THEN_SCAN,False,0,"Profession/business/operator-oriented community with recurring workflows, software/process spend and identifiable buyers.",
313,180,r/Treasury,Finance_Professional,Treasury professionals,CORE,PRUEFEN,NOT_FLAGGED,VERIFY_ACTIVITY_THEN_SCAN,False,0,"Profession/business/operator-oriented community with recurring workflows, software/process spend and identifiable buyers.",
314,183,r/MedicalBilling,Healthcare_Clinical,"Gesundheitsberufe, Praxen, Labore, klinische Fachkräfte",CORE,PRUEFEN,NOT_FLAGGED,VERIFY_ACTIVITY_THEN_SCAN,False,0,Direct operator/professional/business workflow source with strong recurring process and spending potential.,
315,187,r/ArboristBusiness,Home_LocalServices,Arborist businesses,CORE,PRUEFEN,NOT_FLAGGED,VERIFY_ACTIVITY_THEN_SCAN,False,0,"Profession/business/operator-oriented community with recurring workflows, software/process spend and identifiable buyers.",
316,189,r/ChimneySweeps,Home_LocalServices,Chimney service professionals,CORE,PRUEFEN,NOT_FLAGGED,VERIFY_ACTIVITY_THEN_SCAN,False,0,"Profession/business/operator-oriented community with recurring workflows, software/process spend and identifiable buyers.",
317,192,r/CommercialCleaning,Home_LocalServices,Commercial cleaning businesses,CORE,PRUEFEN,NOT_FLAGGED,VERIFY_ACTIVITY_THEN_SCAN,False,0,"Profession/business/operator-oriented community with recurring workflows, software/process spend and identifiable buyers.",
318,207,r/PowerWashing,Home_LocalServices,Pressure/power washing operators,CORE,PRUEFEN_STALE,NOT_FLAGGED,VERIFY_ACTIVITY_THEN_SCAN,False,0,"Profession/business/operator-oriented community with recurring workflows, software/process spend and identifiable buyers.",
319,212,r/TreeService,Home_LocalServices,Tree service businesses,CORE,PRUEFEN,NOT_FLAGGED,VERIFY_ACTIVITY_THEN_SCAN,False,0,"Profession/business/operator-oriented community with recurring workflows, software/process spend and identifiable buyers.",
320,213,r/WaterDamage,Home_LocalServices,Water damage/restoration professionals,CORE,PRUEFEN,NOT_FLAGGED,VERIFY_ACTIVITY_THEN_SCAN,False,0,"Profession/business/operator-oriented community with recurring workflows, software/process spend and identifiable buyers.",
321,229,r/operations,HR_Recruiting_Management,"HR, Recruiter, Manager, Consultants, Projektverantwortliche",CORE,PRUEFEN,NOT_FLAGGED,VERIFY_ACTIVITY_THEN_SCAN,False,0,"Profession/business/operator-oriented community with recurring workflows, software/process spend and identifiable buyers.",
322,233,r/Workplace,HR_Recruiting_Management,"HR, Recruiter, Manager, Consultants, Projektverantwortliche",CORE,PRUEFEN,NOT_FLAGGED,VERIFY_ACTIVITY_THEN_SCAN,False,0,"Profession/business/operator-oriented community with recurring workflows, software/process spend and identifiable buyers.",
323,236,r/FinancialCareers,Investing_Stocks,"Trader, Aktien-Investoren",CORE,WAHRSCHEINLICH_AKTIV_PROXY,NOT_FLAGGED,VERIFY_ACTIVITY_THEN_SCAN,False,0,Direct operator/professional/business workflow source with strong recurring process and spending potential.,
324,255,r/Insurance,Local_Service_Biz,"Lokale Dienstleister (Trades, MedSpa, Makler, Versicherung)",CORE,PRUEFEN,NOT_FLAGGED,VERIFY_ACTIVITY_THEN_SCAN,False,0,"Profession/business/operator-oriented community with recurring workflows, software/process spend and identifiable buyers.",
325,256,r/MedSpaGrowth,Local_Service_Biz,"Lokale Dienstleister (Trades, MedSpa, Makler, Versicherung)",CORE,PRUEFEN,NOT_FLAGGED,VERIFY_ACTIVITY_THEN_SCAN,False,0,"Profession/business/operator-oriented community with recurring workflows, software/process spend and identifiable buyers.",
326,257,r/RealEstate,Local_Service_Biz,"Lokale Dienstleister (Trades, MedSpa, Makler, Versicherung)",CORE,PRUEFEN,NOT_FLAGGED,VERIFY_ACTIVITY_THEN_SCAN,False,0,"Profession/business/operator-oriented community with recurring workflows, software/process spend and identifiable buyers.",
327,258,r/roofingcommunity,Local_Service_Biz,"Lokale Dienstleister (Trades, MedSpa, Makler, Versicherung)",CORE,PRUEFEN,NOT_FLAGGED,VERIFY_ACTIVITY_THEN_SCAN,False,0,"Profession/business/operator-oriented community with recurring workflows, software/process spend and identifiable buyers.",
328,279,r/trucking,Logistics_Transport,"Logistik, Spedition, Fahrer, Disponenten, Supply Chain, Transportbetriebe",CORE,PRUEFEN,NOT_FLAGGED,VERIFY_ACTIVITY_THEN_SCAN,False,0,"Profession/business/operator-oriented community with recurring workflows, software/process spend and identifiable buyers.",
329,280,r/TruckingBusiness,Logistics_Transport,Trucking business owners,CORE,PRUEFEN,NOT_FLAGGED,VERIFY_ACTIVITY_THEN_SCAN,False,0,"Profession/business/operator-oriented community with recurring workflows, software/process spend and identifiable buyers.",
330,285,r/CNCbusiness,Manufacturing_Engineering,CNC business owners,CORE,PRUEFEN,NOT_FLAGGED,VERIFY_ACTIVITY_THEN_SCAN,False,0,"Profession/business/operator-oriented community with recurring workflows, software/process spend and identifiable buyers.",
331,300,r/OfficeManagers,Office_Operations,Office managers,CORE,PRUEFEN,NOT_FLAGGED,VERIFY_ACTIVITY_THEN_SCAN,False,0,"Profession/business/operator-oriented community with recurring workflows, software/process spend and identifiable buyers.",
332,301,r/doggrooming,Pets,Tierhalter (Hund/Katze/Reptil),CORE,WAHRSCHEINLICH_AKTIV_PROXY,NOT_FLAGGED,VERIFY_ACTIVITY_THEN_SCAN,False,0,Direct operator/professional/business workflow source with strong recurring process and spending potential.,
333,309,r/consulting,Pro_Services,"Berater, Accounting, Management",CORE,PRUEFEN,NOT_FLAGGED,VERIFY_ACTIVITY_THEN_SCAN,False,0,"Profession/business/operator-oriented community with recurring workflows, software/process spend and identifiable buyers.",
334,310,r/management,Pro_Services,"Berater, Accounting, Management",CORE,PRUEFEN,NOT_FLAGGED,VERIFY_ACTIVITY_THEN_SCAN,False,0,"Profession/business/operator-oriented community with recurring workflows, software/process spend and identifiable buyers.",
335,312,r/prodmgmt,ProductManagement,Product Manager / Owner,CORE,WAHRSCHEINLICH_AKTIV_PROXY,NOT_FLAGGED,VERIFY_ACTIVITY_THEN_SCAN,False,0,"Profession/business/operator-oriented community with recurring workflows, software/process spend and identifiable buyers.",
336,313,r/Product_Management,ProductManagement,Product Manager / Owner,CORE,AKTIV_NISCHE_PROXY,NOT_FLAGGED,VERIFY_ACTIVITY_THEN_SCAN,False,0,"Profession/business/operator-oriented community with recurring workflows, software/process spend and identifiable buyers.",
337,314,r/ProductManagement,ProductManagement,Product Manager / Owner,CORE,WAHRSCHEINLICH_AKTIV_PROXY,NOT_FLAGGED,VERIFY_ACTIVITY_THEN_SCAN,False,0,"Profession/business/operator-oriented community with recurring workflows, software/process spend and identifiable buyers.",
338,315,r/ProductManager,ProductManagement,Product Manager / Owner,CORE,AKTIV_NISCHE_PROXY,NOT_FLAGGED,VERIFY_ACTIVITY_THEN_SCAN,False,0,"Profession/business/operator-oriented community with recurring workflows, software/process spend and identifiable buyers.",
339,316,r/ProductMgmt,ProductManagement,Product Manager / Owner,CORE,AKTIV_NISCHE_PROXY,NOT_FLAGGED,VERIFY_ACTIVITY_THEN_SCAN,False,0,"Profession/business/operator-oriented community with recurring workflows, software/process spend and identifiable buyers.",
340,317,r/ProductOwner,ProductManagement,Product Manager / Owner,CORE,WAHRSCHEINLICH_AKTIV_PROXY,NOT_FLAGGED,VERIFY_ACTIVITY_THEN_SCAN,False,0,"Profession/business/operator-oriented community with recurring workflows, software/process spend and identifiable buyers.",
341,319,r/escrow,RealEstate_Property,Escrow/title professionals,CORE,PRUEFEN,NOT_FLAGGED,VERIFY_ACTIVITY_THEN_SCAN,False,0,"Profession/business/operator-oriented community with recurring workflows, software/process spend and identifiable buyers.",
342,326,r/BarOwners,Restaurant,Gastro-/Bar-Betreiber,CORE,AKTIV_NISCHE_PROXY,NOT_FLAGGED,VERIFY_ACTIVITY_THEN_SCAN,False,0,"Profession/business/operator-oriented community with recurring workflows, software/process spend and identifiable buyers.",
343,327,r/restaurant,Restaurant,Gastro-/Bar-Betreiber,CORE,WAHRSCHEINLICH_AKTIV_PROXY,NOT_FLAGGED,VERIFY_ACTIVITY_THEN_SCAN,False,0,"Profession/business/operator-oriented community with recurring workflows, software/process spend and identifiable buyers.",
344,329,r/restaurateur,Restaurant,Gastro-/Bar-Betreiber,CORE,WAHRSCHEINLICH_AKTIV_PROXY,NOT_FLAGGED,VERIFY_ACTIVITY_THEN_SCAN,False,0,"Profession/business/operator-oriented community with recurring workflows, software/process spend and identifiable buyers.",
345,340,r/b2b_sales,Sales_Outreach,Sales-/Outreach-/Cold-Email-Leute,CORE,WAHRSCHEINLICH_AKTIV_PROXY,NOT_FLAGGED,VERIFY_ACTIVITY_THEN_SCAN,False,0,"Profession/business/operator-oriented community with recurring workflows, software/process spend and identifiable buyers.",
346,341,r/B2BSales,Sales_Outreach,Sales-/Outreach-/Cold-Email-Leute,CORE,PRUEFEN,NOT_FLAGGED,VERIFY_ACTIVITY_THEN_SCAN,False,0,"Profession/business/operator-oriented community with recurring workflows, software/process spend and identifiable buyers.",
347,342,r/B_2_B_Selling_Tips,Sales_Outreach,Sales-/Outreach-/Cold-Email-Leute,CORE,PRUEFEN,NOT_FLAGGED,VERIFY_ACTIVITY_THEN_SCAN,False,0,"Profession/business/operator-oriented community with recurring workflows, software/process spend and identifiable buyers.",
348,343,r/coldemail,Sales_Outreach,Sales-/Outreach-/Cold-Email-Leute,CORE,WAHRSCHEINLICH_AKTIV_PROXY,NOT_FLAGGED,VERIFY_ACTIVITY_THEN_SCAN,False,0,"Profession/business/operator-oriented community with recurring workflows, software/process spend and identifiable buyers.",
349,344,r/copywriting,Sales_Outreach,Sales-/Outreach-/Cold-Email-Leute,CORE,WAHRSCHEINLICH_AKTIV_PROXY,NOT_FLAGGED,VERIFY_ACTIVITY_THEN_SCAN,False,0,"Profession/business/operator-oriented community with recurring workflows, software/process spend and identifiable buyers.",
350,345,r/EmailOutreach,Sales_Outreach,Sales-/Outreach-/Cold-Email-Leute,CORE,AKTIV_NISCHE_PROXY,NOT_FLAGGED,VERIFY_ACTIVITY_THEN_SCAN,False,0,"Profession/business/operator-oriented community with recurring workflows, software/process spend and identifiable buyers.",
351,346,r/highticket_sales,Sales_Outreach,Sales-/Outreach-/Cold-Email-Leute,CORE,AKTIV_NISCHE_PROXY,NOT_FLAGGED,VERIFY_ACTIVITY_THEN_SCAN,False,0,"Profession/business/operator-oriented community with recurring workflows, software/process spend and identifiable buyers.",
352,347,r/LeadGeneration,Sales_Outreach,Sales-/Outreach-/Cold-Email-Leute,CORE,WAHRSCHEINLICH_AKTIV_PROXY,NOT_FLAGGED,VERIFY_ACTIVITY_THEN_SCAN,False,0,"Profession/business/operator-oriented community with recurring workflows, software/process spend and identifiable buyers.",
353,348,r/linkedinautomation,Sales_Outreach,Sales-/Outreach-/Cold-Email-Leute,CORE,AKTIV_NISCHE_PROXY,NOT_FLAGGED,VERIFY_ACTIVITY_THEN_SCAN,False,0,"Profession/business/operator-oriented community with recurring workflows, software/process spend and identifiable buyers.",
354,349,r/OutreachHacks,Sales_Outreach,Sales-/Outreach-/Cold-Email-Leute,CORE,PRUEFEN,NOT_FLAGGED,VERIFY_ACTIVITY_THEN_SCAN,False,0,"Profession/business/operator-oriented community with recurring workflows, software/process spend and identifiable buyers.",
355,350,r/sales,Sales_Outreach,Sales-/Outreach-/Cold-Email-Leute,CORE,WAHRSCHEINLICH_AKTIV_PROXY,NOT_FLAGGED,VERIFY_ACTIVITY_THEN_SCAN,False,0,"Profession/business/operator-oriented community with recurring workflows, software/process spend and identifiable buyers.",
356,351,r/SalesOps,Sales_Outreach,Sales-/Outreach-/Cold-Email-Leute,CORE,PRUEFEN,NOT_FLAGGED,VERIFY_ACTIVITY_THEN_SCAN,False,0,"Profession/business/operator-oriented community with recurring workflows, software/process spend and identifiable buyers.",
357,352,r/salestechniques,Sales_Outreach,Sales-/Outreach-/Cold-Email-Leute,CORE,WAHRSCHEINLICH_AKTIV_PROXY,NOT_FLAGGED,VERIFY_ACTIVITY_THEN_SCAN,False,0,"Profession/business/operator-oriented community with recurring workflows, software/process spend and identifiable buyers.",
358,353,r/aeo,SEO,SEO-Spezialisten,CORE,AKTIV_NISCHE_PROXY,NOT_FLAGGED,VERIFY_ACTIVITY_THEN_SCAN,False,0,"Profession/business/operator-oriented community with recurring workflows, software/process spend and identifiable buyers.",
359,354,r/bigseo,SEO,SEO-Spezialisten,CORE,WAHRSCHEINLICH_AKTIV_PROXY,NOT_FLAGGED,VERIFY_ACTIVITY_THEN_SCAN,False,0,"Profession/business/operator-oriented community with recurring workflows, software/process spend and identifiable buyers.",
360,355,r/GoogleSearchConsole,SEO,SEO-Spezialisten,CORE,PRUEFEN,NOT_FLAGGED,VERIFY_ACTIVITY_THEN_SCAN,False,0,"Profession/business/operator-oriented community with recurring workflows, software/process spend and identifiable buyers.",
361,356,r/linkbuilding,SEO,SEO-Spezialisten,CORE,PRUEFEN,NOT_FLAGGED,VERIFY_ACTIVITY_THEN_SCAN,False,0,"Profession/business/operator-oriented community with recurring workflows, software/process spend and identifiable buyers.",
362,357,r/Local_SEO,SEO,SEO-Spezialisten,CORE,PRUEFEN,NOT_FLAGGED,VERIFY_ACTIVITY_THEN_SCAN,False,0,"Profession/business/operator-oriented community with recurring workflows, software/process spend and identifiable buyers.",
363,359,r/SEO_Digital_Marketing,SEO,SEO-Spezialisten,CORE,WAHRSCHEINLICH_AKTIV_PROXY,NOT_FLAGGED,VERIFY_ACTIVITY_THEN_SCAN,False,0,"Profession/business/operator-oriented community with recurring workflows, software/process spend and identifiable buyers.",
364,360,r/SEO_Talk,SEO,SEO-Spezialisten,CORE,PRUEFEN,NOT_FLAGGED,VERIFY_ACTIVITY_THEN_SCAN,False,0,"Profession/business/operator-oriented community with recurring workflows, software/process spend and identifiable buyers.",
365,361,r/seogrowth,SEO,SEO-Spezialisten,CORE,WAHRSCHEINLICH_AKTIV_PROXY,NOT_FLAGGED,VERIFY_ACTIVITY_THEN_SCAN,False,0,"Profession/business/operator-oriented community with recurring workflows, software/process spend and identifiable buyers.",
366,362,r/TechSEO,SEO,SEO-Spezialisten,CORE,WAHRSCHEINLICH_AKTIV_PROXY,NOT_FLAGGED,VERIFY_ACTIVITY_THEN_SCAN,False,0,"Profession/business/operator-oriented community with recurring workflows, software/process spend and identifiable buyers.",
367,363,r/The_SEO,SEO,SEO-Spezialisten,CORE,PRUEFEN,NOT_FLAGGED,VERIFY_ACTIVITY_THEN_SCAN,False,0,"Profession/business/operator-oriented community with recurring workflows, software/process spend and identifiable buyers.",
368,367,r/homelab,Tech_Gadgets,"Tech-/Gadget-Fans, Maker",CORE,PRUEFEN,NOT_FLAGGED,VERIFY_ACTIVITY_THEN_SCAN,False,0,Direct operator/professional/business workflow source with strong recurring process and spending potential.,
369,369,r/3Dprinting,3DPrinting,"3D-Druck, Blender/Modeling",PILOT,ACTIVE_VERIFIED_2026-09,NOT_FLAGGED,SCAN_SMALL_PILOT,True,150,"Relevant practitioner/prosumer source, but signal density and buyer quality should be measured before permanent scanning.",
370,373,r/Leathercraft,Crafts_Makers_Sellers,"Maker, Künstler, Handarbeits-, Craft-Seller",PILOT,ACTIVE_VERIFIED_2026-09,NOT_FLAGGED,SCAN_SMALL_PILOT,True,150,Equipment/software-heavy prosumer niche with possible commercial workflows.,
371,374,r/Machine_Embroidery,Crafts_Makers_Sellers,"Maker, Künstler, Handarbeits-, Craft-Seller",PILOT,ACTIVE_VERIFIED_2026-09,NOT_FLAGGED,SCAN_SMALL_PILOT,True,150,Equipment/software-heavy prosumer niche with possible commercial workflows.,
372,375,r/ResinCasting,Crafts_Makers_Sellers,"Maker, Künstler, Handarbeits-, Craft-Seller",PILOT,ACTIVE_VERIFIED_2026-09,NOT_FLAGGED,SCAN_SMALL_PILOT,True,150,Equipment/software-heavy prosumer niche with possible commercial workflows.,
373,376,r/screenprinting,Crafts_Makers_Sellers,"Maker, Künstler, Handarbeits-, Craft-Seller",PILOT,ACTIVE_VERIFIED_2026-09,NOT_FLAGGED,SCAN_SMALL_PILOT,True,150,Equipment/software-heavy prosumer niche with possible commercial workflows.,
374,377,r/Sublimation,Crafts_Makers_Sellers,"Maker, Künstler, Handarbeits-, Craft-Seller",PILOT,ACTIVE_NICHE_VERIFIED_2026-09,NOT_FLAGGED,SCAN_SMALL_PILOT,True,150,Equipment/software-heavy prosumer niche with possible commercial workflows.,
375,378,r/watchmaking,Crafts_Makers_Sellers,Watchmakers / hobbyists,PILOT,ACTIVE_VERIFIED_2026-09,NOT_FLAGGED,SCAN_SMALL_PILOT,True,150,"Relevant practitioner/prosumer source, but signal density and buyer quality should be measured before permanent scanning.",
376,379,r/watchrepair,Crafts_Makers_Sellers,Watch repairers,PILOT,ACTIVE_VERIFIED_2026-09,NOT_FLAGGED,SCAN_SMALL_PILOT,True,150,"Relevant practitioner/prosumer source, but signal density and buyer quality should be measured before permanent scanning.",
377,382,r/animationcareer,Creator_Freelance_Media,"Creator, Freelancer, Podcaster, Video-/VFX-/Voice-, Content-Profis",PILOT,ACTIVE_VERIFIED_2026-09,NOT_FLAGGED,SCAN_SMALL_PILOT,True,150,"Relevant practitioner/prosumer source, but signal density and buyer quality should be measured before permanent scanning.",
378,383,r/PartneredYoutube,Creator_Freelance_Media,"Creator, Freelancer, Podcaster, Video-/VFX-/Voice-, Content-Profis",PILOT,ACTIVE_VERIFIED_2026-09,NOT_FLAGGED,SCAN_SMALL_PILOT,True,150,"Relevant practitioner/prosumer source, but signal density and buyer quality should be measured before permanent scanning.",
379,384,r/podcasters,Creator_Freelance_Media,"Creator, Freelancer, Podcaster, Video-/VFX-/Voice-, Content-Profis",PILOT,ACTIVE_NICHE_VERIFIED_2026-09,NOT_FLAGGED,SCAN_SMALL_PILOT,True,150,"Relevant practitioner/prosumer source, but signal density and buyer quality should be measured before permanent scanning.",
380,385,r/podcasting,Creator_Freelance_Media,"Creator, Freelancer, Podcaster, Video-/VFX-/Voice-, Content-Profis",PILOT,ACTIVE_VERIFIED_2026-09,NOT_FLAGGED,SCAN_SMALL_PILOT,True,150,"Relevant practitioner/prosumer source, but signal density and buyer quality should be measured before permanent scanning.",
381,386,r/Twitch,Creator_Freelance_Media,"Creator, Freelancer, Podcaster, Video-/VFX-/Voice-, Content-Profis",PILOT,ACTIVE_VERIFIED_2026-09,NOT_FLAGGED,SCAN_SMALL_PILOT,True,150,"Relevant practitioner/prosumer source, but signal density and buyer quality should be measured before permanent scanning.",
382,387,r/UGCcreators,Creator_Freelance_Media,"Creator, Freelancer, Podcaster, Video-/VFX-/Voice-, Content-Profis",PILOT,ACTIVE_VERIFIED_2026-09,NOT_FLAGGED,SCAN_SMALL_PILOT,True,150,"Relevant practitioner/prosumer source, but signal density and buyer quality should be measured before permanent scanning.",
383,388,r/vfx,Creator_Freelance_Media,"Creator, Freelancer, Podcaster, Video-/VFX-/Voice-, Content-Profis",PILOT,ACTIVE_VERIFIED_2026-09,NOT_FLAGGED,SCAN_SMALL_PILOT,True,150,"Relevant practitioner/prosumer source, but signal density and buyer quality should be measured before permanent scanning.",
384,389,r/virtualassistants,Creator_Freelance_Media,Virtual assistants,PILOT,ACTIVE_VERIFIED_2026-09,NOT_FLAGGED,SCAN_SMALL_PILOT,True,150,"Relevant practitioner/prosumer source, but signal density and buyer quality should be measured before permanent scanning.",
385,390,r/voiceacting,Creator_Freelance_Media,"Creator, Freelancer, Podcaster, Video-/VFX-/Voice-, Content-Profis",PILOT,ACTIVE_VERIFIED_2026-09,NOT_FLAGGED,SCAN_SMALL_PILOT,True,150,"Relevant practitioner/prosumer source, but signal density and buyer quality should be measured before permanent scanning.",
386,391,r/VoiceWork,Creator_Freelance_Media,"Creator, Freelancer, Podcaster, Video-/VFX-/Voice-, Content-Profis",PILOT,ACTIVE_VERIFIED_2026-09,NOT_FLAGGED,SCAN_SMALL_PILOT,True,150,"Relevant practitioner/prosumer source, but signal density and buyer quality should be measured before permanent scanning.",
387,440,r/academia,Education,"Lehrkräfte, Hochschulen, Beratung, Bibliotheken, Early Childhood, Instructional Design",PILOT,ACTIVE_VERIFIED_2026-09,NOT_FLAGGED,SCAN_SMALL_PILOT,True,150,Education professional community; test for admin/workflow/tool pain.,
388,442,r/ECEProfessionals,Education,"Lehrkräfte, Hochschulen, Beratung, Bibliotheken, Early Childhood, Instructional Design",PILOT,ACTIVE_VERIFIED_2026-09,NOT_FLAGGED,SCAN_SMALL_PILOT,True,150,"Relevant practitioner/prosumer source, but signal density and buyer quality should be measured before permanent scanning.",
389,443,r/Professors,Education,"Lehrkräfte, Hochschulen, Beratung, Bibliotheken, Early Childhood, Instructional Design",PILOT,ACTIVE_VERIFIED_2026-09,NOT_FLAGGED,SCAN_SMALL_PILOT,True,150,"Relevant practitioner/prosumer source, but signal density and buyer quality should be measured before permanent scanning.",
390,444,r/schoolcounseling,Education,"Lehrkräfte, Hochschulen, Beratung, Bibliotheken, Early Childhood, Instructional Design",PILOT,ACTIVE_VERIFIED_2026-09,NOT_FLAGGED,SCAN_SMALL_PILOT,True,150,"Relevant practitioner/prosumer source, but signal density and buyer quality should be measured before permanent scanning.",
391,446,r/specialed,Education,"Lehrkräfte, Hochschulen, Beratung, Bibliotheken, Early Childhood, Instructional Design",PILOT,ACTIVE_VERIFIED_2026-09,NOT_FLAGGED,SCAN_SMALL_PILOT,True,150,"Relevant practitioner/prosumer source, but signal density and buyer quality should be measured before permanent scanning.",
392,448,r/Tutors,Education,Tutors / tutoring businesses,PILOT,ACTIVE_VERIFIED_2026-09,NOT_FLAGGED,SCAN_SMALL_PILOT,True,150,"Relevant practitioner/prosumer source, but signal density and buyer quality should be measured before permanent scanning.",
393,459,r/roasting,Food_Hobbies_Prosumers,"Food-, Beverage-Prosumer",PILOT,ACTIVE_NICHE_VERIFIED_2026-09,NOT_FLAGGED,SCAN_SMALL_PILOT,True,150,"Relevant practitioner/prosumer source, but signal density and buyer quality should be measured before permanent scanning.",
394,460,r/winemaking,Food_Hobbies_Prosumers,"Food-, Beverage-Prosumer",PILOT,ACTIVE_VERIFIED_2026-09,NOT_FLAGGED,SCAN_SMALL_PILOT,True,150,"Relevant practitioner/prosumer source, but signal density and buyer quality should be measured before permanent scanning.",
395,470,r/DentalAssistant,Healthcare_Clinical,"Gesundheitsberufe, Praxen, Labore, klinische Fachkräfte",PILOT,ACTIVE_NICHE_VERIFIED_2026-09,NOT_FLAGGED,SCAN_SMALL_PILOT,True,150,Professional healthcare source; potentially useful operational pain but requires workflow-only extraction and sensitive-data safeguards.,
396,471,r/DentalHygiene,Healthcare_Clinical,"Gesundheitsberufe, Praxen, Labore, klinische Fachkräfte",PILOT,ACTIVE_VERIFIED_2026-09,NOT_FLAGGED,SCAN_SMALL_PILOT,True,150,"Relevant practitioner/prosumer source, but signal density and buyer quality should be measured before permanent scanning.",
397,472,r/Dentistry,Healthcare_Clinical,"Gesundheitsberufe, Praxen, Labore, klinische Fachkräfte",PILOT,ACTIVE_VERIFIED_2026-09,NOT_FLAGGED,SCAN_SMALL_PILOT,True,150,"Relevant practitioner/prosumer source, but signal density and buyer quality should be measured before permanent scanning.",
398,473,r/ems,Healthcare_Clinical,"Gesundheitsberufe, Praxen, Labore, klinische Fachkräfte",PILOT,ACTIVE_VERIFIED_2026-09,NOT_FLAGGED,SCAN_SMALL_PILOT,True,150,Professional healthcare source; potentially useful operational pain but requires workflow-only extraction and sensitive-data safeguards.,
399,475,r/medicine,Healthcare_Clinical,"Gesundheitsberufe, Praxen, Labore, klinische Fachkräfte",PILOT,ACTIVE_VERIFIED_2026-09,NOT_FLAGGED,SCAN_SMALL_PILOT,True,150,Professional healthcare source; potentially useful operational pain but requires workflow-only extraction and sensitive-data safeguards.,
400,476,r/medlabprofessionals,Healthcare_Clinical,"Gesundheitsberufe, Praxen, Labore, klinische Fachkräfte",PILOT,ACTIVE_VERIFIED_2026-09,NOT_FLAGGED,SCAN_SMALL_PILOT,True,150,"Relevant practitioner/prosumer source, but signal density and buyer quality should be measured before permanent scanning.",
401,477,r/NursePractitioner,Healthcare_Clinical,"Gesundheitsberufe, Praxen, Labore, klinische Fachkräfte",PILOT,ACTIVE_VERIFIED_2026-09,NOT_FLAGGED,SCAN_SMALL_PILOT,True,150,"Relevant practitioner/prosumer source, but signal density and buyer quality should be measured before permanent scanning.",
402,478,r/nursing,Healthcare_Clinical,"Gesundheitsberufe, Praxen, Labore, klinische Fachkräfte",PILOT,ACTIVE_VERIFIED_2026-09,NOT_FLAGGED,SCAN_SMALL_PILOT,True,150,"Relevant practitioner/prosumer source, but signal density and buyer quality should be measured before permanent scanning.",
403,480,r/occupationaltherapy,Healthcare_Clinical,"Gesundheitsberufe, Praxen, Labore, klinische Fachkräfte",PILOT,ACTIVE_VERIFIED_2026-09,NOT_FLAGGED,SCAN_SMALL_PILOT,True,150,Professional healthcare source; potentially useful operational pain but requires workflow-only extraction and sensitive-data safeguards.,
404,481,r/optometry,Healthcare_Clinical,"Gesundheitsberufe, Praxen, Labore, klinische Fachkräfte",PILOT,ACTIVE_VERIFIED_2026-09,NOT_FLAGGED,SCAN_SMALL_PILOT,True,150,"Relevant practitioner/prosumer source, but signal density and buyer quality should be measured before permanent scanning.",
405,482,r/Paramedics,Healthcare_Clinical,"Gesundheitsberufe, Praxen, Labore, klinische Fachkräfte",PILOT,ACTIVE_VERIFIED_2026-09,NOT_FLAGGED,SCAN_SMALL_PILOT,True,150,"Relevant practitioner/prosumer source, but signal density and buyer quality should be measured before permanent scanning.",
406,483,r/pharmacy,Healthcare_Clinical,"Gesundheitsberufe, Praxen, Labore, klinische Fachkräfte",PILOT,ACTIVE_VERIFIED_2026-09,NOT_FLAGGED,SCAN_SMALL_PILOT,True,150,"Relevant practitioner/prosumer source, but signal density and buyer quality should be measured before permanent scanning.",
407,485,r/PhysicalTherapists,Healthcare_Clinical,Physical therapists,PILOT,ACTIVE_NICHE_VERIFIED_2026-09,NOT_FLAGGED,SCAN_SMALL_PILOT,True,150,"Relevant practitioner/prosumer source, but signal density and buyer quality should be measured before permanent scanning.",
408,486,r/physicianassistant,Healthcare_Clinical,"Gesundheitsberufe, Praxen, Labore, klinische Fachkräfte",PILOT,ACTIVE_VERIFIED_2026-09,NOT_FLAGGED,SCAN_SMALL_PILOT,True,150,"Relevant practitioner/prosumer source, but signal density and buyer quality should be measured before permanent scanning.",
409,487,r/Radiology,Healthcare_Clinical,"Gesundheitsberufe, Praxen, Labore, klinische Fachkräfte",PILOT,ACTIVE_VERIFIED_2026-09,NOT_FLAGGED,SCAN_SMALL_PILOT,True,150,Professional healthcare source; potentially useful operational pain but requires workflow-only extraction and sensitive-data safeguards.,
410,488,r/RadiologyTech,Healthcare_Clinical,Radiology technologists,PILOT,ACTIVE_VERIFIED_2026-09,NOT_FLAGGED,SCAN_SMALL_PILOT,True,150,"Relevant practitioner/prosumer source, but signal density and buyer quality should be measured before permanent scanning.",
411,489,r/respiratorytherapy,Healthcare_Clinical,"Gesundheitsberufe, Praxen, Labore, klinische Fachkräfte",PILOT,ACTIVE_VERIFIED_2026-09,NOT_FLAGGED,SCAN_SMALL_PILOT,True,150,"Relevant practitioner/prosumer source, but signal density and buyer quality should be measured before permanent scanning.",
412,490,r/slp,Healthcare_Clinical,"Gesundheitsberufe, Praxen, Labore, klinische Fachkräfte",PILOT,ACTIVE_VERIFIED_2026-09,NOT_FLAGGED,SCAN_SMALL_PILOT,True,150,Professional healthcare source; potentially useful operational pain but requires workflow-only extraction and sensitive-data safeguards.,
413,491,r/Sonographers,Healthcare_Clinical,"Gesundheitsberufe, Praxen, Labore, klinische Fachkräfte",PILOT,ACTIVE_NICHE_VERIFIED_2026-09,NOT_FLAGGED,SCAN_SMALL_PILOT,True,150,"Relevant practitioner/prosumer source, but signal density and buyer quality should be measured before permanent scanning.",
414,492,r/speechpathology,Healthcare_Clinical,Speech-language pathologists,PILOT,ACTIVE_NICHE_VERIFIED_2026-09,NOT_FLAGGED,SCAN_SMALL_PILOT,True,150,"Relevant practitioner/prosumer source, but signal density and buyer quality should be measured before permanent scanning.",
415,493,r/Ultrasound,Healthcare_Clinical,Ultrasound / sonography community,PILOT,ACTIVE_VERIFIED_2026-09,NOT_FLAGGED,SCAN_SMALL_PILOT,True,150,Professional healthcare source; potentially useful operational pain but requires workflow-only extraction and sensitive-data safeguards.,
416,494,r/Veterinary,Healthcare_Clinical,"Gesundheitsberufe, Praxen, Labore, klinische Fachkräfte",PILOT,ACTIVE_VERIFIED_2026-09,NOT_FLAGGED,SCAN_SMALL_PILOT,True,150,"Relevant practitioner/prosumer source, but signal density and buyer quality should be measured before permanent scanning.",
417,495,r/VetTech,Healthcare_Clinical,"Gesundheitsberufe, Praxen, Labore, klinische Fachkräfte",PILOT,ACTIVE_VERIFIED_2026-09,NOT_FLAGGED,SCAN_SMALL_PILOT,True,150,"Relevant practitioner/prosumer source, but signal density and buyer quality should be measured before permanent scanning.",
418,496,r/firefighting,Nonprofit_PublicService,"Nonprofits, Grant Writer, Fundraising, öffentliche/Community-Berufe",PILOT,ACTIVE_VERIFIED_2026-09,NOT_FLAGGED,SCAN_SMALL_PILOT,True,150,Professional/monetizable workflow source with variable buyer authority; suitable for measured pilot.,
419,498,r/grantwriting,Nonprofit_PublicService,"Nonprofits, Grant Writer, Fundraising, öffentliche/Community-Berufe",PILOT,ACTIVE_VERIFIED_2026-09,NOT_FLAGGED,SCAN_SMALL_PILOT,True,150,"Relevant practitioner/prosumer source, but signal density and buyer quality should be measured before permanent scanning.",
420,499,r/nonprofit,Nonprofit_PublicService,"Nonprofits, Grant Writer, Fundraising, öffentliche/Community-Berufe",PILOT,ACTIVE_VERIFIED_2026-09,NOT_FLAGGED,SCAN_SMALL_PILOT,True,150,"Relevant practitioner/prosumer source, but signal density and buyer quality should be measured before permanent scanning.",
421,500,r/ProtectAndServe,Nonprofit_PublicService,"Nonprofits, Grant Writer, Fundraising, öffentliche/Community-Berufe",PILOT,ACTIVE_VERIFIED_2026-09,NOT_FLAGGED,SCAN_SMALL_PILOT,True,150,Professional/monetizable workflow source with variable buyer authority; suitable for measured pilot.,
422,502,r/AmazonFlexDrivers,Side_Hustle_Gig,"Side-Hustler, Gig Worker, Fahrer, Shopper, lokale Plattformarbeiter",PILOT,ACTIVE_VERIFIED_2026-09,NOT_FLAGGED,SCAN_SMALL_PILOT,True,150,"Relevant practitioner/prosumer source, but signal density and buyer quality should be measured before permanent scanning.",
423,503,r/GigEconomy,Side_Hustle_Gig,Gig workers / platform workers,PILOT,ACTIVE_VERIFIED_2026-09,NOT_FLAGGED,SCAN_SMALL_PILOT,True,150,"Relevant practitioner/prosumer source, but signal density and buyer quality should be measured before permanent scanning.",
424,504,r/GigWork,Side_Hustle_Gig,Gig workers,PILOT,ACTIVE_VERIFIED_2026-09,NOT_FLAGGED,SCAN_SMALL_PILOT,True,150,"Relevant practitioner/prosumer source, but signal density and buyer quality should be measured before permanent scanning.",
425,505,r/InstacartShoppers,Side_Hustle_Gig,"Side-Hustler, Gig Worker, Fahrer, Shopper, lokale Plattformarbeiter",PILOT,ACTIVE_VERIFIED_2026-09,NOT_FLAGGED,SCAN_SMALL_PILOT,True,150,"Relevant practitioner/prosumer source, but signal density and buyer quality should be measured before permanent scanning.",
426,506,r/RoverPetSitting,Side_Hustle_Gig,"Side-Hustler, Gig Worker, Fahrer, Shopper, lokale Plattformarbeiter",PILOT,ACTIVE_VERIFIED_2026-09,NOT_FLAGGED,SCAN_SMALL_PILOT,True,150,"Relevant practitioner/prosumer source, but signal density and buyer quality should be measured before permanent scanning.",
427,507,r/ShiptShoppers,Side_Hustle_Gig,"Side-Hustler, Gig Worker, Fahrer, Shopper, lokale Plattformarbeiter",PILOT,ACTIVE_VERIFIED_2026-09,NOT_FLAGGED,SCAN_SMALL_PILOT,True,150,"Relevant practitioner/prosumer source, but signal density and buyer quality should be measured before permanent scanning.",
428,508,r/sweatystartup,Side_Hustle_Gig,"Side-Hustler, Gig Worker, Fahrer, Shopper, lokale Plattformarbeiter",PILOT,ACTIVE_VERIFIED_2026-09,NOT_FLAGGED,SCAN_SMALL_PILOT,True,150,"Relevant practitioner/prosumer source, but signal density and buyer quality should be measured before permanent scanning.",
429,509,r/TaskRabbit,Side_Hustle_Gig,"Side-Hustler, Gig Worker, Fahrer, Shopper, lokale Plattformarbeiter",PILOT,ACTIVE_VERIFIED_2026-09,NOT_FLAGGED,SCAN_SMALL_PILOT,True,150,"Relevant practitioner/prosumer source, but signal density and buyer quality should be measured before permanent scanning.",
430,511,r/AskElectronics,Tech_Hobbies_Makers,"Elektronik-, Netzwerk-, FPV-, Maker-Hobbyisten",PILOT,ACTIVE_VERIFIED_2026-09,NOT_FLAGGED,SCAN_SMALL_PILOT,True,150,"Relevant practitioner/prosumer source, but signal density and buyer quality should be measured before permanent scanning.",
431,512,r/diyelectronics,Tech_Hobbies_Makers,"Elektronik-, Netzwerk-, FPV-, Maker-Hobbyisten",PILOT,ACTIVE_VERIFIED_2026-09,NOT_FLAGGED,SCAN_SMALL_PILOT,True,150,"Relevant practitioner/prosumer source, but signal density and buyer quality should be measured before permanent scanning.",
432,513,r/HomeNetworking,Tech_Hobbies_Makers,"Elektronik-, Netzwerk-, FPV-, Maker-Hobbyisten",PILOT,ACTIVE_VERIFIED_2026-09,NOT_FLAGGED,SCAN_SMALL_PILOT,True,150,"Relevant practitioner/prosumer source, but signal density and buyer quality should be measured before permanent scanning.",
433,370,r/3Dprintmything,3DPrinting,"3D-Druck, Blender/Modeling",PILOT,AKTIV_NISCHE_PROXY,NOT_FLAGGED,VERIFY_ACTIVITY_FIRST,False,0,"Relevant practitioner/prosumer source, but signal density and buyer quality should be measured before permanent scanning.",
434,371,r/FixMyPrint,3DPrinting,"3D-Druck, Blender/Modeling",PILOT,WAHRSCHEINLICH_AKTIV_PROXY,NOT_FLAGGED,VERIFY_ACTIVITY_FIRST,False,0,"Relevant practitioner/prosumer source, but signal density and buyer quality should be measured before permanent scanning.",
435,372,r/functionalprint,3DPrinting,"3D-Druck, Blender/Modeling",PILOT,WAHRSCHEINLICH_AKTIV_PROXY,NOT_FLAGGED,VERIFY_ACTIVITY_FIRST,False,0,"Relevant practitioner/prosumer source, but signal density and buyer quality should be measured before permanent scanning.",
436,380,r/podcasts,Creator_Economy,"Creator, UGC-Macher, Solo-Brands",PILOT,PRUEFEN,NOT_FLAGGED,VERIFY_ACTIVITY_FIRST,False,0,"Monetizing creator/professional workflow; useful for tools, client work, production and platform pain.",
437,381,r/ugc,Creator_Economy,"Creator, UGC-Macher, Solo-Brands",PILOT,AKTIV_NISCHE_PROXY,NOT_FLAGGED,VERIFY_ACTIVITY_FIRST,False,0,"Monetizing creator/professional workflow; useful for tools, client work, production and platform pain.",
438,392,r/analytics,DataScience,Data-Science/-Engineering,PILOT,WAHRSCHEINLICH_AKTIV_PROXY,NOT_FLAGGED,VERIFY_ACTIVITY_FIRST,False,0,"Technical professional community with tooling/integration potential, but support and career noise expected.",
439,393,r/bigdata,DataScience,Data-Science/-Engineering,PILOT,WAHRSCHEINLICH_AKTIV_PROXY,NOT_FLAGGED,VERIFY_ACTIVITY_FIRST,False,0,"Technical professional community with tooling/integration potential, but support and career noise expected.",
440,394,r/bigdata_analytics,DataScience,Data-Science/-Engineering,PILOT,AKTIV_NISCHE_PROXY,NOT_FLAGGED,VERIFY_ACTIVITY_FIRST,False,0,"Technical professional community with tooling/integration potential, but support and career noise expected.",
441,395,r/bioinformatics,DataScience,Data-Science/-Engineering,PILOT,PRUEFEN,NOT_FLAGGED,VERIFY_ACTIVITY_FIRST,False,0,"Technical professional community with tooling/integration potential, but support and career noise expected.",
442,396,r/BusinessIntelligence,DataScience,Data-Science/-Engineering,PILOT,WAHRSCHEINLICH_AKTIV_PROXY,NOT_FLAGGED,VERIFY_ACTIVITY_FIRST,False,0,"Technical professional community with tooling/integration potential, but support and career noise expected.",
443,397,r/data,DataScience,Data-Science/-Engineering,PILOT,WAHRSCHEINLICH_AKTIV_PROXY,NOT_FLAGGED,VERIFY_ACTIVITY_FIRST,False,0,"Technical professional community with tooling/integration potential, but support and career noise expected.",
444,398,r/dataanalysis,DataScience,Data-Science/-Engineering,PILOT,WAHRSCHEINLICH_AKTIV_PROXY,NOT_FLAGGED,VERIFY_ACTIVITY_FIRST,False,0,"Technical professional community with tooling/integration potential, but support and career noise expected.",
445,399,r/dataanalytics,DataScience,Data-Science/-Engineering,PILOT,WAHRSCHEINLICH_AKTIV_PROXY,NOT_FLAGGED,VERIFY_ACTIVITY_FIRST,False,0,"Technical professional community with tooling/integration potential, but support and career noise expected.",
446,400,r/Database,DataScience,Data-Science/-Engineering,PILOT,PRUEFEN,NOT_FLAGGED,VERIFY_ACTIVITY_FIRST,False,0,"Technical professional community with tooling/integration potential, but support and career noise expected.",
447,401,r/dataengineering,DataScience,Data-Science/-Engineering,PILOT,WAHRSCHEINLICH_AKTIV_PROXY,NOT_FLAGGED,VERIFY_ACTIVITY_FIRST,False,0,"Technical professional community with tooling/integration potential, but support and career noise expected.",
448,402,r/dataisbeautiful,DataScience,Data-Science/-Engineering,PILOT,PRUEFEN,NOT_FLAGGED,VERIFY_ACTIVITY_FIRST,False,0,"Technical professional community with tooling/integration potential, but support and career noise expected.",
449,403,r/datascience,DataScience,Data-Science/-Engineering,PILOT,WAHRSCHEINLICH_AKTIV_PROXY,NOT_FLAGGED,VERIFY_ACTIVITY_FIRST,False,0,"Technical professional community with tooling/integration potential, but support and career noise expected.",
450,404,r/datascientists,DataScience,Data-Science/-Engineering,PILOT,PRUEFEN,NOT_FLAGGED,VERIFY_ACTIVITY_FIRST,False,0,"Technical professional community with tooling/integration potential, but support and career noise expected.",
451,405,r/datasets,DataScience,Data-Science/-Engineering,PILOT,WAHRSCHEINLICH_AKTIV_PROXY,NOT_FLAGGED,VERIFY_ACTIVITY_FIRST,False,0,"Technical professional community with tooling/integration potential, but support and career noise expected.",
452,406,r/gis,DataScience,Data-Science/-Engineering,PILOT,PRUEFEN,NOT_FLAGGED,VERIFY_ACTIVITY_FIRST,False,0,"Technical professional community with tooling/integration potential, but support and career noise expected.",
453,407,r/MachineLearning,DataScience,Data-Science/-Engineering,PILOT,WAHRSCHEINLICH_AKTIV_PROXY,NOT_FLAGGED,VERIFY_ACTIVITY_FIRST,False,0,"Technical professional community with tooling/integration potential, but support and career noise expected.",
454,408,r/rstats,DataScience,Data-Science/-Engineering,PILOT,PRUEFEN,NOT_FLAGGED,VERIFY_ACTIVITY_FIRST,False,0,"Technical professional community with tooling/integration potential, but support and career noise expected.",
455,409,r/SQL,DataScience,Data-Science/-Engineering,PILOT,PRUEFEN,NOT_FLAGGED,VERIFY_ACTIVITY_FIRST,False,0,"Technical professional community with tooling/integration potential, but support and career noise expected.",
456,410,r/SQLServer,DataScience,Data-Science/-Engineering,PILOT,PRUEFEN,NOT_FLAGGED,VERIFY_ACTIVITY_FIRST,False,0,"Technical professional community with tooling/integration potential, but support and career noise expected.",
457,411,r/statistics,DataScience,Data-Science/-Engineering,PILOT,WAHRSCHEINLICH_AKTIV_PROXY,NOT_FLAGGED,VERIFY_ACTIVITY_FIRST,False,0,"Technical professional community with tooling/integration potential, but support and career noise expected.",
458,412,r/thewebscrapingclub,DataScience,Data-Science/-Engineering,PILOT,PRUEFEN,NOT_FLAGGED,VERIFY_ACTIVITY_FIRST,False,0,"Technical professional community with tooling/integration potential, but support and career noise expected.",
459,413,r/graphic_design,Design,Designer (Graphic/UX/UI),PILOT,WAHRSCHEINLICH_AKTIV_PROXY,NOT_FLAGGED,VERIFY_ACTIVITY_FIRST,False,0,"Relevant practitioner/prosumer source, but signal density and buyer quality should be measured before permanent scanning.",
460,414,r/aws,DevOps_Cloud,DevOps-/Cloud-Engineers,PILOT,WAHRSCHEINLICH_AKTIV_PROXY,NOT_FLAGGED,VERIFY_ACTIVITY_FIRST,False,0,"Technical professional community with tooling/integration potential, but support and career noise expected.",
461,415,r/aws_cdk,DevOps_Cloud,DevOps-/Cloud-Engineers,PILOT,PRUEFEN,NOT_FLAGGED,VERIFY_ACTIVITY_FIRST,False,0,"Technical professional community with tooling/integration potential, but support and career noise expected.",
462,416,r/AWS_Certified_Experts,DevOps_Cloud,DevOps-/Cloud-Engineers,PILOT,AKTIV_NISCHE_PROXY,NOT_FLAGGED,VERIFY_ACTIVITY_FIRST,False,0,"Technical professional community with tooling/integration potential, but support and career noise expected.",
463,417,r/AWS_cloud,DevOps_Cloud,DevOps-/Cloud-Engineers,PILOT,WAHRSCHEINLICH_AKTIV_PROXY,NOT_FLAGGED,VERIFY_ACTIVITY_FIRST,False,0,"Technical professional community with tooling/integration potential, but support and career noise expected.",
464,418,r/AWSCertificationsTalk,DevOps_Cloud,DevOps-/Cloud-Engineers,PILOT,PRUEFEN,NOT_FLAGGED,VERIFY_ACTIVITY_FIRST,False,0,"Technical professional community with tooling/integration potential, but support and career noise expected.",
465,419,r/AZURE,DevOps_Cloud,DevOps-/Cloud-Engineers,PILOT,WAHRSCHEINLICH_AKTIV_PROXY,NOT_FLAGGED,VERIFY_ACTIVITY_FIRST,False,0,"Technical professional community with tooling/integration potential, but support and career noise expected.",
466,420,r/azuredevops,DevOps_Cloud,DevOps-/Cloud-Engineers,PILOT,WAHRSCHEINLICH_AKTIV_PROXY,NOT_FLAGGED,VERIFY_ACTIVITY_FIRST,False,0,"Technical professional community with tooling/integration potential, but support and career noise expected.",
467,421,r/Cloud,DevOps_Cloud,DevOps-/Cloud-Engineers,PILOT,WAHRSCHEINLICH_AKTIV_PROXY,NOT_FLAGGED,VERIFY_ACTIVITY_FIRST,False,0,"Technical professional community with tooling/integration potential, but support and career noise expected.",
468,422,r/cloudcomputing,DevOps_Cloud,DevOps-/Cloud-Engineers,PILOT,WAHRSCHEINLICH_AKTIV_PROXY,NOT_FLAGGED,VERIFY_ACTIVITY_FIRST,False,0,"Technical professional community with tooling/integration potential, but support and career noise expected.",
469,423,r/computing,DevOps_Cloud,DevOps-/Cloud-Engineers,PILOT,AKTIV_NISCHE_PROXY,NOT_FLAGGED,VERIFY_ACTIVITY_FIRST,False,0,"Technical professional community with tooling/integration potential, but support and career noise expected.",
470,424,r/devops,DevOps_Cloud,DevOps-/Cloud-Engineers,PILOT,WAHRSCHEINLICH_AKTIV_PROXY,NOT_FLAGGED,VERIFY_ACTIVITY_FIRST,False,0,"Technical professional community with tooling/integration potential, but support and career noise expected.",
471,425,r/devopsjobs,DevOps_Cloud,DevOps-/Cloud-Engineers,PILOT,WAHRSCHEINLICH_AKTIV_PROXY,NOT_FLAGGED,VERIFY_ACTIVITY_FIRST,False,0,"Technical professional community with tooling/integration potential, but support and career noise expected.",
472,426,r/DevOpsLinks,DevOps_Cloud,DevOps-/Cloud-Engineers,PILOT,AKTIV_NISCHE_PROXY,NOT_FLAGGED,VERIFY_ACTIVITY_FIRST,False,0,"Technical professional community with tooling/integration potential, but support and career noise expected.",
473,427,r/DevOpsSec,DevOps_Cloud,DevOps-/Cloud-Engineers,PILOT,PRUEFEN,NOT_FLAGGED,VERIFY_ACTIVITY_FIRST,False,0,"Technical professional community with tooling/integration potential, but support and career noise expected.",
474,428,r/Docker_DevOps,DevOps_Cloud,DevOps-/Cloud-Engineers,PILOT,AKTIV_NISCHE_PROXY,NOT_FLAGGED,VERIFY_ACTIVITY_FIRST,False,0,"Technical professional community with tooling/integration potential, but support and career noise expected.",
475,429,r/ExperiencedDevOps,DevOps_Cloud,DevOps-/Cloud-Engineers,PILOT,PRUEFEN,NOT_FLAGGED,VERIFY_ACTIVITY_FIRST,False,0,"Technical professional community with tooling/integration potential, but support and career noise expected.",
476,430,r/ExperiencedDevs,DevOps_Cloud,DevOps-/Cloud-Engineers,PILOT,WAHRSCHEINLICH_AKTIV_PROXY,NOT_FLAGGED,VERIFY_ACTIVITY_FIRST,False,0,"Technical professional community with tooling/integration potential, but support and career noise expected.",
477,431,r/googlecloud,DevOps_Cloud,DevOps-/Cloud-Engineers,PILOT,WAHRSCHEINLICH_AKTIV_PROXY,NOT_FLAGGED,VERIFY_ACTIVITY_FIRST,False,0,"Technical professional community with tooling/integration potential, but support and career noise expected.",
478,432,r/KubernetesCerts,DevOps_Cloud,DevOps-/Cloud-Engineers,PILOT,PRUEFEN,NOT_FLAGGED,VERIFY_ACTIVITY_FIRST,False,0,"Technical professional community with tooling/integration potential, but support and career noise expected.",
479,433,r/linuxadmin,DevOps_Cloud,DevOps-/Cloud-Engineers,PILOT,PRUEFEN,NOT_FLAGGED,VERIFY_ACTIVITY_FIRST,False,0,"Technical professional community with tooling/integration potential, but support and career noise expected.",
480,434,r/networking,DevOps_Cloud,DevOps-/Cloud-Engineers,PILOT,PRUEFEN,NOT_FLAGGED,VERIFY_ACTIVITY_FIRST,False,0,"Technical professional community with tooling/integration potential, but support and career noise expected.",
481,435,r/platformengineering,DevOps_Cloud,DevOps-/Cloud-Engineers,PILOT,WAHRSCHEINLICH_AKTIV_PROXY,NOT_FLAGGED,VERIFY_ACTIVITY_FIRST,False,0,"Technical professional community with tooling/integration potential, but support and career noise expected.",
482,436,r/PlatformEngineers,DevOps_Cloud,DevOps-/Cloud-Engineers,PILOT,PRUEFEN,NOT_FLAGGED,VERIFY_ACTIVITY_FIRST,False,0,"Technical professional community with tooling/integration potential, but support and career noise expected.",
483,437,r/sre,DevOps_Cloud,DevOps-/Cloud-Engineers,PILOT,WAHRSCHEINLICH_AKTIV_PROXY,NOT_FLAGGED,VERIFY_ACTIVITY_FIRST,False,0,"Technical professional community with tooling/integration potential, but support and career noise expected.",
484,438,r/sysadmin,DevOps_Cloud,DevOps-/Cloud-Engineers,PILOT,PRUEFEN,NOT_FLAGGED,VERIFY_ACTIVITY_FIRST,False,0,"Technical professional community with tooling/integration potential, but support and career noise expected.",
485,439,r/Terraform,DevOps_Cloud,DevOps-/Cloud-Engineers,PILOT,WAHRSCHEINLICH_AKTIV_PROXY,NOT_FLAGGED,VERIFY_ACTIVITY_FIRST,False,0,"Technical professional community with tooling/integration potential, but support and career noise expected.",
486,441,r/Daycare,Education,Daycare operators/workers,PILOT,PRUEFEN,NOT_FLAGGED,VERIFY_ACTIVITY_FIRST,False,0,Education professional community; test for admin/workflow/tool pain.,
487,445,r/SchoolCounselors,Education,School counselors,PILOT,PRUEFEN,NOT_FLAGGED,VERIFY_ACTIVITY_FIRST,False,0,Education professional community; test for admin/workflow/tool pain.,
488,447,r/Teachers,Education,"Lernende, Studenten, Lehrer",PILOT,PRUEFEN,NOT_FLAGGED,VERIFY_ACTIVITY_FIRST,False,0,"Relevant practitioner/prosumer source, but signal density and buyer quality should be measured before permanent scanning.",
489,449,r/Newsletters,Email_Newsletter,Newsletter-/E-Mail-Marketer,PILOT,AKTIV_NISCHE_PROXY,NOT_FLAGGED,VERIFY_ACTIVITY_FIRST,False,0,Professional/monetizable workflow source with variable buyer authority; suitable for measured pilot.,
490,450,r/Substack,Email_Newsletter,Newsletter-/E-Mail-Marketer,PILOT,WAHRSCHEINLICH_AKTIV_PROXY,NOT_FLAGGED,VERIFY_ACTIVITY_FIRST,False,0,Professional/monetizable workflow source with variable buyer authority; suitable for measured pilot.,
491,451,r/cad,Engineering,Ingenieure (Mechanik/Elektro/CAD),PILOT,PRUEFEN,NOT_FLAGGED,VERIFY_ACTIVITY_FIRST,False,0,"Technical professional community with tooling/integration potential, but support and career noise expected.",
492,452,r/ECE,Engineering,Ingenieure (Mechanik/Elektro/CAD),PILOT,PRUEFEN,NOT_FLAGGED,VERIFY_ACTIVITY_FIRST,False,0,"Technical professional community with tooling/integration potential, but support and career noise expected.",
493,453,r/electronics,Engineering,Ingenieure (Mechanik/Elektro/CAD),PILOT,PRUEFEN,NOT_FLAGGED,VERIFY_ACTIVITY_FIRST,False,0,"Technical professional community with tooling/integration potential, but support and career noise expected.",
494,454,r/engineering,Engineering,Ingenieure (Mechanik/Elektro/CAD),PILOT,PRUEFEN,NOT_FLAGGED,VERIFY_ACTIVITY_FIRST,False,0,"Technical professional community with tooling/integration potential, but support and career noise expected.",
495,455,r/MechanicalEngineering,Engineering,Ingenieure (Mechanik/Elektro/CAD),PILOT,PRUEFEN,NOT_FLAGGED,VERIFY_ACTIVITY_FIRST,False,0,"Technical professional community with tooling/integration potential, but support and career noise expected.",
496,456,r/SolidWorks,Engineering,Ingenieure (Mechanik/Elektro/CAD),PILOT,PRUEFEN,NOT_FLAGGED,VERIFY_ACTIVITY_FIRST,False,0,"Technical professional community with tooling/integration potential, but support and career noise expected.",
497,457,r/Homebrewing,Food_Cooking,"Hobbykoeche, Foodies",PILOT,PRUEFEN,NOT_FLAGGED,VERIFY_ACTIVITY_FIRST,False,0,"Relevant practitioner/prosumer source, but signal density and buyer quality should be measured before permanent scanning.",
498,458,r/Coffee_Roasting,Food_Hobbies_Prosumers,Coffee roasters,PILOT,PRUEFEN,NOT_FLAGGED,VERIFY_ACTIVITY_FIRST,False,0,"Relevant practitioner/prosumer source, but signal density and buyer quality should be measured before permanent scanning.",
499,461,r/Fiverr,Freelance,"Freelancer, For-Hire",PILOT,WAHRSCHEINLICH_AKTIV_PROXY,NOT_FLAGGED,VERIFY_ACTIVITY_FIRST,False,0,"Relevant practitioner/prosumer source, but signal density and buyer quality should be measured before permanent scanning.",
500,462,r/forhire,Freelance,"Freelancer, For-Hire",PILOT,WAHRSCHEINLICH_AKTIV_PROXY,NOT_FLAGGED,VERIFY_ACTIVITY_FIRST,False,0,Professional/monetizable workflow source with variable buyer authority; suitable for measured pilot.,
501,463,r/freelance,Freelance,"Freelancer, For-Hire",PILOT,WAHRSCHEINLICH_AKTIV_PROXY,NOT_FLAGGED,VERIFY_ACTIVITY_FIRST,False,0,"Relevant practitioner/prosumer source, but signal density and buyer quality should be measured before permanent scanning.",
502,464,r/freelance_forhire,Freelance,"Freelancer, For-Hire",PILOT,WAHRSCHEINLICH_AKTIV_PROXY,NOT_FLAGGED,VERIFY_ACTIVITY_FIRST,False,0,Professional/monetizable workflow source with variable buyer authority; suitable for measured pilot.,
503,465,r/Freelancers,Freelance,"Freelancer, For-Hire",PILOT,WAHRSCHEINLICH_AKTIV_PROXY,NOT_FLAGGED,VERIFY_ACTIVITY_FIRST,False,0,"Relevant practitioner/prosumer source, but signal density and buyer quality should be measured before permanent scanning.",
504,466,r/freelanceWriters,Freelance,"Freelancer, For-Hire",PILOT,WAHRSCHEINLICH_AKTIV_PROXY,NOT_FLAGGED,VERIFY_ACTIVITY_FIRST,False,0,"Relevant practitioner/prosumer source, but signal density and buyer quality should be measured before permanent scanning.",
505,467,r/Upwork,Freelance,"Freelancer, For-Hire",PILOT,WAHRSCHEINLICH_AKTIV_PROXY,NOT_FLAGGED,VERIFY_ACTIVITY_FIRST,False,0,"Relevant practitioner/prosumer source, but signal density and buyer quality should be measured before permanent scanning.",
506,468,r/WorkOnline,Freelance,"Freelancer, For-Hire",PILOT,WAHRSCHEINLICH_AKTIV_PROXY,NOT_FLAGGED,VERIFY_ACTIVITY_FIRST,False,0,Professional/monetizable workflow source with variable buyer authority; suitable for measured pilot.,
507,469,r/Beekeeping,Gardening,"Gaertner, Pflanzen-Fans",PILOT,PRUEFEN,NOT_FLAGGED,VERIFY_ACTIVITY_FIRST,False,0,"Relevant practitioner/prosumer source, but signal density and buyer quality should be measured before permanent scanning.",
508,474,r/MedicalAssistants,Healthcare_Clinical,Medical assistants,PILOT,PRUEFEN,NOT_FLAGGED,VERIFY_ACTIVITY_FIRST,False,0,"Relevant practitioner/prosumer source, but signal density and buyer quality should be measured before permanent scanning.",
509,479,r/OccupationalTherapists,Healthcare_Clinical,Occupational therapists,PILOT,PRUEFEN,NOT_FLAGGED,VERIFY_ACTIVITY_FIRST,False,0,"Relevant practitioner/prosumer source, but signal density and buyer quality should be measured before permanent scanning.",
510,484,r/PharmacyTechnicians,Healthcare_Clinical,Pharmacy technicians,PILOT,PRUEFEN,NOT_FLAGGED,VERIFY_ACTIVITY_FIRST,False,0,"Relevant practitioner/prosumer source, but signal density and buyer quality should be measured before permanent scanning.",
511,497,r/fundraising,Nonprofit_PublicService,"Nonprofits, Grant Writer, Fundraising, öffentliche/Community-Berufe",PILOT,PRUEFEN,NOT_FLAGGED,VERIFY_ACTIVITY_FIRST,False,0,"Relevant practitioner/prosumer source, but signal density and buyer quality should be measured before permanent scanning.",
512,501,r/WeddingPhotography,Photography,Fotografen,PILOT,WAHRSCHEINLICH_AKTIV_PROXY,NOT_FLAGGED,VERIFY_ACTIVITY_FIRST,False,0,"Relevant practitioner/prosumer source, but signal density and buyer quality should be measured before permanent scanning.",
513,510,r/TaskRabbiters,Side_Hustle_Gig,TaskRabbit workers,PILOT,PRUEFEN,NOT_FLAGGED,VERIFY_ACTIVITY_FIRST,False,0,"Concrete operator/gig workflow with payments, scheduling and platform processes.",
514,514,r/buildapcvideoediting,Video_YouTube,"YouTuber, Video-Editoren",PILOT,AKTIV_NISCHE_PROXY,NOT_FLAGGED,VERIFY_ACTIVITY_FIRST,False,0,"Monetizing creator/professional workflow; useful for tools, client work, production and platform pain.",
515,515,r/VideoEditing,Video_YouTube,"YouTuber, Video-Editoren",PILOT,WAHRSCHEINLICH_AKTIV_PROXY,NOT_FLAGGED,VERIFY_ACTIVITY_FIRST,False,0,"Relevant practitioner/prosumer source, but signal density and buyer quality should be measured before permanent scanning.",
516,516,r/videography,Video_YouTube,"YouTuber, Video-Editoren",PILOT,WAHRSCHEINLICH_AKTIV_PROXY,NOT_FLAGGED,VERIFY_ACTIVITY_FIRST,False,0,"Relevant practitioner/prosumer source, but signal density and buyer quality should be measured before permanent scanning.",
517,517,r/ContentHacks,Writing_Content,"Autoren, Content-Writer",PILOT,PRUEFEN,NOT_FLAGGED,VERIFY_ACTIVITY_FIRST,False,0,Professional/monetizable workflow source with variable buyer authority; suitable for measured pilot.,
518,518,r/ghost_writings,Writing_Content,"Autoren, Content-Writer",PILOT,PRUEFEN,NOT_FLAGGED,VERIFY_ACTIVITY_FIRST,False,0,Professional/monetizable workflow source with variable buyer authority; suitable for measured pilot.,
519,519,r/KeepWriting,Writing_Content,"Autoren, Content-Writer",PILOT,WAHRSCHEINLICH_AKTIV_PROXY,NOT_FLAGGED,VERIFY_ACTIVITY_FIRST,False,0,Professional/monetizable workflow source with variable buyer authority; suitable for measured pilot.,
520,520,r/selfpublish,Writing_Content,"Autoren, Content-Writer",PILOT,PRUEFEN,NOT_FLAGGED,VERIFY_ACTIVITY_FIRST,False,0,Professional/monetizable workflow source with variable buyer authority; suitable for measured pilot.,
521,521,r/Write2Publish,Writing_Content,"Autoren, Content-Writer",PILOT,AKTIV_NISCHE_PROXY,NOT_FLAGGED,VERIFY_ACTIVITY_FIRST,False,0,Professional/monetizable workflow source with variable buyer authority; suitable for measured pilot.,
522,522,r/writers,Writing_Content,"Autoren, Content-Writer",PILOT,WAHRSCHEINLICH_AKTIV_PROXY,NOT_FLAGGED,VERIFY_ACTIVITY_FIRST,False,0,Professional/monetizable workflow source with variable buyer authority; suitable for measured pilot.,
523,523,r/writing,Writing_Content,"Autoren, Content-Writer",PILOT,PRUEFEN,NOT_FLAGGED,VERIFY_ACTIVITY_FIRST,False,0,Professional/monetizable workflow source with variable buyer authority; suitable for measured pilot.,
